{
	"credit": "Made with Blockbench",
	"textures": {
		"0": "./plate",
		"1": "./quartz",
		"2": "./brown_wool",
		"3": "./yellow_wool",
		"4": "./white_wool",
		"5": "./red_concrete",
		"6": "./green_wool",
		"particle": "./plate"
	},
	"elements": [
		{
			"from": [3.5, 0, 3.5],
			"to": [12.5, 1, 12.5],
			"faces": {
				"north": {"uv": [5.5, 0, 10.5, 1], "texture": "#0"},
				"east": {"uv": [5.5, 0, 10.5, 1], "texture": "#0"},
				"south": {"uv": [5.5, 0, 10.5, 1], "texture": "#0"},
				"west": {"uv": [5.5, 0, 10.5, 1], "texture": "#0"},
				"up": {"uv": [5.5, 0, 10.5, 1], "texture": "#0"},
				"down": {"uv": [5.5, 0, 10.5, 1], "texture": "#0"}
			}
		},
		{
			"from": [2.5, 0.5, 2.5],
			"to": [3.5, 1.5, 13.5],
			"rotation": {"angle": 0, "axis": "y", "origin": [6, 8, 8]},
			"faces": {
				"north": {"uv": [4.5, 0.5, 5.5, 1.5], "texture": "#0"},
				"east": {"uv": [4.5, 0.5, 5.5, 1.5], "texture": "#0"},
				"south": {"uv": [4.5, 0.5, 5.5, 1.5], "texture": "#0"},
				"west": {"uv": [4.5, 0.5, 5.5, 1.5], "texture": "#0"},
				"up": {"uv": [4.5, 0.5, 5.5, 1.5], "texture": "#0"},
				"down": {"uv": [4.5, 0.5, 5.5, 1.5], "texture": "#0"}
			}
		},
		{
			"from": [12.5, 0.5, 2.5],
			"to": [13.5, 1.5, 13.5],
			"rotation": {"angle": 0, "axis": "y", "origin": [10, 8, 8]},
			"faces": {
				"north": {"uv": [10.5, 0.5, 11.5, 1.5], "texture": "#0"},
				"east": {"uv": [10.5, 0.5, 11.5, 1.5], "texture": "#0"},
				"south": {"uv": [10.5, 0.5, 11.5, 1.5], "texture": "#0"},
				"west": {"uv": [10.5, 0.5, 11.5, 1.5], "texture": "#0"},
				"up": {"uv": [10.5, 0.5, 11.5, 1.5], "texture": "#0"},
				"down": {"uv": [10.5, 0.5, 11.5, 1.5], "texture": "#0"}
			}
		},
		{
			"from": [13.5, 0.5, 3.5],
			"to": [14.5, 1.5, 12.5],
			"rotation": {"angle": 0, "axis": "y", "origin": [10, 8, 8]},
			"faces": {
				"north": {"uv": [11.5, 0.5, 12.5, 1.5], "texture": "#0"},
				"east": {"uv": [11.5, 0.5, 12.5, 1.5], "texture": "#0"},
				"south": {"uv": [11.5, 0.5, 12.5, 1.5], "texture": "#0"},
				"west": {"uv": [11.5, 0.5, 12.5, 1.5], "texture": "#0"},
				"up": {"uv": [11.5, 0.5, 12.5, 1.5], "texture": "#0"},
				"down": {"uv": [11.5, 0.5, 12.5, 1.5], "texture": "#0"}
			}
		},
		{
			"from": [1.5, 0.5, 3.5],
			"to": [2.5, 1.5, 12.5],
			"rotation": {"angle": 0, "axis": "y", "origin": [6, 8, 8]},
			"faces": {
				"north": {"uv": [3.5, 0.5, 4.5, 1.5], "texture": "#0"},
				"east": {"uv": [3.5, 0.5, 4.5, 1.5], "texture": "#0"},
				"south": {"uv": [3.5, 0.5, 4.5, 1.5], "texture": "#0"},
				"west": {"uv": [3.5, 0.5, 4.5, 1.5], "texture": "#0"},
				"up": {"uv": [3.5, 0.5, 4.5, 1.5], "texture": "#0"},
				"down": {"uv": [3.5, 0.5, 4.5, 1.5], "texture": "#0"}
			}
		},
		{
			"from": [3.5, 0.5, 1.5],
			"to": [12.5, 1.5, 3.5],
			"rotation": {"angle": 0, "axis": "y", "origin": [8, 8, 6]},
			"faces": {
				"north": {"uv": [5.5, 0.5, 10.5, 1.5], "texture": "#0"},
				"east": {"uv": [5.5, 0.5, 10.5, 1.5], "texture": "#0"},
				"south": {"uv": [5.5, 0.5, 10.5, 1.5], "texture": "#0"},
				"west": {"uv": [5.5, 0.5, 10.5, 1.5], "texture": "#0"},
				"up": {"uv": [5.5, 0.5, 10.5, 1.5], "texture": "#0"},
				"down": {"uv": [5.5, 0.5, 10.5, 1.5], "texture": "#0"}
			}
		},
		{
			"from": [3.5, 0.5, 12.5],
			"to": [12.5, 1.5, 14.5],
			"rotation": {"angle": 0, "axis": "y", "origin": [8, 8, 10]},
			"faces": {
				"north": {"uv": [5.5, 0.5, 10.5, 1.5], "texture": "#0"},
				"east": {"uv": [5.5, 0.5, 10.5, 1.5], "texture": "#0"},
				"south": {"uv": [5.5, 0.5, 10.5, 1.5], "texture": "#0"},
				"west": {"uv": [5.5, 0.5, 10.5, 1.5], "texture": "#0"},
				"up": {"uv": [5.5, 0.5, 10.5, 1.5], "texture": "#0"},
				"down": {"uv": [5.5, 0.5, 10.5, 1.5], "texture": "#0"}
			}
		},
		{
			"from": [5.5, 1, 5.5],
			"to": [10.5, 2, 10.5],
			"rotation": {"angle": 0, "axis": "y", "origin": [8, 9, 8]},
			"faces": {
				"north": {"uv": [0, 0, 16, 16], "texture": "#1"},
				"east": {"uv": [0, 0, 16, 16], "texture": "#1"},
				"south": {"uv": [0, 0, 16, 16], "texture": "#1"},
				"west": {"uv": [0, 0, 16, 16], "texture": "#1"},
				"up": {"uv": [0, 0, 16, 16], "texture": "#1"},
				"down": {"uv": [0, 0, 16, 16], "texture": "#1"}
			}
		},
		{
			"from": [3.5, 2, 3.5],
			"to": [12.5, 3, 12.5],
			"rotation": {"angle": 0, "axis": "y", "origin": [8, 10, 8]},
			"faces": {
				"north": {"uv": [0, 0, 16, 16], "texture": "#1"},
				"east": {"uv": [0, 0, 16, 16], "texture": "#1"},
				"south": {"uv": [0, 0, 16, 16], "texture": "#1"},
				"west": {"uv": [0, 0, 16, 16], "texture": "#1"},
				"up": {"uv": [0, 0, 16, 16], "texture": "#1"},
				"down": {"uv": [0, 0, 16, 16], "texture": "#1"}
			}
		},
		{
			"from": [3.5, 3, 3.5],
			"to": [12.5, 7, 12.5],
			"rotation": {"angle": 0, "axis": "y", "origin": [8, 11, 8]},
			"faces": {
				"north": {"uv": [0, 0, 16, 16], "texture": "#1"},
				"east": {"uv": [0, 0, 16, 16], "texture": "#1"},
				"south": {"uv": [0, 0, 16, 16], "texture": "#1"},
				"west": {"uv": [0, 0, 16, 16], "texture": "#1"},
				"up": {"uv": [0, 0, 16, 16], "texture": "#2"},
				"down": {"uv": [0, 0, 16, 16], "texture": "#1"}
			}
		},
		{
			"from": [8.5, 6, 1.5],
			"to": [10.5, 8, 3.5],
			"rotation": {"angle": -45, "axis": "y", "origin": [7, 15, 6]},
			"faces": {
				"north": {"uv": [0, 0, 16, 16], "texture": "#4"},
				"east": {"uv": [0, 0, 16, 16], "texture": "#4"},
				"south": {"uv": [0, 0, 16, 16], "texture": "#4"},
				"west": {"uv": [0, 0, 16, 16], "texture": "#4"},
				"up": {"uv": [0, 0, 16, 16], "texture": "#4"},
				"down": {"uv": [0, 0, 16, 16], "texture": "#4"}
			}
		},
		{
			"from": [7.5, 6.8, 3.5],
			"to": [9.5, 8.8, 5.5],
			"rotation": {"angle": 0, "axis": "y", "origin": [6, 16, 7]},
			"faces": {
				"north": {"uv": [0, 0, 16, 16], "texture": "#4"},
				"east": {"uv": [0, 0, 16, 16], "texture": "#4"},
				"south": {"uv": [0, 0, 16, 16], "texture": "#4"},
				"west": {"uv": [0, 0, 16, 16], "texture": "#4"},
				"up": {"uv": [0, 0, 16, 16], "texture": "#4"},
				"down": {"uv": [0, 0, 16, 16], "texture": "#4"}
			}
		},
		{
			"from": [6.5, 6, 4.5],
			"to": [8.5, 8, 6.5],
			"rotation": {"angle": 22.5, "axis": "y", "origin": [5, 15, 8]},
			"faces": {
				"north": {"uv": [0, 0, 16, 16], "texture": "#4"},
				"east": {"uv": [0, 0, 16, 16], "texture": "#4"},
				"south": {"uv": [0, 0, 16, 16], "texture": "#4"},
				"west": {"uv": [0, 0, 16, 16], "texture": "#4"},
				"up": {"uv": [0, 0, 16, 16], "texture": "#4"},
				"down": {"uv": [0, 0, 16, 16], "texture": "#4"}
			}
		},
		{
			"from": [6.5, 6.5, 6.5],
			"to": [8.5, 8.5, 8.5],
			"rotation": {"angle": 45, "axis": "y", "origin": [5, 16, 10]},
			"faces": {
				"north": {"uv": [0, 0, 16, 16], "texture": "#4"},
				"east": {"uv": [0, 0, 16, 16], "texture": "#4"},
				"south": {"uv": [0, 0, 16, 16], "texture": "#4"},
				"west": {"uv": [0, 0, 16, 16], "texture": "#4"},
				"up": {"uv": [0, 0, 16, 16], "texture": "#4"},
				"down": {"uv": [0, 0, 16, 16], "texture": "#4"}
			}
		},
		{
			"from": [10.5, 6, 7.5],
			"to": [12.5, 8, 9.5],
			"rotation": {"angle": 45, "axis": "y", "origin": [9, 15, 11]},
			"faces": {
				"north": {"uv": [0, 14, 2, 16], "texture": "#3"},
				"east": {"uv": [0, 14, 2, 16], "texture": "#3"},
				"south": {"uv": [0, 14, 2, 16], "texture": "#3"},
				"west": {"uv": [0, 14, 2, 16], "texture": "#3"},
				"up": {"uv": [0, 0, 16, 16], "texture": "#3"},
				"down": {"uv": [0, 14, 2, 16], "texture": "#3"}
			}
		},
		{
			"from": [6.5, 6, 8.5],
			"to": [8.5, 8, 10.5],
			"rotation": {"angle": 22.5, "axis": "y", "origin": [5, 15, 12]},
			"faces": {
				"north": {"uv": [0, 14, 2, 16], "texture": "#3"},
				"east": {"uv": [0, 14, 2, 16], "texture": "#3"},
				"south": {"uv": [0, 14, 2, 16], "texture": "#3"},
				"west": {"uv": [0, 14, 2, 16], "texture": "#3"},
				"up": {"uv": [0, 0, 16, 16], "texture": "#3"},
				"down": {"uv": [0, 14, 2, 16], "texture": "#3"}
			}
		},
		{
			"from": [7.5, 6.6, 10.5],
			"to": [8, 7.1, 11],
			"rotation": {"angle": 0, "axis": "y", "origin": [6, 16, 14]},
			"faces": {
				"north": {"uv": [0, 0, 16, 16], "texture": "#6"},
				"east": {"uv": [0, 0, 16, 16], "texture": "#6"},
				"south": {"uv": [0, 0, 16, 16], "texture": "#6"},
				"west": {"uv": [0, 0, 16, 16], "texture": "#6"},
				"up": {"uv": [0, 0, 16, 16], "texture": "#6"},
				"down": {"uv": [0, 0, 16, 16], "texture": "#6"}
			}
		},
		{
			"from": [6.5, 6.6, 6.5],
			"to": [7, 7.1, 7],
			"rotation": {"angle": 0, "axis": "y", "origin": [5, 16, 10]},
			"faces": {
				"north": {"uv": [0, 0, 16, 16], "texture": "#6"},
				"east": {"uv": [0, 0, 16, 16], "texture": "#6"},
				"south": {"uv": [0, 0, 16, 16], "texture": "#6"},
				"west": {"uv": [0, 0, 16, 16], "texture": "#6"},
				"up": {"uv": [0, 0, 16, 16], "texture": "#6"},
				"down": {"uv": [0, 0, 16, 16], "texture": "#6"}
			}
		},
		{
			"from": [11.5, 6.6, 9.5],
			"to": [12, 7.1, 10],
			"rotation": {"angle": 0, "axis": "y", "origin": [10, 16, 13]},
			"faces": {
				"north": {"uv": [0, 0, 16, 16], "texture": "#6"},
				"east": {"uv": [0, 0, 16, 16], "texture": "#6"},
				"south": {"uv": [0, 0, 16, 16], "texture": "#6"},
				"west": {"uv": [0, 0, 16, 16], "texture": "#6"},
				"up": {"uv": [0, 0, 16, 16], "texture": "#6"},
				"down": {"uv": [0, 0, 16, 16], "texture": "#6"}
			}
		},
		{
			"from": [10.5, 6.6, 11.5],
			"to": [11, 7.1, 12],
			"rotation": {"angle": 0, "axis": "y", "origin": [9, 16, 15]},
			"faces": {
				"north": {"uv": [0, 0, 16, 16], "texture": "#6"},
				"east": {"uv": [0, 0, 16, 16], "texture": "#6"},
				"south": {"uv": [0, 0, 16, 16], "texture": "#6"},
				"west": {"uv": [0, 0, 16, 16], "texture": "#6"},
				"up": {"uv": [0, 0, 16, 16], "texture": "#6"},
				"down": {"uv": [0, 0, 16, 16], "texture": "#6"}
			}
		},
		{
			"from": [5.5, 6.6, 10.5],
			"to": [6, 7.1, 11],
			"rotation": {"angle": 0, "axis": "y", "origin": [4, 16, 14]},
			"faces": {
				"north": {"uv": [0, 0, 16, 16], "texture": "#6"},
				"east": {"uv": [0, 0, 16, 16], "texture": "#6"},
				"south": {"uv": [0, 0, 16, 16], "texture": "#6"},
				"west": {"uv": [0, 0, 16, 16], "texture": "#6"},
				"up": {"uv": [0, 0, 16, 16], "texture": "#6"},
				"down": {"uv": [0, 0, 16, 16], "texture": "#6"}
			}
		},
		{
			"from": [4.5, 6.6, 11.5],
			"to": [5, 7.1, 12],
			"rotation": {"angle": 0, "axis": "y", "origin": [3, 16, 15]},
			"faces": {
				"north": {"uv": [0, 0, 16, 16], "texture": "#6"},
				"east": {"uv": [0, 0, 16, 16], "texture": "#6"},
				"south": {"uv": [0, 0, 16, 16], "texture": "#6"},
				"west": {"uv": [0, 0, 16, 16], "texture": "#6"},
				"up": {"uv": [0, 0, 16, 16], "texture": "#6"},
				"down": {"uv": [0, 0, 16, 16], "texture": "#6"}
			}
		},
		{
			"from": [4.5, 6.6, 8.5],
			"to": [5, 7.1, 9],
			"rotation": {"angle": 0, "axis": "y", "origin": [3, 16, 12]},
			"faces": {
				"north": {"uv": [0, 0, 16, 16], "texture": "#6"},
				"east": {"uv": [0, 0, 16, 16], "texture": "#6"},
				"south": {"uv": [0, 0, 16, 16], "texture": "#6"},
				"west": {"uv": [0, 0, 16, 16], "texture": "#6"},
				"up": {"uv": [0, 0, 16, 16], "texture": "#6"},
				"down": {"uv": [0, 0, 16, 16], "texture": "#6"}
			}
		},
		{
			"from": [10.5, 6.6, 8.5],
			"to": [11, 7.1, 9],
			"rotation": {"angle": 0, "axis": "y", "origin": [9, 16, 12]},
			"faces": {
				"north": {"uv": [0, 0, 16, 16], "texture": "#6"},
				"east": {"uv": [0, 0, 16, 16], "texture": "#6"},
				"south": {"uv": [0, 0, 16, 16], "texture": "#6"},
				"west": {"uv": [0, 0, 16, 16], "texture": "#6"},
				"up": {"uv": [0, 0, 16, 16], "texture": "#6"},
				"down": {"uv": [0, 0, 16, 16], "texture": "#6"}
			}
		},
		{
			"from": [8.5, 6.6, 9.5],
			"to": [9, 7.1, 10],
			"rotation": {"angle": 0, "axis": "y", "origin": [7, 16, 13]},
			"faces": {
				"north": {"uv": [0, 0, 16, 16], "texture": "#6"},
				"east": {"uv": [0, 0, 16, 16], "texture": "#6"},
				"south": {"uv": [0, 0, 16, 16], "texture": "#6"},
				"west": {"uv": [0, 0, 16, 16], "texture": "#6"},
				"up": {"uv": [0, 0, 16, 16], "texture": "#6"},
				"down": {"uv": [0, 0, 16, 16], "texture": "#6"}
			}
		},
		{
			"from": [2.5, 4, 12.5],
			"to": [13.5, 8, 13.5],
			"rotation": {"angle": 0, "axis": "y", "origin": [8, 12, 9]},
			"faces": {
				"north": {"uv": [0, 0, 16, 16], "texture": "#1"},
				"east": {"uv": [0, 0, 16, 16], "texture": "#1"},
				"south": {"uv": [0, 0, 16, 16], "texture": "#1"},
				"west": {"uv": [0, 0, 16, 16], "texture": "#1"},
				"up": {"uv": [0, 0, 16, 16], "texture": "#1"},
				"down": {"uv": [0, 0, 16, 16], "texture": "#1"}
			}
		},
		{
			"from": [10.5, 7, 13.5],
			"to": [11.5, 14, 14.5],
			"rotation": {"angle": 22.5, "axis": "x", "origin": [8, 14, 10]},
			"faces": {
				"north": {"uv": [0, 0, 16, 16], "texture": "#5"},
				"east": {"uv": [0, 0, 16, 16], "texture": "#5"},
				"south": {"uv": [0, 0, 16, 16], "texture": "#5"},
				"west": {"uv": [0, 0, 16, 16], "texture": "#5"},
				"up": {"uv": [0, 7, 9, 16], "texture": "#5"},
				"down": {"uv": [0, 0, 16, 16], "texture": "#5"}
			}
		},
		{
			"from": [9, 7, 13.5],
			"to": [10, 14, 14.5],
			"rotation": {"angle": 22.5, "axis": "x", "origin": [7, 14, 10]},
			"faces": {
				"north": {"uv": [0, 0, 16, 16], "texture": "#5"},
				"east": {"uv": [0, 0, 16, 16], "texture": "#5"},
				"south": {"uv": [0, 0, 16, 16], "texture": "#5"},
				"west": {"uv": [0, 0, 16, 16], "texture": "#5"},
				"up": {"uv": [0, 7, 9, 16], "texture": "#5"},
				"down": {"uv": [0, 0, 16, 16], "texture": "#5"}
			}
		},
		{
			"from": [2.5, 4, 2.5],
			"to": [13.5, 8, 3.5],
			"rotation": {"angle": 0, "axis": "y", "origin": [8, 12, -1]},
			"faces": {
				"north": {"uv": [0, 0, 16, 16], "texture": "#1"},
				"east": {"uv": [0, 0, 16, 16], "texture": "#1"},
				"south": {"uv": [0, 0, 16, 16], "texture": "#1"},
				"west": {"uv": [0, 0, 16, 16], "texture": "#1"},
				"up": {"uv": [0, 0, 16, 16], "texture": "#1"},
				"down": {"uv": [0, 0, 16, 16], "texture": "#1"}
			}
		},
		{
			"from": [2.5, 4, 3.5],
			"to": [3.5, 8, 12.5],
			"rotation": {"angle": 0, "axis": "y", "origin": [-2, 12, 0]},
			"faces": {
				"north": {"uv": [0, 0, 16, 16], "texture": "#1"},
				"east": {"uv": [0, 0, 16, 16], "texture": "#1"},
				"south": {"uv": [0, 0, 16, 16], "texture": "#1"},
				"west": {"uv": [0, 0, 16, 16], "texture": "#1"},
				"up": {"uv": [0, 0, 16, 16], "texture": "#1"},
				"down": {"uv": [0, 0, 16, 16], "texture": "#1"}
			}
		},
		{
			"from": [12.5, 4, 3.5],
			"to": [13.5, 8, 12.5],
			"rotation": {"angle": 0, "axis": "y", "origin": [8, 12, 0]},
			"faces": {
				"north": {"uv": [0, 0, 16, 16], "texture": "#1"},
				"east": {"uv": [0, 0, 16, 16], "texture": "#1"},
				"south": {"uv": [0, 0, 16, 16], "texture": "#1"},
				"west": {"uv": [0, 0, 16, 16], "texture": "#1"},
				"up": {"uv": [0, 0, 16, 16], "texture": "#1"},
				"down": {"uv": [0, 0, 16, 16], "texture": "#1"}
			}
		}
	],
	"display": {
		"thirdperson_righthand": {
			"rotation": [75, 45, 0],
			"translation": [0, 5.75, 4.5],
			"scale": [0.7, 0.7, 0.7]
		},
		"thirdperson_lefthand": {
			"rotation": [75, 225, 0],
			"translation": [0, 5.75, 4.5],
			"scale": [0.7, 0.7, 0.7]
		},
		"firstperson_righthand": {
			"rotation": [0, 45, 0],
			"translation": [0, 3, 0],
			"scale": [0.6, 0.6, 0.6]
		},
		"firstperson_lefthand": {
			"rotation": [0, 225, 0],
			"translation": [0, 3, 0],
			"scale": [0.6, 0.6, 0.6]
		},
		"ground": {
			"translation": [0, 3, 0],
			"scale": [0.7, 0.7, 0.7]
		},
		"gui": {
			"rotation": [30, 135, 0],
			"translation": [0, 2, 0],
			"scale": [0.8, 0.8, 0.8]
		},
		"head": {
			"translation": [0, -13, 0],
			"scale": [4, 4, 4]
		},
		"fixed": {
			"rotation": [-90, 0, 0],
			"translation": [0, 0, -10.25],
			"scale": [1.4, 1.4, 1.4]
		}
	},
	"groups": [
		{
			"name": "plate",
			"origin": [8, 8, 8],
			"children": [0, 1, 2, 3, 4, 5, 6]
		},
		{
			"name": "bowl",
			"origin": [8, 8, 8],
			"children": [7, 8, 9, 10, 11, 12, 13, 14, 15, 16, 17, 18, 19, 20, 21, 22, 23, 24, 25, 26, 27, 28, 29, 30]
		}
	]
}