{
	"credit": "Made with Blockbench",
	"textures": {
		"0": "./plate",
		"1": "./spaghetti",
		"2": "./meatballs",
		"particle": "./plate"
	},
	"elements": [
		{
			"from": [3.5, 1, 3.5],
			"to": [12.5, 2, 12.5],
			"rotation": {"angle": 0, "axis": "y", "origin": [8, 9, 8]},
			"faces": {
				"north": {"uv": [11, 0, 16, 1], "texture": "#1"},
				"east": {"uv": [11, 0, 16, 1], "texture": "#1"},
				"south": {"uv": [11, 0, 16, 1], "texture": "#1"},
				"west": {"uv": [11, 0, 16, 1], "texture": "#1"},
				"up": {"uv": [0, 0, 16, 16], "texture": "#1"},
				"down": {"uv": [11, 0, 16, 1], "texture": "#1"}
			}
		},
		{
			"from": [7.5, 2, 5.5],
			"to": [9.5, 3, 7.5],
			"rotation": {"angle": 0, "axis": "y", "origin": [6, 10, 9]},
			"faces": {
				"north": {"uv": [5.5, 0, 10.5, 1], "texture": "#2"},
				"east": {"uv": [5.5, 0, 10.5, 1], "texture": "#2"},
				"south": {"uv": [5.5, 0, 10.5, 1], "texture": "#2"},
				"west": {"uv": [5.5, 0, 10.5, 1], "texture": "#2"},
				"up": {"uv": [5.5, 0, 10.5, 1], "texture": "#2"},
				"down": {"uv": [5.5, 0, 10.5, 1], "texture": "#2"}
			}
		},
		{
			"from": [8.5, 2, 8.5],
			"to": [10.5, 3, 10.5],
			"rotation": {"angle": 0, "axis": "y", "origin": [7, 10, 12]},
			"faces": {
				"north": {"uv": [5.5, 0, 10.5, 1], "texture": "#2"},
				"east": {"uv": [5.5, 0, 10.5, 1], "texture": "#2"},
				"south": {"uv": [5.5, 0, 10.5, 1], "texture": "#2"},
				"west": {"uv": [5.5, 0, 10.5, 1], "texture": "#2"},
				"up": {"uv": [5.5, 0, 10.5, 1], "texture": "#2"},
				"down": {"uv": [5.5, 0, 10.5, 1], "texture": "#2"}
			}
		},
		{
			"from": [5.5, 2, 8.5],
			"to": [7.5, 3, 10.5],
			"rotation": {"angle": 0, "axis": "y", "origin": [4, 10, 12]},
			"faces": {
				"north": {"uv": [5.5, 0, 10.5, 1], "texture": "#2"},
				"east": {"uv": [5.5, 0, 10.5, 1], "texture": "#2"},
				"south": {"uv": [5.5, 0, 10.5, 1], "texture": "#2"},
				"west": {"uv": [5.5, 0, 10.5, 1], "texture": "#2"},
				"up": {"uv": [5.5, 0, 10.5, 1], "texture": "#2"},
				"down": {"uv": [5.5, 0, 10.5, 1], "texture": "#2"}
			}
		},
		{
			"from": [3.5, 0, 3.5],
			"to": [12.5, 1, 12.5],
			"faces": {
				"north": {"uv": [0, 0, 16, 16], "texture": "#0"},
				"east": {"uv": [0, 0, 16, 16], "texture": "#0"},
				"south": {"uv": [0, 0, 16, 16], "texture": "#0"},
				"west": {"uv": [0, 0, 16, 16], "texture": "#0"},
				"up": {"uv": [0, 0, 16, 16], "texture": "#0"},
				"down": {"uv": [0, 0, 16, 16], "texture": "#0"}
			}
		},
		{
			"from": [2.5, 0.5, 2.5],
			"to": [3.5, 1.5, 13.5],
			"rotation": {"angle": 0, "axis": "y", "origin": [6, 8, 8]},
			"faces": {
				"north": {"uv": [0, 0, 16, 16], "texture": "#0"},
				"east": {"uv": [0, 0, 16, 16], "texture": "#0"},
				"south": {"uv": [0, 0, 16, 16], "texture": "#0"},
				"west": {"uv": [0, 0, 16, 16], "texture": "#0"},
				"up": {"uv": [0, 0, 16, 16], "texture": "#0"},
				"down": {"uv": [0, 0, 16, 16], "texture": "#0"}
			}
		},
		{
			"from": [12.5, 0.5, 2.5],
			"to": [13.5, 1.5, 13.5],
			"rotation": {"angle": 0, "axis": "y", "origin": [10, 8, 8]},
			"faces": {
				"north": {"uv": [0, 0, 16, 16], "texture": "#0"},
				"east": {"uv": [0, 0, 16, 16], "texture": "#0"},
				"south": {"uv": [0, 0, 16, 16], "texture": "#0"},
				"west": {"uv": [0, 0, 16, 16], "texture": "#0"},
				"up": {"uv": [0, 0, 16, 16], "texture": "#0"},
				"down": {"uv": [0, 0, 16, 16], "texture": "#0"}
			}
		},
		{
			"from": [13.5, 0.5, 3.5],
			"to": [14.5, 1.5, 12.5],
			"rotation": {"angle": 0, "axis": "y", "origin": [10, 8, 8]},
			"faces": {
				"north": {"uv": [0, 0, 16, 16], "texture": "#0"},
				"east": {"uv": [0, 0, 16, 16], "texture": "#0"},
				"south": {"uv": [0, 0, 16, 16], "texture": "#0"},
				"west": {"uv": [0, 0, 16, 16], "texture": "#0"},
				"up": {"uv": [0, 0, 16, 16], "texture": "#0"},
				"down": {"uv": [0, 0, 16, 16], "texture": "#0"}
			}
		},
		{
			"from": [1.5, 0.5, 3.5],
			"to": [2.5, 1.5, 12.5],
			"rotation": {"angle": 0, "axis": "y", "origin": [6, 8, 8]},
			"faces": {
				"north": {"uv": [0, 0, 16, 16], "texture": "#0"},
				"east": {"uv": [0, 0, 16, 16], "texture": "#0"},
				"south": {"uv": [0, 0, 16, 16], "texture": "#0"},
				"west": {"uv": [0, 0, 16, 16], "texture": "#0"},
				"up": {"uv": [0, 0, 16, 16], "texture": "#0"},
				"down": {"uv": [0, 0, 16, 16], "texture": "#0"}
			}
		},
		{
			"from": [3.5, 0.5, 1.5],
			"to": [12.5, 1.5, 3.5],
			"rotation": {"angle": 0, "axis": "y", "origin": [8, 8, 6]},
			"faces": {
				"north": {"uv": [0, 0, 16, 16], "texture": "#0"},
				"east": {"uv": [0, 0, 16, 16], "texture": "#0"},
				"south": {"uv": [0, 0, 16, 16], "texture": "#0"},
				"west": {"uv": [0, 0, 16, 16], "texture": "#0"},
				"up": {"uv": [0, 0, 16, 16], "texture": "#0"},
				"down": {"uv": [0, 0, 16, 16], "texture": "#0"}
			}
		},
		{
			"from": [3.5, 0.5, 12.5],
			"to": [12.5, 1.5, 14.5],
			"rotation": {"angle": 0, "axis": "y", "origin": [8, 8, 10]},
			"faces": {
				"north": {"uv": [0, 0, 16, 16], "texture": "#0"},
				"east": {"uv": [0, 0, 16, 16], "texture": "#0"},
				"south": {"uv": [0, 0, 16, 16], "texture": "#0"},
				"west": {"uv": [0, 0, 16, 16], "texture": "#0"},
				"up": {"uv": [0, 0, 16, 16], "texture": "#0"},
				"down": {"uv": [0, 0, 16, 16], "texture": "#0"}
			}
		}
	],
	"display": {
		"thirdperson_righthand": {
			"rotation": [75, 45, 0],
			"translation": [0, 5.75, 4.5],
			"scale": [0.7, 0.7, 0.7]
		},
		"thirdperson_lefthand": {
			"rotation": [75, 225, 0],
			"translation": [0, 5.75, 4.5],
			"scale": [0.7, 0.7, 0.7]
		},
		"firstperson_righthand": {
			"rotation": [0, 45, 0],
			"translation": [0, 3, 0],
			"scale": [0.6, 0.6, 0.6]
		},
		"firstperson_lefthand": {
			"rotation": [0, 225, 0],
			"translation": [0, 3, 0],
			"scale": [0.6, 0.6, 0.6]
		},
		"ground": {
			"translation": [0, 3, 0],
			"scale": [0.7, 0.7, 0.7]
		},
		"gui": {
			"rotation": [30, 135, 0],
			"translation": [0, 5, 0]
		},
		"head": {
			"translation": [0, 11, 0],
			"scale": [4, 4, 4]
		},
		"fixed": {
			"rotation": [-90, 0, 0],
			"translation": [0, 0, -10.25],
			"scale": [1.4, 1.4, 1.4]
		}
	},
	"groups": [
		{
			"name": "mamamia",
			"origin": [8, 8, 8],
			"children": [0, 1, 2, 3]
		},
		{
			"name": "plate",
			"origin": [8, 8, 8],
			"children": [4, 5, 6, 7, 8, 9, 10]
		}
	]
}