{
	"credit": "Made with Blockbench",
	"texture_size": [32, 32],
	"textures": {
		"0": "hats for pumpkins/green_horns",
		"particle": "hats for pumpkins/green_horns"
	},
	"elements": [
		{
			"name": "horns",
			"from": [-2.2, 5.6, 13],
			"to": [1.2, 12.4, 18.1],
			"rotation": {"angle": -22.5, "axis": "x", "origin": [9.7, -13.1, -2.3]},
			"faces": {
				"north": {"uv": [5, 0, 6.5, 3.5], "texture": "#0"},
				"east": {"uv": [0, 0, 2.5, 3.5], "texture": "#0"},
				"south": {"uv": [2.5, 6, 4, 9.5], "texture": "#0"},
				"west": {"uv": [2.5, 2.5, 5, 6], "texture": "#0"},
				"up": {"uv": [4, 2.5, 2.5, 0], "texture": "#0"},
				"down": {"uv": [9, 7.5, 7.5, 10], "texture": "#0"}
			}
		},
		{
			"name": "horns",
			"from": [14.8, 5.6, 13],
			"to": [18.2, 12.4, 18.1],
			"rotation": {"angle": -22.5, "axis": "x", "origin": [9.7, -13.1, -2.3]},
			"faces": {
				"north": {"uv": [6.5, 0, 8, 3.5], "texture": "#0"},
				"east": {"uv": [0, 3.5, 2.5, 7], "texture": "#0"},
				"south": {"uv": [0, 7, 1.5, 10.5], "texture": "#0"},
				"west": {"uv": [5, 5, 7.5, 8.5], "texture": "#0"},
				"up": {"uv": [9, 6, 7.5, 3.5], "texture": "#0"},
				"down": {"uv": [9.5, 0, 8, 2.5], "texture": "#0"}
			}
		},
		{
			"name": "horns",
			"from": [13.1, 12.4, 13.85],
			"to": [16.5, 15.8, 17.25],
			"rotation": {"angle": -22.5, "axis": "x", "origin": [9.7, -13.1, -2.3]},
			"faces": {
				"north": {"uv": [5, 3.5, 6.5, 5], "texture": "#0"},
				"east": {"uv": [7.5, 6, 9, 7.5], "texture": "#0"},
				"south": {"uv": [4, 8.5, 5.5, 10], "texture": "#0"},
				"west": {"uv": [5.5, 8.5, 7, 10], "texture": "#0"},
				"up": {"uv": [10.5, 10.5, 9, 9], "texture": "#0"},
				"down": {"uv": [10.5, 2.5, 9, 4], "texture": "#0"}
			}
		},
		{
			"name": "horns",
			"from": [13.1, 3.9, 13.85],
			"to": [16.5, 7.3, 17.25],
			"rotation": {"angle": -22.5, "axis": "x", "origin": [9.7, -13.1, -2.3]},
			"faces": {
				"north": {"uv": [9, 4, 10.5, 5.5], "texture": "#0"},
				"east": {"uv": [9, 5.5, 10.5, 7], "texture": "#0"},
				"south": {"uv": [9, 7, 10.5, 8.5], "texture": "#0"},
				"west": {"uv": [1.5, 9.5, 3, 11], "texture": "#0"},
				"up": {"uv": [11, 1.5, 9.5, 0], "texture": "#0"},
				"down": {"uv": [4.5, 10, 3, 11.5], "texture": "#0"}
			}
		},
		{
			"name": "horns",
			"from": [-0.5, 12.4, 13.85],
			"to": [2.9, 15.8, 17.25],
			"rotation": {"angle": -22.5, "axis": "x", "origin": [9.7, -13.1, -2.3]},
			"faces": {
				"north": {"uv": [4.5, 10, 6, 11.5], "texture": "#0"},
				"east": {"uv": [6, 10, 7.5, 11.5], "texture": "#0"},
				"south": {"uv": [7.5, 10, 9, 11.5], "texture": "#0"},
				"west": {"uv": [0, 10.5, 1.5, 12], "texture": "#0"},
				"up": {"uv": [10.5, 12, 9, 10.5], "texture": "#0"},
				"down": {"uv": [12, 10.5, 10.5, 12], "texture": "#0"}
			}
		},
		{
			"name": "horns",
			"from": [-0.5, 3.9, 13.85],
			"to": [2.9, 7.3, 17.25],
			"rotation": {"angle": -22.5, "axis": "x", "origin": [9.7, -13.1, -2.3]},
			"faces": {
				"north": {"uv": [10.5, 1.5, 12, 3], "texture": "#0"},
				"east": {"uv": [10.5, 3, 12, 4.5], "texture": "#0"},
				"south": {"uv": [10.5, 4.5, 12, 6], "texture": "#0"},
				"west": {"uv": [10.5, 6, 12, 7.5], "texture": "#0"},
				"up": {"uv": [12, 9, 10.5, 7.5], "texture": "#0"},
				"down": {"uv": [12, 9, 10.5, 10.5], "texture": "#0"}
			}
		},
		{
			"name": "horns",
			"from": [1.2, 15.8, 14.7],
			"to": [2.9, 17.5, 16.4],
			"rotation": {"angle": -22.5, "axis": "x", "origin": [9.7, -13.1, -2.3]},
			"faces": {
				"north": {"uv": [4, 0, 5, 1], "texture": "#0"},
				"east": {"uv": [4, 1, 5, 2], "texture": "#0"},
				"south": {"uv": [4, 6, 5, 7], "texture": "#0"},
				"west": {"uv": [6.5, 3.5, 7.5, 4.5], "texture": "#0"},
				"up": {"uv": [2.5, 8, 1.5, 7], "texture": "#0"},
				"down": {"uv": [5, 7, 4, 8], "texture": "#0"}
			}
		},
		{
			"name": "horns",
			"from": [13.1, 15.8, 14.7],
			"to": [14.8, 17.5, 16.4],
			"rotation": {"angle": -22.5, "axis": "x", "origin": [9.7, -13.1, -2.3]},
			"faces": {
				"north": {"uv": [1.5, 8, 2.5, 9], "texture": "#0"},
				"east": {"uv": [8, 2.5, 9, 3.5], "texture": "#0"},
				"south": {"uv": [9.5, 1.5, 10.5, 2.5], "texture": "#0"},
				"west": {"uv": [1.5, 11, 2.5, 12], "texture": "#0"},
				"up": {"uv": [12, 1, 11, 0], "texture": "#0"},
				"down": {"uv": [3.5, 11.5, 2.5, 12.5], "texture": "#0"}
			}
		}
	],
	"display": {
		"thirdperson_righthand": {
			"rotation": [75, 45, 0],
			"translation": [0, 2.5, 0],
			"scale": [0.375, 0.375, 0.375]
		},
		"thirdperson_lefthand": {
			"rotation": [75, 45, 0],
			"translation": [0, 2.5, 0],
			"scale": [0.375, 0.375, 0.375]
		},
		"firstperson_righthand": {
			"rotation": [0, 45, 0],
			"scale": [0.4, 0.4, 0.4]
		},
		"firstperson_lefthand": {
			"rotation": [0, 45, 0],
			"scale": [0.4, 0.4, 0.4]
		},
		"ground": {
			"scale": [0.25, 0.25, 0.25]
		},
		"gui": {
			"rotation": [30, -135, 0],
			"scale": [0.625, 0.625, 0.625]
		},
		"head": {
			"translation": [0, 0.25, 0],
			"scale": [0.94, 0.94, 0.94]
		},
		"fixed": {
			"scale": [0.5, 0.5, 0.5]
		}
	},
	"groups": [
		{
			"name": "horns",
			"origin": [0, 26, 0],
			"children": [0, 1, 2, 3, 4, 5, 6, 7]
		}
	]
}