{"textures":{"0":"modelengine:entity/texture"},"elements":[{"name":"cube","from":[5.6,9.2,3.1999998],"to":[10.4,11.6,3.7999997],"rotation":{"angle":0.0,"axis":"x","origin":[8.0,8.0,8.0]},"faces":{"down":{"uv":[13.25,1.25,13.75,1.75],"rotation":0,"texture":"#0","tintindex":0},"east":{"uv":[9.25,1.25,9.75,1.75],"rotation":0,"texture":"#0","tintindex":0},"north":{"uv":[8.25,1.25,8.75,1.75],"rotation":0,"texture":"#0","tintindex":0},"south":{"uv":[10.25,1.25,10.75,1.75],"rotation":0,"texture":"#0","tintindex":0},"up":{"uv":[12.25,1.25,12.75,1.75],"rotation":0,"texture":"#0","tintindex":0},"west":{"uv":[11.25,1.25,11.75,1.75],"rotation":0,"texture":"#0","tintindex":0}}},{"name":"cube","from":[3.1999998,9.2,5.6],"to":[3.7999997,11.6,10.4],"rotation":{"angle":0.0,"axis":"x","origin":[8.0,8.0,8.0]},"faces":{"down":{"uv":[9.25,2.25,9.75,2.75],"rotation":0,"texture":"#0","tintindex":0},"east":{"uv":[5.25,2.25,5.75,2.75],"rotation":0,"texture":"#0","tintindex":0},"north":{"uv":[4.25,2.25,4.75,2.75],"rotation":0,"texture":"#0","tintindex":0},"south":{"uv":[6.25,2.25,6.75,2.75],"rotation":0,"texture":"#0","tintindex":0},"up":{"uv":[8.25,2.25,8.75,2.75],"rotation":0,"texture":"#0","tintindex":0},"west":{"uv":[7.25,2.25,7.75,2.75],"rotation":0,"texture":"#0","tintindex":0}}},{"name":"cube","from":[4.3999996,8.0,4.3999996],"to":[11.6,12.8,11.6],"rotation":{"angle":0.0,"axis":"x","origin":[8.0,8.0,8.0]},"faces":{"down":{"uv":[5.25,0.25,5.75,0.75],"rotation":0,"texture":"#0","tintindex":0},"east":{"uv":[1.25,0.25,1.75,0.75],"rotation":0,"texture":"#0","tintindex":0},"north":{"uv":[0.25,0.25,0.75,0.75],"rotation":0,"texture":"#0","tintindex":0},"south":{"uv":[2.25,0.25,2.75,0.75],"rotation":0,"texture":"#0","tintindex":0},"up":{"uv":[4.25,0.25,4.75,0.75],"rotation":0,"texture":"#0","tintindex":0},"west":{"uv":[3.25,0.25,3.75,0.75],"rotation":0,"texture":"#0","tintindex":0}}},{"name":"cube","from":[5.0,8.6,3.7999997],"to":[11.0,12.2,4.3999996],"rotation":{"angle":0.0,"axis":"x","origin":[8.0,8.0,8.0]},"faces":{"down":{"uv":[11.25,0.25,11.75,0.75],"rotation":0,"texture":"#0","tintindex":0},"east":{"uv":[7.25,0.25,7.75,0.75],"rotation":0,"texture":"#0","tintindex":0},"north":{"uv":[6.25,0.25,6.75,0.75],"rotation":0,"texture":"#0","tintindex":0},"south":{"uv":[8.25,0.25,8.75,0.75],"rotation":0,"texture":"#0","tintindex":0},"up":{"uv":[10.25,0.25,10.75,0.75],"rotation":0,"texture":"#0","tintindex":0},"west":{"uv":[9.25,0.25,9.75,0.75],"rotation":0,"texture":"#0","tintindex":0}}},{"name":"cube","from":[5.0,8.0,11.6],"to":[11.0,12.2,12.2],"rotation":{"angle":0.0,"axis":"x","origin":[8.0,8.0,8.0]},"faces":{"down":{"uv":[1.25,1.25,1.75,1.75],"rotation":0,"texture":"#0","tintindex":0},"east":{"uv":[13.25,0.25,13.75,0.75],"rotation":0,"texture":"#0","tintindex":0},"north":{"uv":[12.25,0.25,12.75,0.75],"rotation":0,"texture":"#0","tintindex":0},"south":{"uv":[14.25,0.25,14.75,0.75],"rotation":0,"texture":"#0","tintindex":0},"up":{"uv":[0.25,1.25,0.75,1.75],"rotation":0,"texture":"#0","tintindex":0},"west":{"uv":[15.25,0.25,15.75,0.75],"rotation":0,"texture":"#0","tintindex":0}}},{"name":"cube","from":[3.7999997,8.6,5.0],"to":[4.3999996,12.2,11.0],"rotation":{"angle":0.0,"axis":"x","origin":[8.0,8.0,8.0]},"faces":{"down":{"uv":[3.25,2.25,3.75,2.75],"rotation":0,"texture":"#0","tintindex":0},"east":{"uv":[15.25,1.25,15.75,1.75],"rotation":0,"texture":"#0","tintindex":0},"north":{"uv":[14.25,1.25,14.75,1.75],"rotation":0,"texture":"#0","tintindex":0},"south":{"uv":[0.25,2.25,0.75,2.75],"rotation":0,"texture":"#0","tintindex":0},"up":{"uv":[2.25,2.25,2.75,2.75],"rotation":0,"texture":"#0","tintindex":0},"west":{"uv":[1.25,2.25,1.75,2.75],"rotation":0,"texture":"#0","tintindex":0}}},{"name":"cube","from":[11.6,8.6,5.0],"to":[12.2,12.2,11.0],"rotation":{"angle":0.0,"axis":"x","origin":[8.0,8.0,8.0]},"faces":{"down":{"uv":[5.25,3.25,5.75,3.75],"rotation":0,"texture":"#0","tintindex":0},"east":{"uv":[1.25,3.25,1.75,3.75],"rotation":0,"texture":"#0","tintindex":0},"north":{"uv":[0.25,3.25,0.75,3.75],"rotation":0,"texture":"#0","tintindex":0},"south":{"uv":[2.25,3.25,2.75,3.75],"rotation":0,"texture":"#0","tintindex":0},"up":{"uv":[4.25,3.25,4.75,3.75],"rotation":0,"texture":"#0","tintindex":0},"west":{"uv":[3.25,3.25,3.75,3.75],"rotation":0,"texture":"#0","tintindex":0}}},{"name":"cube","from":[12.2,9.2,5.6],"to":[12.8,11.6,10.4],"rotation":{"angle":0.0,"axis":"x","origin":[8.0,8.0,8.0]},"faces":{"down":{"uv":[15.25,2.25,15.75,2.75],"rotation":0,"texture":"#0","tintindex":0},"east":{"uv":[11.25,2.25,11.75,2.75],"rotation":0,"texture":"#0","tintindex":0},"north":{"uv":[10.25,2.25,10.75,2.75],"rotation":0,"texture":"#0","tintindex":0},"south":{"uv":[12.25,2.25,12.75,2.75],"rotation":0,"texture":"#0","tintindex":0},"up":{"uv":[14.25,2.25,14.75,2.75],"rotation":0,"texture":"#0","tintindex":0},"west":{"uv":[13.25,2.25,13.75,2.75],"rotation":0,"texture":"#0","tintindex":0}}},{"name":"cube","from":[9.2,9.8,2.6],"to":[12.2,10.4,3.1999998],"rotation":{"angle":22.5,"axis":"z","origin":[8.0,8.0,8.0]},"faces":{"down":{"uv":[11.25,3.25,11.75,3.75],"rotation":0,"texture":"#0","tintindex":0},"east":{"uv":[7.25,3.25,7.75,3.75],"rotation":0,"texture":"#0","tintindex":0},"north":{"uv":[6.25,3.25,6.75,3.75],"rotation":0,"texture":"#0","tintindex":0},"south":{"uv":[8.25,3.25,8.75,3.75],"rotation":0,"texture":"#0","tintindex":0},"up":{"uv":[10.25,3.25,10.75,3.75],"rotation":0,"texture":"#0","tintindex":0},"west":{"uv":[9.25,3.25,9.75,3.75],"rotation":0,"texture":"#0","tintindex":0}}},{"name":"cube","from":[3.7999997,9.8,2.6],"to":[6.8,10.4,3.1999998],"rotation":{"angle":-22.5,"axis":"z","origin":[8.0,8.0,8.0]},"faces":{"down":{"uv":[1.25,4.25,1.75,4.75],"rotation":0,"texture":"#0","tintindex":0},"east":{"uv":[13.25,3.25,13.75,3.75],"rotation":0,"texture":"#0","tintindex":0},"north":{"uv":[12.25,3.25,12.75,3.75],"rotation":0,"texture":"#0","tintindex":0},"south":{"uv":[14.25,3.25,14.75,3.75],"rotation":0,"texture":"#0","tintindex":0},"up":{"uv":[0.25,4.25,0.75,4.75],"rotation":0,"texture":"#0","tintindex":0},"west":{"uv":[15.25,3.25,15.75,3.75],"rotation":0,"texture":"#0","tintindex":0}}},{"name":"cube","from":[5.6,8.6,12.2],"to":[10.4,11.6,12.8],"rotation":{"angle":0.0,"axis":"x","origin":[8.0,8.0,8.0]},"faces":{"down":{"uv":[7.25,1.25,7.75,1.75],"rotation":0,"texture":"#0","tintindex":0},"east":{"uv":[3.25,1.25,3.75,1.75],"rotation":0,"texture":"#0","tintindex":0},"north":{"uv":[2.25,1.25,2.75,1.75],"rotation":0,"texture":"#0","tintindex":0},"south":{"uv":[4.25,1.25,4.75,1.75],"rotation":0,"texture":"#0","tintindex":0},"up":{"uv":[6.25,1.25,6.75,1.75],"rotation":0,"texture":"#0","tintindex":0},"west":{"uv":[5.25,1.25,5.75,1.75],"rotation":0,"texture":"#0","tintindex":0}}}],"display":{"head":{"translation":[0.0,-6.4,0.0],"rotation":[0.0,0.0,0.0],"scale":[3.8095,3.8095,3.8095]}}}