{
	"credit": "Made with Blockbench",
	"textures": {
		"0": "./black_concrete",
		"1": "./acacia_planks",
		"particle": "./black_concrete"
	},
	"elements": [
		{
			"from": [7.66, 4.95521, 3.1254],
			"to": [8.34, 6.65521, 4.0554],
			"rotation": {"angle": 22.5, "axis": "x", "origin": [8, 8.77, 5.9]},
			"faces": {
				"north": {"uv": [16, 0, 14, 4], "texture": "#1"},
				"east": {"uv": [16, 0, 14, 4], "texture": "#1"},
				"south": {"uv": [16, 0, 14, 4], "texture": "#1"},
				"west": {"uv": [16, 0, 14, 4], "texture": "#1"},
				"up": {"uv": [14, 5, 16, 3], "texture": "#1"},
				"down": {"uv": [7, 8, 9, 6], "texture": "#1"}
			}
		},
		{
			"from": [7.655, 5.90239, 1.87175],
			"to": [8.345, 6.31239, 2.81175],
			"rotation": {"angle": 0, "axis": "x", "origin": [8, 8.42218, 4.65135]},
			"faces": {
				"north": {"uv": [16, 0, 14, 1], "texture": "#1"},
				"east": {"uv": [16, 0, 14, 1], "texture": "#1"},
				"south": {"uv": [16, 0, 14, 1], "texture": "#1"},
				"west": {"uv": [16, 0, 14, 1], "texture": "#1"},
				"up": {"uv": [14, 5, 16, 3], "texture": "#1"},
				"down": {"uv": [7, 8, 9, 6], "texture": "#1"}
			}
		},
		{
			"from": [7.65966, 7.68588, 2.39213],
			"to": [8.34034, 8.80656, 6.13281],
			"rotation": {"angle": 0, "axis": "y", "origin": [8, 9.07, 5.4]},
			"faces": {
				"north": {"uv": [2, 0, 0, 2], "texture": "#0"},
				"east": {"uv": [2, 0, 0, 2], "texture": "#0"},
				"south": {"uv": [2, 0, 0, 2], "texture": "#0"},
				"west": {"uv": [2, 0, 0, 2], "texture": "#0"},
				"up": {"uv": [0, 2, 2, 0], "texture": "#0"},
				"down": {"uv": [0, 2, 2, 0], "texture": "#0"}
			}
		},
		{
			"from": [7.65966, 7.48588, 1.69213],
			"to": [8.34034, 7.80656, 4.53281],
			"rotation": {"angle": 0, "axis": "y", "origin": [8, 8.77, 5.4]},
			"faces": {
				"north": {"uv": [2, 0, 0, 2], "texture": "#0"},
				"east": {"uv": [2, 0, 0, 2], "texture": "#0"},
				"south": {"uv": [2, 0, 0, 2], "texture": "#0"},
				"west": {"uv": [2, 0, 0, 2], "texture": "#0"},
				"up": {"uv": [0, 2, 2, 0], "texture": "#0"},
				"down": {"uv": [0, 2, 2, 0], "texture": "#0"}
			}
		},
		{
			"from": [7.65966, 7.8, 5.69213],
			"to": [8.34034, 7.92068, 6.13281],
			"rotation": {"angle": 0, "axis": "y", "origin": [8, 8.97, 5.4]},
			"faces": {
				"north": {"uv": [2, 0, 0, 2], "texture": "#0"},
				"east": {"uv": [2, 0, 0, 2], "texture": "#0"},
				"south": {"uv": [2, 0, 0, 2], "texture": "#0"},
				"west": {"uv": [2, 0, 0, 2], "texture": "#0"},
				"up": {"uv": [0, 2, 2, 0], "texture": "#0"},
				"down": {"uv": [0, 2, 2, 0], "texture": "#0"}
			}
		},
		{
			"from": [7.65966, 8.38588, 6.09213],
			"to": [8.34034, 8.80656, 7.13281],
			"rotation": {"angle": 0, "axis": "y", "origin": [8, 9.07, 6.4]},
			"faces": {
				"north": {"uv": [2, 0, 0, 2], "texture": "#0"},
				"east": {"uv": [2, 0, 0, 2], "texture": "#0"},
				"south": {"uv": [2, 0, 0, 2], "texture": "#0"},
				"west": {"uv": [2, 0, 0, 2], "texture": "#0"},
				"up": {"uv": [0, 2, 2, 0], "texture": "#0"},
				"down": {"uv": [0, 2, 2, 0], "texture": "#0"}
			}
		},
		{
			"from": [7.75966, 8.73588, 2.49213],
			"to": [8.24034, 8.85656, 7.13281],
			"rotation": {"angle": 0, "axis": "y", "origin": [8, 9.12, 5.4]},
			"faces": {
				"north": {"uv": [2, 0, 0, 2], "texture": "#0"},
				"east": {"uv": [2, 0, 0, 2], "texture": "#0"},
				"south": {"uv": [2, 0, 0, 2], "texture": "#0"},
				"west": {"uv": [2, 0, 0, 2], "texture": "#0"},
				"up": {"uv": [0, 2, 2, 0], "texture": "#0"},
				"down": {"uv": [0, 2, 2, 0], "texture": "#0"}
			}
		},
		{
			"from": [7.65966, 8.22588, 8.45213],
			"to": [8.34034, 8.32856, 9.47281],
			"rotation": {"angle": 0, "axis": "y", "origin": [8, 9.17, 5]},
			"faces": {
				"north": {"uv": [2, 0, 0, 2], "texture": "#0"},
				"east": {"uv": [2, 0, 0, 2], "texture": "#0"},
				"south": {"uv": [2, 0, 0, 2], "texture": "#0"},
				"west": {"uv": [2, 0, 0, 2], "texture": "#0"},
				"up": {"uv": [0, 2, 2, 0], "texture": "#0"},
				"down": {"uv": [0, 2, 2, 0], "texture": "#0"}
			}
		},
		{
			"from": [7.65966, 8.22588, 7.19213],
			"to": [8.34034, 8.32856, 8.21281],
			"rotation": {"angle": 0, "axis": "y", "origin": [8, 9.17, 5.1]},
			"faces": {
				"north": {"uv": [2, 0, 0, 2], "texture": "#0"},
				"east": {"uv": [2, 0, 0, 2], "texture": "#0"},
				"south": {"uv": [2, 0, 0, 2], "texture": "#0"},
				"west": {"uv": [2, 0, 0, 2], "texture": "#0"},
				"up": {"uv": [0, 2, 2, 0], "texture": "#0"},
				"down": {"uv": [0, 2, 2, 0], "texture": "#0"}
			}
		},
		{
			"from": [7.65966, 8.36588, 7.13213],
			"to": [8.34034, 8.80656, 7.47281],
			"rotation": {"angle": 0, "axis": "y", "origin": [8, 9.07, 6.4]},
			"faces": {
				"north": {"uv": [2, 0, 0, 2], "texture": "#1"},
				"east": {"uv": [2, 0, 0, 2], "texture": "#1"},
				"south": {"uv": [2, 0, 0, 2], "texture": "#1"},
				"west": {"uv": [2, 0, 0, 2], "texture": "#1"},
				"up": {"uv": [0, 2, 2, 0], "texture": "#1"},
				"down": {"uv": [0, 2, 2, 0], "texture": "#1"}
			}
		},
		{
			"from": [7.75966, 8.51588, 7.13281],
			"to": [8.24034, 8.85656, 7.47349],
			"rotation": {"angle": 0, "axis": "y", "origin": [8, 9.12, 6.40068]},
			"faces": {
				"north": {"uv": [2, 0, 0, 2], "texture": "#0"},
				"east": {"uv": [2, 0, 0, 2], "texture": "#0"},
				"south": {"uv": [2, 0, 0, 2], "texture": "#0"},
				"west": {"uv": [2, 0, 0, 2], "texture": "#0"},
				"up": {"uv": [0, 2, 2, 0], "texture": "#0"},
				"down": {"uv": [0, 2, 2, 0], "texture": "#0"}
			}
		},
		{
			"from": [7.677, 5.86289, 3.50825],
			"to": [8.323, 6.71289, 4.18825],
			"rotation": {"angle": 45, "axis": "x", "origin": [8.017, 9.07, 5.4]},
			"faces": {
				"north": {"uv": [2, 0, 0, 2], "texture": "#0"},
				"east": {"uv": [2, 0, 0, 2], "texture": "#0"},
				"south": {"uv": [2, 0, 0, 2], "texture": "#0"},
				"west": {"uv": [2, 0, 0, 2], "texture": "#0"},
				"up": {"uv": [0, 2, 2, 0], "texture": "#0"},
				"down": {"uv": [0, 2, 2, 0], "texture": "#0"}
			}
		},
		{
			"from": [7.745, 6.11038, 4.50575],
			"to": [8.255, 8.49038, 5.75575],
			"rotation": {"angle": 0, "axis": "y", "origin": [8.085, 9.07, 6.15]},
			"faces": {
				"north": {"uv": [2, 0, 0, 2], "texture": "#0"},
				"east": {"uv": [2, 0, 0, 2], "texture": "#0"},
				"south": {"uv": [2, 0, 0, 2], "texture": "#0"},
				"west": {"uv": [2, 0, 0, 2], "texture": "#0"},
				"up": {"uv": [0, 2, 2, 0], "texture": "#0"},
				"down": {"uv": [0, 2, 2, 0], "texture": "#0"}
			}
		},
		{
			"from": [7.694, 6.11038, 4.76075],
			"to": [8.306, 8.49038, 4.93075],
			"rotation": {"angle": 0, "axis": "y", "origin": [8.034, 9.07, 5.215]},
			"faces": {
				"north": {"uv": [2, 0, 0, 2], "texture": "#0"},
				"east": {"uv": [2, 0, 0, 2], "texture": "#0"},
				"south": {"uv": [2, 0, 0, 2], "texture": "#0"},
				"west": {"uv": [2, 0, 0, 2], "texture": "#0"},
				"up": {"uv": [0, 2, 2, 0], "texture": "#0"},
				"down": {"uv": [0, 2, 2, 0], "texture": "#0"}
			}
		},
		{
			"from": [7.745, 5.21549, 4.15878],
			"to": [8.255, 6.69549, 5.40878],
			"rotation": {"angle": -22.5, "axis": "x", "origin": [8.085, 7.27511, 5.80303]},
			"faces": {
				"north": {"uv": [2, 0, 0, 2], "texture": "#0"},
				"east": {"uv": [2, 0, 0, 2], "texture": "#0"},
				"south": {"uv": [2, 0, 0, 2], "texture": "#0"},
				"west": {"uv": [2, 0, 0, 2], "texture": "#0"},
				"up": {"uv": [0, 2, 2, 0], "texture": "#0"},
				"down": {"uv": [0, 2, 2, 0], "texture": "#0"}
			}
		},
		{
			"from": [7.745, 5.00593, 4.18068],
			"to": [8.255, 5.73593, 5.43068],
			"rotation": {"angle": -45, "axis": "x", "origin": [8.085, 6.31555, 5.82493]},
			"faces": {
				"north": {"uv": [2, 0, 0, 2], "texture": "#0"},
				"east": {"uv": [2, 0, 0, 2], "texture": "#0"},
				"south": {"uv": [2, 0, 0, 2], "texture": "#0"},
				"west": {"uv": [2, 0, 0, 2], "texture": "#0"},
				"up": {"uv": [0, 2, 2, 0], "texture": "#0"},
				"down": {"uv": [0, 2, 2, 0], "texture": "#0"}
			}
		},
		{
			"from": [7.694, 5.36009, 5.18436],
			"to": [8.306, 6.24009, 5.35436],
			"rotation": {"angle": -22.5, "axis": "x", "origin": [8.034, 6.81971, 5.63861]},
			"faces": {
				"north": {"uv": [2, 0, 0, 2], "texture": "#0"},
				"east": {"uv": [2, 0, 0, 2], "texture": "#0"},
				"south": {"uv": [2, 0, 0, 2], "texture": "#0"},
				"west": {"uv": [2, 0, 0, 2], "texture": "#0"},
				"up": {"uv": [0, 2, 2, 0], "texture": "#0"},
				"down": {"uv": [0, 2, 2, 0], "texture": "#0"}
			}
		},
		{
			"from": [7.694, 5.0688, 5.23461],
			"to": [8.306, 5.4488, 5.40461],
			"rotation": {"angle": -45, "axis": "x", "origin": [8.034, 6.02842, 5.68886]},
			"faces": {
				"north": {"uv": [2, 0, 0, 2], "texture": "#0"},
				"east": {"uv": [2, 0, 0, 2], "texture": "#0"},
				"south": {"uv": [2, 0, 0, 2], "texture": "#0"},
				"west": {"uv": [2, 0, 0, 2], "texture": "#0"},
				"up": {"uv": [0, 2, 2, 0], "texture": "#0"},
				"down": {"uv": [0, 2, 2, 0], "texture": "#0"}
			}
		},
		{
			"from": [7.694, 5.26009, 4.84436],
			"to": [8.306, 6.24009, 5.01436],
			"rotation": {"angle": -22.5, "axis": "x", "origin": [8.034, 6.81971, 5.29861]},
			"faces": {
				"north": {"uv": [2, 0, 0, 2], "texture": "#0"},
				"east": {"uv": [2, 0, 0, 2], "texture": "#0"},
				"south": {"uv": [2, 0, 0, 2], "texture": "#0"},
				"west": {"uv": [2, 0, 0, 2], "texture": "#0"},
				"up": {"uv": [0, 2, 2, 0], "texture": "#0"},
				"down": {"uv": [0, 2, 2, 0], "texture": "#0"}
			}
		},
		{
			"from": [7.694, 4.87641, 4.93288],
			"to": [8.306, 5.35641, 5.10288],
			"rotation": {"angle": -45, "axis": "x", "origin": [8.034, 5.93603, 5.38713]},
			"faces": {
				"north": {"uv": [2, 0, 0, 2], "texture": "#0"},
				"east": {"uv": [2, 0, 0, 2], "texture": "#0"},
				"south": {"uv": [2, 0, 0, 2], "texture": "#0"},
				"west": {"uv": [2, 0, 0, 2], "texture": "#0"},
				"up": {"uv": [0, 2, 2, 0], "texture": "#0"},
				"down": {"uv": [0, 2, 2, 0], "texture": "#0"}
			}
		},
		{
			"from": [7.694, 5.16009, 4.50436],
			"to": [8.306, 6.24009, 4.67436],
			"rotation": {"angle": -22.5, "axis": "x", "origin": [8.034, 6.81971, 4.95861]},
			"faces": {
				"north": {"uv": [2, 0, 0, 2], "texture": "#0"},
				"east": {"uv": [2, 0, 0, 2], "texture": "#0"},
				"south": {"uv": [2, 0, 0, 2], "texture": "#0"},
				"west": {"uv": [2, 0, 0, 2], "texture": "#0"},
				"up": {"uv": [0, 2, 2, 0], "texture": "#0"},
				"down": {"uv": [0, 2, 2, 0], "texture": "#0"}
			}
		},
		{
			"from": [7.694, 4.68403, 4.63115],
			"to": [8.306, 5.26403, 4.80115],
			"rotation": {"angle": -45, "axis": "x", "origin": [8.034, 5.84365, 5.0854]},
			"faces": {
				"north": {"uv": [2, 0, 0, 2], "texture": "#0"},
				"east": {"uv": [2, 0, 0, 2], "texture": "#0"},
				"south": {"uv": [2, 0, 0, 2], "texture": "#0"},
				"west": {"uv": [2, 0, 0, 2], "texture": "#0"},
				"up": {"uv": [0, 2, 2, 0], "texture": "#0"},
				"down": {"uv": [0, 2, 2, 0], "texture": "#0"}
			}
		},
		{
			"from": [7.694, 6.11038, 5.44075],
			"to": [8.306, 8.49038, 5.61075],
			"rotation": {"angle": 0, "axis": "y", "origin": [8.034, 9.07, 5.895]},
			"faces": {
				"north": {"uv": [2, 0, 0, 2], "texture": "#0"},
				"east": {"uv": [2, 0, 0, 2], "texture": "#0"},
				"south": {"uv": [2, 0, 0, 2], "texture": "#0"},
				"west": {"uv": [2, 0, 0, 2], "texture": "#0"},
				"up": {"uv": [0, 2, 2, 0], "texture": "#0"},
				"down": {"uv": [0, 2, 2, 0], "texture": "#0"}
			}
		},
		{
			"from": [7.694, 6.11038, 5.10075],
			"to": [8.306, 8.49038, 5.27075],
			"rotation": {"angle": 0, "axis": "y", "origin": [8.034, 9.07, 5.555]},
			"faces": {
				"north": {"uv": [2, 0, 0, 2], "texture": "#0"},
				"east": {"uv": [2, 0, 0, 2], "texture": "#0"},
				"south": {"uv": [2, 0, 0, 2], "texture": "#0"},
				"west": {"uv": [2, 0, 0, 2], "texture": "#0"},
				"up": {"uv": [0, 2, 2, 0], "texture": "#0"},
				"down": {"uv": [0, 2, 2, 0], "texture": "#0"}
			}
		},
		{
			"from": [7.845, 7.03038, 4.11575],
			"to": [8.155, 7.51038, 4.35575],
			"rotation": {"angle": 0, "axis": "y", "origin": [8.085, 8.77, 6.1]},
			"faces": {
				"north": {"uv": [2, 0, 0, 2], "texture": "#0"},
				"east": {"uv": [2, 0, 0, 2], "texture": "#0"},
				"south": {"uv": [2, 0, 0, 2], "texture": "#0"},
				"west": {"uv": [2, 0, 0, 2], "texture": "#0"},
				"up": {"uv": [0, 2, 2, 0], "texture": "#0"},
				"down": {"uv": [0, 2, 2, 0], "texture": "#0"}
			}
		},
		{
			"from": [7.845, 7.51384, 3.48267],
			"to": [8.155, 7.69384, 3.72267],
			"rotation": {"angle": -22.5, "axis": "x", "origin": [8.085, 8.95346, 5.46692]},
			"faces": {
				"north": {"uv": [2, 0, 0, 2], "texture": "#0"},
				"east": {"uv": [2, 0, 0, 2], "texture": "#0"},
				"south": {"uv": [2, 0, 0, 2], "texture": "#0"},
				"west": {"uv": [2, 0, 0, 2], "texture": "#0"},
				"up": {"uv": [0, 2, 2, 0], "texture": "#0"},
				"down": {"uv": [0, 2, 2, 0], "texture": "#0"}
			}
		},
		{
			"from": [7.83, 7.882, 9.53575],
			"to": [8.17, 8.222, 14.27575],
			"rotation": {"angle": 0, "axis": "y", "origin": [8.17, 8.97, 5.4]},
			"faces": {
				"north": {"uv": [2, 0, 0, 2], "texture": "#0"},
				"east": {"uv": [2, 0, 0, 2], "texture": "#0"},
				"south": {"uv": [2, 0, 0, 2], "texture": "#0"},
				"west": {"uv": [2, 0, 0, 2], "texture": "#0"},
				"up": {"uv": [0, 2, 2, 0], "texture": "#0"},
				"down": {"uv": [0, 2, 2, 0], "texture": "#0"}
			}
		},
		{
			"from": [7.9295, 8.2745, 13.93525],
			"to": [8.0705, 8.6155, 14.07625],
			"rotation": {"angle": 0, "axis": "y", "origin": [8.07, 9.32, 3.4]},
			"faces": {
				"north": {"uv": [2, 0, 0, 2], "texture": "#0"},
				"east": {"uv": [2, 0, 0, 2], "texture": "#0"},
				"south": {"uv": [2, 0, 0, 2], "texture": "#0"},
				"west": {"uv": [2, 0, 0, 2], "texture": "#0"},
				"up": {"uv": [0, 2, 2, 0], "texture": "#0"},
				"down": {"uv": [0, 2, 2, 0], "texture": "#0"}
			}
		},
		{
			"from": [7.93, 8.615, 13.23575],
			"to": [8.07, 8.755, 14.07575],
			"rotation": {"angle": 0, "axis": "y", "origin": [8.07, 9.66, 3.4]},
			"faces": {
				"north": {"uv": [12, 9, 10, 11], "texture": "#0"},
				"east": {"uv": [12, 9, 10, 11], "texture": "#0"},
				"south": {"uv": [12, 9, 10, 11], "texture": "#0"},
				"west": {"uv": [12, 9, 10, 11], "texture": "#0"},
				"up": {"uv": [12, 9, 10, 11], "texture": "#0"},
				"down": {"uv": [12, 9, 10, 11], "texture": "#0"}
			}
		},
		{
			"from": [7.93, 8.755, 13.43575],
			"to": [8.07, 8.895, 14.07575],
			"rotation": {"angle": 0, "axis": "y", "origin": [8.07, 9.8, 3.4]},
			"faces": {
				"north": {"uv": [2, 7, 0, 9], "texture": "#0"},
				"east": {"uv": [2, 7, 0, 9], "texture": "#0"},
				"south": {"uv": [2, 7, 0, 9], "texture": "#0"},
				"west": {"uv": [2, 7, 0, 9], "texture": "#0"},
				"up": {"uv": [2, 7, 0, 9], "texture": "#0"},
				"down": {"uv": [2, 7, 0, 9], "texture": "#0"}
			}
		},
		{
			"from": [7.93, 8.895, 13.53575],
			"to": [8.07, 9.035, 14.07575],
			"rotation": {"angle": 0, "axis": "y", "origin": [8.07, 9.94, 3.4]},
			"faces": {
				"north": {"uv": [7, 9, 5, 11], "texture": "#0"},
				"east": {"uv": [7, 9, 5, 11], "texture": "#0"},
				"south": {"uv": [7, 9, 5, 11], "texture": "#0"},
				"west": {"uv": [7, 9, 5, 11], "texture": "#0"},
				"up": {"uv": [7, 9, 5, 11], "texture": "#0"},
				"down": {"uv": [7, 9, 5, 11], "texture": "#0"}
			}
		},
		{
			"from": [7.93, 9.035, 13.63575],
			"to": [8.07, 9.175, 14.07575],
			"rotation": {"angle": 0, "axis": "y", "origin": [8.07, 10.08, 3.4]},
			"faces": {
				"north": {"uv": [14, 10, 12, 12], "texture": "#0"},
				"east": {"uv": [14, 10, 12, 12], "texture": "#0"},
				"south": {"uv": [14, 10, 12, 12], "texture": "#0"},
				"west": {"uv": [14, 10, 12, 12], "texture": "#0"},
				"up": {"uv": [14, 10, 12, 12], "texture": "#0"},
				"down": {"uv": [14, 10, 12, 12], "texture": "#0"}
			}
		},
		{
			"from": [7.905, 9.15, 13.61075],
			"to": [8.095, 9.34, 14.10075],
			"rotation": {"angle": 0, "axis": "y", "origin": [8.07, 10.22, 3.4]},
			"faces": {
				"north": {"uv": [2, 0, 0, 2], "texture": "#0"},
				"east": {"uv": [2, 0, 0, 2], "texture": "#0"},
				"south": {"uv": [2, 0, 0, 2], "texture": "#0"},
				"west": {"uv": [2, 0, 0, 2], "texture": "#0"},
				"up": {"uv": [0, 2, 2, 0], "texture": "#0"},
				"down": {"uv": [0, 2, 2, 0], "texture": "#0"}
			}
		},
		{
			"from": [7.93, 8.275, 13.23575],
			"to": [8.07, 8.415, 14.07575],
			"rotation": {"angle": 0, "axis": "y", "origin": [8.07, 9.32, 3.4]},
			"faces": {
				"north": {"uv": [2, 0, 0, 2], "texture": "#0"},
				"east": {"uv": [2, 0, 0, 2], "texture": "#0"},
				"south": {"uv": [2, 0, 0, 2], "texture": "#0"},
				"west": {"uv": [2, 0, 0, 2], "texture": "#0"},
				"up": {"uv": [0, 2, 2, 0], "texture": "#0"},
				"down": {"uv": [0, 2, 2, 0], "texture": "#0"}
			}
		},
		{
			"from": [7.93, 8.275, 10.83575],
			"to": [8.07, 8.415, 11.17575],
			"rotation": {"angle": 0, "axis": "y", "origin": [8.07, 9.32, 0.6]},
			"faces": {
				"north": {"uv": [2, 0, 0, 2], "texture": "#0"},
				"east": {"uv": [2, 0, 0, 2], "texture": "#0"},
				"south": {"uv": [2, 0, 0, 2], "texture": "#0"},
				"west": {"uv": [2, 0, 0, 2], "texture": "#0"},
				"up": {"uv": [0, 2, 2, 0], "texture": "#0"},
				"down": {"uv": [0, 2, 2, 0], "texture": "#0"}
			}
		},
		{
			"from": [7.9295, 8.2745, 13.23525],
			"to": [8.0705, 8.6155, 13.37625],
			"rotation": {"angle": 0, "axis": "y", "origin": [8.07, 8.303, 13.2]},
			"faces": {
				"north": {"uv": [2, 0, 0, 2], "texture": "#0"},
				"east": {"uv": [2, 0, 0, 2], "texture": "#0"},
				"south": {"uv": [2, 0, 0, 2], "texture": "#0"},
				"west": {"uv": [2, 0, 0, 2], "texture": "#0"},
				"up": {"uv": [0, 2, 2, 0], "texture": "#0"},
				"down": {"uv": [0, 2, 2, 0], "texture": "#0"}
			}
		},
		{
			"from": [7.93, 8.62563, 13.61957],
			"to": [8.07, 9.36563, 13.75957],
			"rotation": {"angle": 45, "axis": "x", "origin": [8.07, 9.15363, 13.58382]},
			"faces": {
				"north": {"uv": [2, 0, 0, 2], "texture": "#0"},
				"east": {"uv": [2, 0, 0, 2], "texture": "#0"},
				"south": {"uv": [2, 0, 0, 2], "texture": "#0"},
				"west": {"uv": [2, 0, 0, 2], "texture": "#0"},
				"up": {"uv": [0, 2, 2, 0], "texture": "#0"},
				"down": {"uv": [0, 2, 2, 0], "texture": "#0"}
			}
		},
		{
			"from": [7.78, 7.835, 13.23575],
			"to": [8.22, 8.275, 14.07575],
			"rotation": {"angle": 0, "axis": "y", "origin": [8.12, 8.923, 2.7]},
			"faces": {
				"north": {"uv": [2, 0, 0, 2], "texture": "#0"},
				"east": {"uv": [2, 0, 0, 2], "texture": "#0"},
				"south": {"uv": [2, 0, 0, 2], "texture": "#0"},
				"west": {"uv": [2, 0, 0, 2], "texture": "#0"},
				"up": {"uv": [0, 2, 2, 0], "texture": "#0"},
				"down": {"uv": [0, 2, 2, 0], "texture": "#0"}
			}
		},
		{
			"from": [7.78, 7.835, 10.83575],
			"to": [8.22, 8.275, 11.57575],
			"rotation": {"angle": 0, "axis": "y", "origin": [8.12, 8.923, 0.5]},
			"faces": {
				"north": {"uv": [2, 0, 0, 2], "texture": "#0"},
				"east": {"uv": [2, 0, 0, 2], "texture": "#0"},
				"south": {"uv": [2, 0, 0, 2], "texture": "#0"},
				"west": {"uv": [2, 0, 0, 2], "texture": "#0"},
				"up": {"uv": [0, 2, 2, 0], "texture": "#0"},
				"down": {"uv": [0, 2, 2, 0], "texture": "#0"}
			}
		},
		{
			"from": [7.78, 8.435, 10.83575],
			"to": [8.22, 8.875, 11.17575],
			"rotation": {"angle": 0, "axis": "y", "origin": [8.12, 9.523, 0.1]},
			"faces": {
				"north": {"uv": [2, 0, 0, 2], "texture": "#0"},
				"east": {"uv": [2, 0, 0, 2], "texture": "#0"},
				"south": {"uv": [2, 0, 0, 2], "texture": "#0"},
				"west": {"uv": [2, 0, 0, 2], "texture": "#0"},
				"up": {"uv": [0, 2, 2, 0], "texture": "#0"},
				"down": {"uv": [0, 2, 2, 0], "texture": "#0"}
			}
		},
		{
			"from": [7.68, 7.635, 9.63575],
			"to": [8.32, 8.835, 9.77575],
			"rotation": {"angle": 0, "axis": "y", "origin": [8.12, 8.823, -0.9]},
			"faces": {
				"north": {"uv": [2, 0, 0, 2], "texture": "#0"},
				"east": {"uv": [2, 0, 0, 2], "texture": "#0"},
				"south": {"uv": [2, 0, 0, 2], "texture": "#0"},
				"west": {"uv": [2, 0, 0, 2], "texture": "#0"},
				"up": {"uv": [0, 2, 2, 0], "texture": "#0"},
				"down": {"uv": [0, 2, 2, 0], "texture": "#0"}
			}
		},
		{
			"from": [7.83, 8.458, 7.49575],
			"to": [8.17, 8.798, 11.23575],
			"rotation": {"angle": 0, "axis": "y", "origin": [8.17, 9.07, 5.4]},
			"faces": {
				"north": {"uv": [2, 0, 0, 2], "texture": "#0"},
				"east": {"uv": [2, 0, 0, 2], "texture": "#0"},
				"south": {"uv": [2, 0, 0, 2], "texture": "#0"},
				"west": {"uv": [2, 0, 0, 2], "texture": "#0"},
				"up": {"uv": [0, 2, 2, 0], "texture": "#0"},
				"down": {"uv": [0, 2, 2, 0], "texture": "#0"}
			}
		},
		{
			"from": [7.83, 8.458, 2.05575],
			"to": [8.17, 8.628, 2.39575],
			"rotation": {"angle": 0, "axis": "y", "origin": [8.17, 9.07, 5.4]},
			"faces": {
				"north": {"uv": [2, 0, 0, 2], "texture": "#0"},
				"east": {"uv": [2, 0, 0, 2], "texture": "#0"},
				"south": {"uv": [2, 0, 0, 2], "texture": "#0"},
				"west": {"uv": [2, 0, 0, 2], "texture": "#0"},
				"up": {"uv": [0, 2, 2, 0], "texture": "#0"},
				"down": {"uv": [0, 2, 2, 0], "texture": "#0"}
			}
		},
		{
			"from": [7.915, 6.95988, 3.37811],
			"to": [8.085, 6.99388, 4.15811],
			"rotation": {"angle": 0, "axis": "y", "origin": [8.255, 8.79588, 5.70236]},
			"faces": {
				"north": {"uv": [2, 0, 0, 2], "texture": "#0"},
				"east": {"uv": [2, 0, 0, 2], "texture": "#0"},
				"south": {"uv": [2, 0, 0, 2], "texture": "#0"},
				"west": {"uv": [2, 0, 0, 2], "texture": "#0"},
				"up": {"uv": [0, 2, 2, 0], "texture": "#0"},
				"down": {"uv": [0, 2, 2, 0], "texture": "#0"}
			}
		},
		{
			"from": [7.915, 7.574, 2.748],
			"to": [8.085, 8.254, 2.782],
			"rotation": {"angle": 0, "axis": "y", "origin": [8.255, 7.37, 2.68]},
			"faces": {
				"north": {"uv": [2, 0, 0, 2], "texture": "#0"},
				"east": {"uv": [0, 2, 2, 0], "rotation": 270, "texture": "#0"},
				"south": {"uv": [2, 0, 0, 2], "rotation": 180, "texture": "#0"},
				"west": {"uv": [0, 2, 2, 0], "rotation": 90, "texture": "#0"},
				"up": {"uv": [0, 2, 2, 0], "rotation": 180, "texture": "#0"},
				"down": {"uv": [0, 2, 2, 0], "texture": "#0"}
			}
		},
		{
			"from": [7.915, 6.89763, 3.20113],
			"to": [8.085, 7.23763, 3.23513],
			"rotation": {"angle": -22.5, "axis": "x", "origin": [8.255, 7.37363, 3.13313]},
			"faces": {
				"north": {"uv": [2, 0, 0, 2], "texture": "#0"},
				"east": {"uv": [0, 2, 2, 0], "rotation": 270, "texture": "#0"},
				"south": {"uv": [2, 0, 0, 2], "rotation": 180, "texture": "#0"},
				"west": {"uv": [0, 2, 2, 0], "rotation": 90, "texture": "#0"},
				"up": {"uv": [0, 2, 2, 0], "rotation": 180, "texture": "#0"},
				"down": {"uv": [0, 2, 2, 0], "texture": "#0"}
			}
		},
		{
			"from": [7.915, 7.02068, 3.37408],
			"to": [8.085, 7.19068, 3.40808],
			"rotation": {"angle": -22.5, "axis": "x", "origin": [8.255, 7.49668, 3.30608]},
			"faces": {
				"north": {"uv": [2, 0, 0, 2], "texture": "#0"},
				"east": {"uv": [0, 2, 2, 0], "rotation": 270, "texture": "#0"},
				"south": {"uv": [2, 0, 0, 2], "rotation": 180, "texture": "#0"},
				"west": {"uv": [0, 2, 2, 0], "rotation": 90, "texture": "#0"},
				"up": {"uv": [0, 2, 2, 0], "rotation": 180, "texture": "#0"},
				"down": {"uv": [0, 2, 2, 0], "texture": "#0"}
			}
		},
		{
			"from": [7.915, 7.24, 3.486],
			"to": [8.085, 7.92, 3.52],
			"rotation": {"angle": 0, "axis": "y", "origin": [8.255, 8.77, 5.9]},
			"faces": {
				"north": {"uv": [2, 0, 0, 2], "texture": "#0"},
				"east": {"uv": [0, 2, 2, 0], "rotation": 270, "texture": "#0"},
				"south": {"uv": [2, 0, 0, 2], "rotation": 180, "texture": "#0"},
				"west": {"uv": [0, 2, 2, 0], "rotation": 90, "texture": "#0"},
				"up": {"uv": [0, 2, 2, 0], "rotation": 180, "texture": "#0"},
				"down": {"uv": [0, 2, 2, 0], "texture": "#0"}
			}
		},
		{
			"from": [7.66, 7.712, 5.81622],
			"to": [8.34, 8.392, 9.73622],
			"rotation": {"angle": 0, "axis": "y", "origin": [8, 8.97, 5.4]},
			"faces": {
				"north": {"uv": [5, 14, 7, 1], "rotation": 270, "texture": "#1"},
				"east": {"uv": [12, 16, 14, 3], "rotation": 270, "texture": "#1"},
				"south": {"uv": [5, 14, 7, 12], "rotation": 270, "texture": "#1"},
				"west": {"uv": [5, 14, 7, 1], "rotation": 270, "texture": "#1"},
				"up": {"uv": [16, 1, 3, 3], "rotation": 270, "texture": "#1"},
				"down": {"uv": [15, 8, 2, 10], "rotation": 270, "texture": "#1"}
			}
		},
		{
			"from": [7.71, 7.612, 0.71622],
			"to": [8.29, 8.292, 2.13622],
			"rotation": {"angle": 0, "axis": "y", "origin": [8.05, 8.87, -2.7]},
			"faces": {
				"north": {"uv": [12, 7, 14, 3], "rotation": 270, "texture": "#1"},
				"east": {"uv": [12, 7, 14, 3], "rotation": 270, "texture": "#1"},
				"south": {"uv": [12, 7, 14, 3], "rotation": 270, "texture": "#1"},
				"west": {"uv": [12, 7, 14, 3], "rotation": 270, "texture": "#1"},
				"up": {"uv": [12, 7, 14, 3], "rotation": 270, "texture": "#1"},
				"down": {"uv": [12, 7, 14, 3], "rotation": 270, "texture": "#1"}
			}
		},
		{
			"from": [7.7125, 7.4145, 0.31872],
			"to": [8.2875, 8.0895, 1.73372],
			"rotation": {"angle": 0, "axis": "y", "origin": [8.05, 8.67, -3.1]},
			"faces": {
				"north": {"uv": [12, 7, 14, 3], "rotation": 270, "texture": "#1"},
				"east": {"uv": [12, 7, 14, 3], "rotation": 270, "texture": "#1"},
				"south": {"uv": [12, 7, 14, 3], "rotation": 270, "texture": "#1"},
				"west": {"uv": [12, 7, 14, 3], "rotation": 270, "texture": "#1"},
				"up": {"uv": [12, 7, 14, 3], "rotation": 270, "texture": "#1"},
				"down": {"uv": [12, 7, 14, 3], "rotation": 270, "texture": "#1"}
			}
		},
		{
			"from": [7.72, 6.462, -2.07378],
			"to": [8.28, 7.122, -0.67378],
			"rotation": {"angle": 0, "axis": "y", "origin": [8.05, 7.71, -4.5]},
			"faces": {
				"north": {"uv": [2, 10, 5, 5], "rotation": 270, "texture": "#1"},
				"east": {"uv": [2, 10, 5, 5], "rotation": 270, "texture": "#1"},
				"south": {"uv": [2, 10, 5, 5], "rotation": 270, "texture": "#1"},
				"west": {"uv": [2, 10, 5, 5], "rotation": 270, "texture": "#1"},
				"up": {"uv": [2, 10, 5, 5], "rotation": 270, "texture": "#1"},
				"down": {"uv": [2, 10, 5, 5], "rotation": 270, "texture": "#1"}
			}
		},
		{
			"from": [7.72, 6.002, -2.07378],
			"to": [8.28, 6.462, -1.77378],
			"rotation": {"angle": 0, "axis": "y", "origin": [8.05, 7.05, -4.5]},
			"faces": {
				"north": {"uv": [2, 5.32, 2.48, 5], "rotation": 270, "texture": "#1"},
				"east": {"uv": [2, 5.32, 2.48, 5], "rotation": 270, "texture": "#1"},
				"south": {"uv": [2, 5.32, 2.48, 5], "rotation": 270, "texture": "#1"},
				"west": {"uv": [2, 5.32, 2.48, 5], "rotation": 270, "texture": "#1"},
				"up": {"uv": [2, 5.32, 2.48, 5], "rotation": 270, "texture": "#1"},
				"down": {"uv": [2, 5.32, 2.48, 5], "rotation": 270, "texture": "#1"}
			}
		},
		{
			"from": [7.72, 7.122, -2.07378],
			"to": [8.28, 7.782, 0.32622],
			"rotation": {"angle": 0, "axis": "y", "origin": [8.05, 8.37, -4.5]},
			"faces": {
				"north": {"uv": [2, 9, 4, 5], "rotation": 270, "texture": "#1"},
				"east": {"uv": [2, 9, 4, 5], "rotation": 270, "texture": "#1"},
				"south": {"uv": [2, 9, 4, 5], "rotation": 270, "texture": "#1"},
				"west": {"uv": [2, 9, 4, 5], "rotation": 270, "texture": "#1"},
				"up": {"uv": [2, 9, 4, 5], "rotation": 270, "texture": "#1"},
				"down": {"uv": [2, 9, 4, 5], "rotation": 270, "texture": "#1"}
			}
		},
		{
			"from": [7.71, 7.612, -2.08378],
			"to": [8.29, 8.292, 0.33622],
			"rotation": {"angle": 0, "axis": "y", "origin": [8.05, 8.87, -4.5]},
			"faces": {
				"north": {"uv": [10, 9, 14, 3], "rotation": 270, "texture": "#1"},
				"east": {"uv": [10, 9, 14, 3], "rotation": 270, "texture": "#1"},
				"south": {"uv": [10, 9, 14, 3], "rotation": 270, "texture": "#1"},
				"west": {"uv": [10, 9, 14, 3], "rotation": 270, "texture": "#1"},
				"up": {"uv": [10, 9, 14, 3], "rotation": 270, "texture": "#1"},
				"down": {"uv": [10, 9, 14, 3], "rotation": 270, "texture": "#1"}
			}
		},
		{
			"from": [7.7, 6.002, -2.09378],
			"to": [8.3, 8.302, -1.95378],
			"rotation": {"angle": 0, "axis": "y", "origin": [8.05, 8.87, -4.5]},
			"faces": {
				"north": {"uv": [0, 0, 16, 16], "rotation": 270, "texture": "#0"},
				"east": {"uv": [0, 0, 16, 16], "rotation": 270, "texture": "#0"},
				"south": {"uv": [0, 0, 16, 16], "rotation": 270, "texture": "#0"},
				"west": {"uv": [0, 0, 16, 16], "rotation": 270, "texture": "#0"},
				"up": {"uv": [0, 0, 16, 16], "rotation": 270, "texture": "#0"},
				"down": {"uv": [0, 0, 16, 16], "rotation": 270, "texture": "#0"}
			}
		},
		{
			"from": [7.715, 5.4755, -0.79706],
			"to": [8.285, 6.1455, 1.61294],
			"rotation": {"angle": -22.5, "axis": "x", "origin": [8.05, 6.7285, -3.21828]},
			"faces": {
				"north": {"uv": [12, 7, 14, 3], "rotation": 270, "texture": "#1"},
				"east": {"uv": [12, 7, 14, 3], "rotation": 270, "texture": "#1"},
				"south": {"uv": [12, 7, 14, 3], "rotation": 270, "texture": "#1"},
				"west": {"uv": [12, 7, 14, 3], "rotation": 270, "texture": "#1"},
				"up": {"uv": [12, 7, 14, 3], "rotation": 270, "texture": "#1"},
				"down": {"uv": [12, 7, 14, 3], "rotation": 270, "texture": "#1"}
			}
		},
		{
			"from": [7.715, 4.55323, -2.02361],
			"to": [8.285, 5.22323, -0.61361],
			"rotation": {"angle": -22.5, "axis": "x", "origin": [8.05, 5.80623, -5.44483]},
			"faces": {
				"north": {"uv": [12, 5, 14, 3], "rotation": 270, "texture": "#1"},
				"east": {"uv": [12, 5, 14, 3], "rotation": 270, "texture": "#1"},
				"south": {"uv": [12, 5, 14, 3], "rotation": 270, "texture": "#1"},
				"west": {"uv": [12, 5, 14, 3], "rotation": 270, "texture": "#1"},
				"up": {"uv": [12, 5, 14, 3], "rotation": 270, "texture": "#1"},
				"down": {"uv": [12, 5, 14, 3], "rotation": 270, "texture": "#1"}
			}
		},
		{
			"from": [7.76, 7.662, 6.16622],
			"to": [8.24, 8.242, 9.63622],
			"rotation": {"angle": 0, "axis": "y", "origin": [8, 8.82, 5.4]},
			"faces": {
				"north": {"uv": [5, 14, 7, 1], "rotation": 270, "texture": "#1"},
				"east": {"uv": [12, 13, 14, 3], "rotation": 270, "texture": "#1"},
				"south": {"uv": [5, 14, 7, 12], "rotation": 270, "texture": "#1"},
				"west": {"uv": [5, 11, 7, 1], "rotation": 270, "texture": "#1"},
				"up": {"uv": [7, 1, 5, 14], "rotation": 270, "texture": "#1"},
				"down": {"uv": [15, 8, 2, 10], "rotation": 270, "texture": "#1"}
			}
		},
		{
			"from": [7.66, 8.392, 7.42],
			"to": [8.34, 8.832, 8.55],
			"rotation": {"angle": 0, "axis": "y", "origin": [8, 9.07, 5.4]},
			"faces": {
				"north": {"uv": [12, 11, 13, 4], "rotation": 270, "texture": "#1"},
				"east": {"uv": [12, 8, 13, 4], "rotation": 270, "texture": "#1"},
				"south": {"uv": [11, 11, 13, 8], "rotation": 270, "texture": "#1"},
				"west": {"uv": [12, 8, 13, 4], "rotation": 270, "texture": "#1"},
				"up": {"uv": [10, 3, 6, 5], "rotation": 270, "texture": "#1"},
				"down": {"uv": [13, 4, 12, 11], "rotation": 270, "texture": "#1"}
			}
		},
		{
			"from": [7.66, 8.392, 8.55],
			"to": [8.34, 8.832, 9.68],
			"rotation": {"angle": 0, "axis": "y", "origin": [8, 9.07, 6.53]},
			"faces": {
				"north": {"uv": [12, 11, 13, 4], "rotation": 270, "texture": "#1"},
				"east": {"uv": [12, 8, 13, 4], "rotation": 270, "texture": "#1"},
				"south": {"uv": [11, 11, 13, 8], "rotation": 270, "texture": "#1"},
				"west": {"uv": [12, 8, 13, 4], "rotation": 270, "texture": "#1"},
				"up": {"uv": [10, 3, 6, 5], "rotation": 270, "texture": "#1"},
				"down": {"uv": [13, 4, 12, 11], "rotation": 270, "texture": "#1"}
			}
		},
		{
			"from": [7.6634, 7.66093, 2.07962],
			"to": [8.3366, 7.99413, 2.75282],
			"rotation": {"angle": 0, "axis": "y", "origin": [8, 9.07, 5.4]},
			"faces": {
				"north": {"uv": [16, 0, 14, 2], "texture": "#0"},
				"east": {"uv": [14, 2, 16, 0], "rotation": 90, "texture": "#0"},
				"south": {"uv": [16, 0, 14, 2], "rotation": 180, "texture": "#0"},
				"west": {"uv": [14, 2, 16, 0], "rotation": 270, "texture": "#0"},
				"up": {"uv": [14, 2, 16, 0], "texture": "#0"},
				"down": {"uv": [14, 2, 16, 0], "rotation": 180, "texture": "#0"}
			}
		},
		{
			"from": [7.6634, 7.66093, 1.65642],
			"to": [8.3366, 8.24413, 2.07962],
			"rotation": {"angle": 0, "axis": "y", "origin": [8, 9.07, 4.7268]},
			"faces": {
				"north": {"uv": [16, 0, 14, 2], "texture": "#0"},
				"east": {"uv": [14, 2, 16, 0], "rotation": 90, "texture": "#0"},
				"south": {"uv": [16, 0, 14, 2], "rotation": 180, "texture": "#0"},
				"west": {"uv": [14, 2, 16, 0], "rotation": 270, "texture": "#0"},
				"up": {"uv": [14, 2, 16, 0], "texture": "#0"},
				"down": {"uv": [14, 2, 16, 0], "rotation": 180, "texture": "#0"}
			}
		}
	],
	"overrides": [
		{
			"predicate": {
				"pulling": 1
			},
			"model": "item/bow_pulling_0"
		},
		{
			"predicate": {
				"pulling": 1,
				"pull": 0.65
			},
			"model": "item/bow_pulling_1"
		},
		{
			"predicate": {
				"pulling": 1,
				"pull": 0.9
			},
			"model": "item/bow_pulling_2"
		}
	],
	"display": {
		"thirdperson_righthand": {
			"rotation": [1, 180, 0],
			"translation": [-0.5, 1, -6.8],
			"scale": [1.6, 1.6, 1.6]
		},
		"thirdperson_lefthand": {
			"rotation": [1, 180, 0],
			"translation": [-0.5, 1, -6.8],
			"scale": [1.6, 1.6, 1.6]
		},
		"firstperson_righthand": {
			"rotation": [16, -180, -1],
			"translation": [1, 3.5, -2.25]
		},
		"firstperson_lefthand": {
			"rotation": [16, -180, 1],
			"translation": [2.75, 3.5, -2.25]
		},
		"ground": {
			"rotation": [0, 0, 90],
			"translation": [0, -1, 3.75],
			"scale": [1.6, 1.6, 1.6]
		},
		"gui": {
			"rotation": [-90, -45, -90],
			"translation": [0, 1.25, 0]
		},
		"head": {
			"rotation": [89, -50, 90],
			"translation": [-3.25, -15.5, 4],
			"scale": [2.6, 2.6, 2.6]
		},
		"fixed": {
			"rotation": [0, -90, 0],
			"translation": [-6.5, -0.3, -0.5],
			"scale": [3.4, 3.4, 3.4]
		}
	},
	"groups": [
		{
			"name": "ak47",
			"origin": [8, 8, 8],
			"children": [0, 1, 2, 3, 4, 5, 6, 7, 8, 9, 10, 11, 12, 13,
				{
					"name": "group",
					"origin": [8.034, 7.77, 6.715],
					"children": [14, 15, 16, 17, 18, 19, 20, 21]
				}, 22, 23, 24, 25, 26, 27, 28, 29, 30, 31, 32, 33, 34, 35, 36, 37, 38, 39, 40, 41, 42, 43, 44, 45, 46, 47, 48, 49, 50, 51, 52, 53, 54, 55, 56, 57, 58, 59, 60, 61, 62]
		}
	]
}