{
	"credit": "Made with Blockbench",
	"textures": {
		"0": "./black_concrete",
		"particle": "./black_concrete"
	},
	"elements": [
		{
			"from": [7.66, 4.95521, 2.9254],
			"to": [8.34, 6.65521, 3.8554],
			"rotation": {"angle": 22.5, "axis": "x", "origin": [8, 8.77, 5.7]},
			"faces": {
				"north": {"uv": [16, 0, 14, 4], "texture": "#0"},
				"east": {"uv": [16, 0, 14, 4], "texture": "#0"},
				"south": {"uv": [16, 0, 14, 4], "texture": "#0"},
				"west": {"uv": [16, 0, 14, 4], "texture": "#0"},
				"up": {"uv": [14, 5, 16, 3], "texture": "#0"},
				"down": {"uv": [7, 8, 9, 6], "texture": "#0"}
			}
		},
		{
			"from": [7.66, 6.10739, 1.67675],
			"to": [8.34, 6.30739, 2.20675],
			"rotation": {"angle": 0, "axis": "x", "origin": [8, 9.92218, 4.45135]},
			"faces": {
				"north": {"uv": [16, 0, 14, 4], "texture": "#0"},
				"east": {"uv": [16, 0, 14, 4], "texture": "#0"},
				"south": {"uv": [16, 0, 14, 4], "texture": "#0"},
				"west": {"uv": [16, 0, 14, 4], "texture": "#0"},
				"up": {"uv": [14, 5, 16, 3], "texture": "#0"},
				"down": {"uv": [7, 8, 9, 6], "texture": "#0"}
			}
		},
		{
			"from": [7.655, 5.90239, 1.67175],
			"to": [8.345, 6.11239, 2.71175],
			"rotation": {"angle": 0, "axis": "x", "origin": [8, 8.42218, 4.45135]},
			"faces": {
				"north": {"uv": [16, 0, 14, 1], "texture": "#0"},
				"east": {"uv": [16, 0, 14, 1], "texture": "#0"},
				"south": {"uv": [16, 0, 14, 1], "texture": "#0"},
				"west": {"uv": [16, 0, 14, 1], "texture": "#0"},
				"up": {"uv": [14, 5, 16, 3], "texture": "#0"},
				"down": {"uv": [7, 8, 9, 6], "texture": "#0"}
			}
		},
		{
			"from": [7.60966, 7.68588, 2.19213],
			"to": [8.39034, 8.80656, 5.93281],
			"rotation": {"angle": 0, "axis": "y", "origin": [8.05, 9.07, 5.2]},
			"faces": {
				"north": {"uv": [2, 0, 0, 2], "texture": "#0"},
				"east": {"uv": [2, 0, 0, 2], "texture": "#0"},
				"south": {"uv": [2, 0, 0, 2], "texture": "#0"},
				"west": {"uv": [2, 0, 0, 2], "texture": "#0"},
				"up": {"uv": [0, 2, 2, 0], "texture": "#0"},
				"down": {"uv": [0, 2, 2, 0], "texture": "#0"}
			}
		},
		{
			"from": [7.70966, 7.58588, 2.79213],
			"to": [8.29034, 8.70656, 3.43281],
			"rotation": {"angle": 22.5, "axis": "x", "origin": [8.05, 9.17, 5.5]},
			"faces": {
				"north": {"uv": [2, 0, 0, 2], "texture": "#0"},
				"east": {"uv": [2, 0, 0, 2], "texture": "#0"},
				"south": {"uv": [2, 0, 0, 2], "texture": "#0"},
				"west": {"uv": [2, 0, 0, 2], "texture": "#0"},
				"up": {"uv": [0, 2, 2, 0], "texture": "#0"},
				"down": {"uv": [0, 2, 2, 0], "texture": "#0"}
			}
		},
		{
			"from": [7.70966, 9.46503, 2.78264],
			"to": [8.29034, 9.78571, 5.42332],
			"rotation": {"angle": 0, "axis": "x", "origin": [8.05, 10.04915, 5.99051]},
			"faces": {
				"north": {"uv": [2, 0, 0, 2], "texture": "#0"},
				"east": {"uv": [2, 0, 0, 2], "texture": "#0"},
				"south": {"uv": [2, 0, 0, 2], "texture": "#0"},
				"west": {"uv": [2, 0, 0, 2], "texture": "#0"},
				"up": {"uv": [0, 2, 2, 0], "texture": "#0"},
				"down": {"uv": [0, 2, 2, 0], "texture": "#0"}
			}
		},
		{
			"from": [7.70966, 8.76503, 5.42332],
			"to": [8.29034, 9.78571, 5.664],
			"rotation": {"angle": 0, "axis": "x", "origin": [8.05, 9.94915, 8.13119]},
			"faces": {
				"north": {"uv": [2, 0, 0, 2], "texture": "#0"},
				"east": {"uv": [2, 0, 0, 2], "texture": "#0"},
				"south": {"uv": [2, 0, 0, 2], "texture": "#0"},
				"west": {"uv": [2, 0, 0, 2], "texture": "#0"},
				"up": {"uv": [0, 2, 2, 0], "texture": "#0"},
				"down": {"uv": [0, 2, 2, 0], "texture": "#0"}
			}
		},
		{
			"from": [7.70966, 8.84435, 2.62332],
			"to": [8.29034, 9.06503, 5.464],
			"rotation": {"angle": 0, "axis": "x", "origin": [8.05, 10.02847, 7.73119]},
			"faces": {
				"north": {"uv": [2, 0, 0, 2], "texture": "#0"},
				"east": {"uv": [2, 0, 0, 2], "texture": "#0"},
				"south": {"uv": [2, 0, 0, 2], "texture": "#0"},
				"west": {"uv": [2, 0, 0, 2], "texture": "#0"},
				"up": {"uv": [0, 2, 2, 0], "texture": "#0"},
				"down": {"uv": [0, 2, 2, 0], "texture": "#0"}
			}
		},
		{
			"from": [7.48965, 7.78588, 5.93281],
			"to": [8.51035, 8.80656, 6.27349],
			"rotation": {"angle": 0, "axis": "y", "origin": [8.02999, 9.07, 6.04068]},
			"faces": {
				"north": {"uv": [2, 0, 0, 2], "texture": "#0"},
				"east": {"uv": [2, 0, 0, 2], "texture": "#0"},
				"south": {"uv": [2, 0, 0, 2], "texture": "#0"},
				"west": {"uv": [2, 0, 0, 2], "texture": "#0"},
				"up": {"uv": [0, 2, 2, 0], "texture": "#0"},
				"down": {"uv": [0, 2, 2, 0], "texture": "#0"}
			}
		},
		{
			"from": [7.58965, 7.88588, 6.27349],
			"to": [8.41035, 8.70656, 10.01417],
			"rotation": {"angle": 0, "axis": "y", "origin": [8.02999, 9.07, 6.38136]},
			"faces": {
				"north": {"uv": [2, 0, 0, 2], "texture": "#0"},
				"east": {"uv": [2, 0, 0, 2], "texture": "#0"},
				"south": {"uv": [2, 0, 0, 2], "texture": "#0"},
				"west": {"uv": [2, 0, 0, 2], "texture": "#0"},
				"up": {"uv": [0, 2, 2, 0], "texture": "#0"},
				"down": {"uv": [0, 2, 2, 0], "texture": "#0"}
			}
		},
		{
			"from": [7.58965, 8.70656, 6.27349],
			"to": [8.41035, 8.92724, 10.01417],
			"rotation": {"angle": 0, "axis": "y", "origin": [8.02999, 9.89068, 6.38136]},
			"faces": {
				"north": {"uv": [2, 0, 0, 2], "texture": "#0"},
				"east": {"uv": [2, 0, 0, 2], "texture": "#0"},
				"south": {"uv": [2, 0, 0, 2], "texture": "#0"},
				"west": {"uv": [2, 0, 0, 2], "texture": "#0"},
				"up": {"uv": [0, 2, 2, 0], "texture": "#0"},
				"down": {"uv": [0, 2, 2, 0], "texture": "#0"}
			}
		},
		{
			"from": [7.58965, 7.6652, 6.27349],
			"to": [8.41035, 7.88588, 10.01417],
			"rotation": {"angle": 0, "axis": "y", "origin": [8.02999, 8.84932, 6.38136]},
			"faces": {
				"north": {"uv": [2, 0, 0, 2], "texture": "#0"},
				"east": {"uv": [2, 0, 0, 2], "texture": "#0"},
				"south": {"uv": [2, 0, 0, 2], "texture": "#0"},
				"west": {"uv": [2, 0, 0, 2], "texture": "#0"},
				"up": {"uv": [0, 2, 2, 0], "texture": "#0"},
				"down": {"uv": [0, 2, 2, 0], "texture": "#0"}
			}
		},
		{
			"from": [8.41035, 7.88588, 6.27349],
			"to": [8.63105, 8.70656, 10.01417],
			"rotation": {"angle": 0, "axis": "y", "origin": [8.85069, 9.07, 6.38136]},
			"faces": {
				"north": {"uv": [2, 0, 0, 2], "texture": "#0"},
				"east": {"uv": [2, 0, 0, 2], "texture": "#0"},
				"south": {"uv": [2, 0, 0, 2], "texture": "#0"},
				"west": {"uv": [2, 0, 0, 2], "texture": "#0"},
				"up": {"uv": [0, 2, 2, 0], "texture": "#0"},
				"down": {"uv": [0, 2, 2, 0], "texture": "#0"}
			}
		},
		{
			"from": [7.36895, 7.88588, 6.27349],
			"to": [7.58965, 8.70656, 10.01417],
			"rotation": {"angle": 0, "axis": "y", "origin": [7.80929, 9.07, 6.38136]},
			"faces": {
				"north": {"uv": [2, 0, 0, 2], "texture": "#0"},
				"east": {"uv": [2, 0, 0, 2], "texture": "#0"},
				"south": {"uv": [2, 0, 0, 2], "texture": "#0"},
				"west": {"uv": [2, 0, 0, 2], "texture": "#0"},
				"up": {"uv": [0, 2, 2, 0], "texture": "#0"},
				"down": {"uv": [0, 2, 2, 0], "texture": "#0"}
			}
		},
		{
			"from": [7.65966, 7.03588, 4.09213],
			"to": [8.34034, 7.70656, 5.83281],
			"rotation": {"angle": 0, "axis": "y", "origin": [8, 7.97, 5.1]},
			"faces": {
				"north": {"uv": [2, 0, 0, 2], "texture": "#0"},
				"east": {"uv": [2, 0, 0, 2], "texture": "#0"},
				"south": {"uv": [2, 0, 0, 2], "texture": "#0"},
				"west": {"uv": [2, 0, 0, 2], "texture": "#0"},
				"up": {"uv": [0, 2, 2, 0], "texture": "#0"},
				"down": {"uv": [0, 2, 2, 0], "texture": "#0"}
			}
		},
		{
			"from": [7.60966, 6.93588, 4.05],
			"to": [8.39034, 7.10656, 5.89068],
			"rotation": {"angle": 0, "axis": "y", "origin": [7.95, 8.07, 5]},
			"faces": {
				"north": {"uv": [2, 0, 0, 2], "texture": "#0"},
				"east": {"uv": [2, 0, 0, 2], "texture": "#0"},
				"south": {"uv": [2, 0, 0, 2], "texture": "#0"},
				"west": {"uv": [2, 0, 0, 2], "texture": "#0"},
				"up": {"uv": [0, 2, 2, 0], "texture": "#0"},
				"down": {"uv": [0, 2, 2, 0], "texture": "#0"}
			}
		},
		{
			"from": [7.50966, 7.83588, 3.95],
			"to": [8.49034, 8.00656, 5.99068],
			"rotation": {"angle": 0, "axis": "y", "origin": [7.95, 8.97, 5]},
			"faces": {
				"north": {"uv": [2, 0, 0, 2], "texture": "#0"},
				"east": {"uv": [2, 0, 0, 2], "texture": "#0"},
				"south": {"uv": [2, 0, 0, 2], "texture": "#0"},
				"west": {"uv": [2, 0, 0, 2], "texture": "#0"},
				"up": {"uv": [0, 2, 2, 0], "texture": "#0"},
				"down": {"uv": [0, 2, 2, 0], "texture": "#0"}
			}
		},
		{
			"from": [7.50966, 7.4652, 4.25],
			"to": [8.49034, 7.83588, 4.39068],
			"rotation": {"angle": 0, "axis": "y", "origin": [7.95, 8.79932, 5.1]},
			"faces": {
				"north": {"uv": [2, 0, 0, 2], "texture": "#0"},
				"east": {"uv": [2, 0, 0, 2], "texture": "#0"},
				"south": {"uv": [2, 0, 0, 2], "texture": "#0"},
				"west": {"uv": [2, 0, 0, 2], "texture": "#0"},
				"up": {"uv": [0, 2, 2, 0], "texture": "#0"},
				"down": {"uv": [0, 2, 2, 0], "texture": "#0"}
			}
		},
		{
			"from": [7.50966, 7.4652, 4.00932],
			"to": [8.49034, 7.53588, 4.25],
			"rotation": {"angle": 0, "axis": "y", "origin": [7.95, 8.79932, 4.95932]},
			"faces": {
				"north": {"uv": [2, 0, 0, 2], "texture": "#0"},
				"east": {"uv": [2, 0, 0, 2], "texture": "#0"},
				"south": {"uv": [2, 0, 0, 2], "texture": "#0"},
				"west": {"uv": [2, 0, 0, 2], "texture": "#0"},
				"up": {"uv": [0, 2, 2, 0], "texture": "#0"},
				"down": {"uv": [0, 2, 2, 0], "texture": "#0"}
			}
		},
		{
			"from": [7.65966, 7.48588, 1.79213],
			"to": [8.34034, 7.80656, 4.33281],
			"rotation": {"angle": 0, "axis": "y", "origin": [8, 8.77, 5.2]},
			"faces": {
				"north": {"uv": [2, 0, 0, 2], "texture": "#0"},
				"east": {"uv": [2, 0, 0, 2], "texture": "#0"},
				"south": {"uv": [2, 0, 0, 2], "texture": "#0"},
				"west": {"uv": [2, 0, 0, 2], "texture": "#0"},
				"up": {"uv": [0, 2, 2, 0], "texture": "#0"},
				"down": {"uv": [0, 2, 2, 0], "texture": "#0"}
			}
		},
		{
			"from": [7.65966, 7.08588, 1.99213],
			"to": [8.34034, 7.50656, 2.23281],
			"rotation": {"angle": 0, "axis": "y", "origin": [8, 8.77, 5.2]},
			"faces": {
				"north": {"uv": [2, 0, 0, 2], "texture": "#0"},
				"east": {"uv": [2, 0, 0, 2], "texture": "#0"},
				"south": {"uv": [2, 0, 0, 2], "texture": "#0"},
				"west": {"uv": [2, 0, 0, 2], "texture": "#0"},
				"up": {"uv": [0, 2, 2, 0], "texture": "#0"},
				"down": {"uv": [0, 2, 2, 0], "texture": "#0"}
			}
		},
		{
			"from": [7.75966, 8.73588, 2.29213],
			"to": [8.24034, 8.85656, 5.83281],
			"rotation": {"angle": 0, "axis": "y", "origin": [8, 9.12, 5.2]},
			"faces": {
				"north": {"uv": [2, 0, 0, 2], "texture": "#0"},
				"east": {"uv": [2, 0, 0, 2], "texture": "#0"},
				"south": {"uv": [2, 0, 0, 2], "texture": "#0"},
				"west": {"uv": [2, 0, 0, 2], "texture": "#0"},
				"up": {"uv": [0, 2, 2, 0], "texture": "#0"},
				"down": {"uv": [0, 2, 2, 0], "texture": "#0"}
			}
		},
		{
			"from": [7.745, 5.01038, 4.20575],
			"to": [8.255, 7.39038, 5.75575],
			"rotation": {"angle": 0, "axis": "y", "origin": [8.085, 7.97, 5.95]},
			"faces": {
				"north": {"uv": [2, 0, 0, 2], "texture": "#0"},
				"east": {"uv": [2, 0, 0, 2], "texture": "#0"},
				"south": {"uv": [2, 0, 0, 2], "texture": "#0"},
				"west": {"uv": [2, 0, 0, 2], "texture": "#0"},
				"up": {"uv": [0, 2, 2, 0], "texture": "#0"},
				"down": {"uv": [0, 2, 2, 0], "texture": "#0"}
			}
		},
		{
			"from": [7.694, 5.01038, 4.46075],
			"to": [8.306, 7.39038, 4.63075],
			"rotation": {"angle": 0, "axis": "y", "origin": [8.034, 7.97, 4.915]},
			"faces": {
				"north": {"uv": [2, 0, 0, 2], "texture": "#0"},
				"east": {"uv": [2, 0, 0, 2], "texture": "#0"},
				"south": {"uv": [2, 0, 0, 2], "texture": "#0"},
				"west": {"uv": [2, 0, 0, 2], "texture": "#0"},
				"up": {"uv": [0, 2, 2, 0], "texture": "#0"},
				"down": {"uv": [0, 2, 2, 0], "texture": "#0"}
			}
		},
		{
			"from": [7.694, 5.21038, 5.34075],
			"to": [8.306, 7.39038, 5.51075],
			"rotation": {"angle": 0, "axis": "y", "origin": [8.034, 7.97, 5.795]},
			"faces": {
				"north": {"uv": [2, 0, 0, 2], "texture": "#0"},
				"east": {"uv": [2, 0, 0, 2], "texture": "#0"},
				"south": {"uv": [2, 0, 0, 2], "texture": "#0"},
				"west": {"uv": [2, 0, 0, 2], "texture": "#0"},
				"up": {"uv": [0, 2, 2, 0], "texture": "#0"},
				"down": {"uv": [0, 2, 2, 0], "texture": "#0"}
			}
		},
		{
			"from": [7.694, 5.21038, 4.90075],
			"to": [8.306, 7.39038, 5.07075],
			"rotation": {"angle": 0, "axis": "y", "origin": [8.034, 7.97, 5.355]},
			"faces": {
				"north": {"uv": [2, 0, 0, 2], "texture": "#0"},
				"east": {"uv": [2, 0, 0, 2], "texture": "#0"},
				"south": {"uv": [2, 0, 0, 2], "texture": "#0"},
				"west": {"uv": [2, 0, 0, 2], "texture": "#0"},
				"up": {"uv": [0, 2, 2, 0], "texture": "#0"},
				"down": {"uv": [0, 2, 2, 0], "texture": "#0"}
			}
		},
		{
			"from": [7.83, 8.132, 9.43575],
			"to": [8.17, 8.472, 14.17575],
			"rotation": {"angle": 0, "axis": "y", "origin": [8.17, 9.22, 5.3]},
			"faces": {
				"north": {"uv": [2, 0, 0, 2], "texture": "#0"},
				"east": {"uv": [2, 0, 0, 2], "texture": "#0"},
				"south": {"uv": [2, 0, 0, 2], "texture": "#0"},
				"west": {"uv": [2, 0, 0, 2], "texture": "#0"},
				"up": {"uv": [0, 2, 2, 0], "texture": "#0"},
				"down": {"uv": [0, 2, 2, 0], "texture": "#0"}
			}
		},
		{
			"from": [7.9295, 8.5245, 10.73525],
			"to": [8.0705, 9.5655, 10.87625],
			"rotation": {"angle": 0, "axis": "y", "origin": [8.07, 9.57, 0.2]},
			"faces": {
				"north": {"uv": [2, 0, 0, 2], "texture": "#0"},
				"east": {"uv": [2, 0, 0, 2], "texture": "#0"},
				"south": {"uv": [2, 0, 0, 2], "texture": "#0"},
				"west": {"uv": [2, 0, 0, 2], "texture": "#0"},
				"up": {"uv": [0, 2, 2, 0], "texture": "#0"},
				"down": {"uv": [0, 2, 2, 0], "texture": "#0"}
			}
		},
		{
			"from": [7.9295, 9.1245, 10.49425],
			"to": [8.0705, 9.2655, 10.73525],
			"rotation": {"angle": 0, "axis": "y", "origin": [8.07, 9.57, 0.059]},
			"faces": {
				"north": {"uv": [2, 0, 0, 2], "texture": "#0"},
				"east": {"uv": [2, 0, 0, 2], "texture": "#0"},
				"south": {"uv": [2, 0, 0, 2], "texture": "#0"},
				"west": {"uv": [2, 0, 0, 2], "texture": "#0"},
				"up": {"uv": [0, 2, 2, 0], "texture": "#0"},
				"down": {"uv": [0, 2, 2, 0], "texture": "#0"}
			}
		},
		{
			"from": [7.9295, 9.2655, 10.59425],
			"to": [8.0705, 9.4065, 10.73525],
			"rotation": {"angle": 0, "axis": "y", "origin": [8.07, 9.711, 0.059]},
			"faces": {
				"north": {"uv": [2, 0, 0, 2], "texture": "#0"},
				"east": {"uv": [2, 0, 0, 2], "texture": "#0"},
				"south": {"uv": [2, 0, 0, 2], "texture": "#0"},
				"west": {"uv": [2, 0, 0, 2], "texture": "#0"},
				"up": {"uv": [0, 2, 2, 0], "texture": "#0"},
				"down": {"uv": [0, 2, 2, 0], "texture": "#0"}
			}
		},
		{
			"from": [7.9795, 8.8835, 10.59425],
			"to": [8.0205, 9.1245, 10.73525],
			"rotation": {"angle": 0, "axis": "y", "origin": [8.02, 9.429, 0.059]},
			"faces": {
				"north": {"uv": [2, 0, 0, 2], "texture": "#0"},
				"east": {"uv": [2, 0, 0, 2], "texture": "#0"},
				"south": {"uv": [2, 0, 0, 2], "texture": "#0"},
				"west": {"uv": [2, 0, 0, 2], "texture": "#0"},
				"up": {"uv": [0, 2, 2, 0], "texture": "#0"},
				"down": {"uv": [0, 2, 2, 0], "texture": "#0"}
			}
		},
		{
			"from": [7.93, 8.525, 10.03575],
			"to": [8.07, 8.665, 10.87575],
			"rotation": {"angle": 0, "axis": "y", "origin": [8.07, 9.57, 0.2]},
			"faces": {
				"north": {"uv": [2, 0, 0, 2], "texture": "#0"},
				"east": {"uv": [2, 0, 0, 2], "texture": "#0"},
				"south": {"uv": [2, 0, 0, 2], "texture": "#0"},
				"west": {"uv": [2, 0, 0, 2], "texture": "#0"},
				"up": {"uv": [0, 2, 2, 0], "texture": "#0"},
				"down": {"uv": [0, 2, 2, 0], "texture": "#0"}
			}
		},
		{
			"from": [7.9295, 8.5245, 10.03525],
			"to": [8.0705, 8.8655, 10.17625],
			"rotation": {"angle": 0, "axis": "y", "origin": [8.07, 8.553, 10]},
			"faces": {
				"north": {"uv": [2, 0, 0, 2], "texture": "#0"},
				"east": {"uv": [2, 0, 0, 2], "texture": "#0"},
				"south": {"uv": [2, 0, 0, 2], "texture": "#0"},
				"west": {"uv": [2, 0, 0, 2], "texture": "#0"},
				"up": {"uv": [0, 2, 2, 0], "texture": "#0"},
				"down": {"uv": [0, 2, 2, 0], "texture": "#0"}
			}
		},
		{
			"from": [7.9305, 8.73613, 10.41907],
			"to": [8.0705, 9.77613, 10.55907],
			"rotation": {"angle": 45, "axis": "x", "origin": [8.0705, 9.26413, 10.38332]},
			"faces": {
				"north": {"uv": [2, 0, 0, 2], "texture": "#0"},
				"east": {"uv": [2, 0, 0, 2], "texture": "#0"},
				"south": {"uv": [2, 0, 0, 2], "texture": "#0"},
				"west": {"uv": [2, 0, 0, 2], "texture": "#0"},
				"up": {"uv": [0, 2, 2, 0], "texture": "#0"},
				"down": {"uv": [0, 2, 2, 0], "texture": "#0"}
			}
		},
		{
			"from": [7.78, 8.085, 10.03575],
			"to": [8.22, 8.525, 11.67575],
			"rotation": {"angle": 0, "axis": "y", "origin": [8.12, 9.173, -0.5]},
			"faces": {
				"north": {"uv": [2, 0, 0, 2], "texture": "#0"},
				"east": {"uv": [2, 0, 0, 2], "texture": "#0"},
				"south": {"uv": [2, 0, 0, 2], "texture": "#0"},
				"west": {"uv": [2, 0, 0, 2], "texture": "#0"},
				"up": {"uv": [0, 2, 2, 0], "texture": "#0"},
				"down": {"uv": [0, 2, 2, 0], "texture": "#0"}
			}
		},
		{
			"from": [7.78, 8.085, 12.43575],
			"to": [8.22, 8.525, 14.47575],
			"rotation": {"angle": 0, "axis": "y", "origin": [8.12, 9.173, 2.2]},
			"faces": {
				"north": {"uv": [2, 0, 0, 2], "texture": "#0"},
				"east": {"uv": [2, 0, 0, 2], "texture": "#0"},
				"south": {"uv": [2, 0, 0, 2], "texture": "#0"},
				"west": {"uv": [2, 0, 0, 2], "texture": "#0"},
				"up": {"uv": [0, 2, 2, 0], "texture": "#0"},
				"down": {"uv": [0, 2, 2, 0], "texture": "#0"}
			}
		},
		{
			"from": [7.915, 6.95988, 3.17811],
			"to": [8.085, 6.99388, 4.15811],
			"rotation": {"angle": 0, "axis": "y", "origin": [8.255, 8.79588, 5.50236]},
			"faces": {
				"north": {"uv": [2, 0, 0, 2], "texture": "#0"},
				"east": {"uv": [2, 0, 0, 2], "texture": "#0"},
				"south": {"uv": [2, 0, 0, 2], "texture": "#0"},
				"west": {"uv": [2, 0, 0, 2], "texture": "#0"},
				"up": {"uv": [0, 2, 2, 0], "texture": "#0"},
				"down": {"uv": [0, 2, 2, 0], "texture": "#0"}
			}
		},
		{
			"from": [7.915, 7.574, 2.548],
			"to": [8.085, 8.254, 2.582],
			"rotation": {"angle": 0, "axis": "y", "origin": [8.255, 7.37, 2.48]},
			"faces": {
				"north": {"uv": [2, 0, 0, 2], "texture": "#0"},
				"east": {"uv": [0, 2, 2, 0], "rotation": 270, "texture": "#0"},
				"south": {"uv": [2, 0, 0, 2], "rotation": 180, "texture": "#0"},
				"west": {"uv": [0, 2, 2, 0], "rotation": 90, "texture": "#0"},
				"up": {"uv": [0, 2, 2, 0], "rotation": 180, "texture": "#0"},
				"down": {"uv": [0, 2, 2, 0], "texture": "#0"}
			}
		},
		{
			"from": [7.915, 6.89763, 3.00113],
			"to": [8.085, 7.23763, 3.03513],
			"rotation": {"angle": -22.5, "axis": "x", "origin": [8.255, 7.37363, 2.93313]},
			"faces": {
				"north": {"uv": [2, 0, 0, 2], "texture": "#0"},
				"east": {"uv": [0, 2, 2, 0], "rotation": 270, "texture": "#0"},
				"south": {"uv": [2, 0, 0, 2], "rotation": 180, "texture": "#0"},
				"west": {"uv": [0, 2, 2, 0], "rotation": 90, "texture": "#0"},
				"up": {"uv": [0, 2, 2, 0], "rotation": 180, "texture": "#0"},
				"down": {"uv": [0, 2, 2, 0], "texture": "#0"}
			}
		},
		{
			"from": [7.915, 7.02068, 3.17408],
			"to": [8.085, 7.19068, 3.20808],
			"rotation": {"angle": -22.5, "axis": "x", "origin": [8.255, 7.49668, 3.10608]},
			"faces": {
				"north": {"uv": [2, 0, 0, 2], "texture": "#0"},
				"east": {"uv": [0, 2, 2, 0], "rotation": 270, "texture": "#0"},
				"south": {"uv": [2, 0, 0, 2], "rotation": 180, "texture": "#0"},
				"west": {"uv": [0, 2, 2, 0], "rotation": 90, "texture": "#0"},
				"up": {"uv": [0, 2, 2, 0], "rotation": 180, "texture": "#0"},
				"down": {"uv": [0, 2, 2, 0], "texture": "#0"}
			}
		},
		{
			"from": [7.915, 7.24, 3.286],
			"to": [8.085, 7.92, 3.32],
			"rotation": {"angle": 0, "axis": "y", "origin": [8.255, 8.77, 5.7]},
			"faces": {
				"north": {"uv": [2, 0, 0, 2], "texture": "#0"},
				"east": {"uv": [0, 2, 2, 0], "rotation": 270, "texture": "#0"},
				"south": {"uv": [2, 0, 0, 2], "rotation": 180, "texture": "#0"},
				"west": {"uv": [0, 2, 2, 0], "rotation": 90, "texture": "#0"},
				"up": {"uv": [0, 2, 2, 0], "rotation": 180, "texture": "#0"},
				"down": {"uv": [0, 2, 2, 0], "texture": "#0"}
			}
		},
		{
			"from": [7.92, 6.87656, -1.81787],
			"to": [8.08, 7.53656, -0.41787],
			"rotation": {"angle": 0, "axis": "y", "origin": [8.05, 8.12456, -4.24409]},
			"faces": {
				"north": {"uv": [2, 10, 5, 5], "rotation": 270, "texture": "#0"},
				"east": {"uv": [2, 10, 5, 5], "rotation": 270, "texture": "#0"},
				"south": {"uv": [2, 10, 5, 5], "rotation": 270, "texture": "#0"},
				"west": {"uv": [2, 10, 5, 5], "rotation": 270, "texture": "#0"},
				"up": {"uv": [2, 10, 5, 5], "rotation": 270, "texture": "#0"},
				"down": {"uv": [2, 10, 5, 5], "rotation": 270, "texture": "#0"}
			}
		},
		{
			"from": [7.92, 6.41656, -1.81787],
			"to": [8.08, 6.87656, -1.51787],
			"rotation": {"angle": 0, "axis": "y", "origin": [8.05, 7.46456, -4.24409]},
			"faces": {
				"north": {"uv": [2, 5.32, 2.48, 5], "rotation": 270, "texture": "#0"},
				"east": {"uv": [2, 5.32, 2.48, 5], "rotation": 270, "texture": "#0"},
				"south": {"uv": [2, 5.32, 2.48, 5], "rotation": 270, "texture": "#0"},
				"west": {"uv": [2, 5.32, 2.48, 5], "rotation": 270, "texture": "#0"},
				"up": {"uv": [2, 5.32, 2.48, 5], "rotation": 270, "texture": "#0"},
				"down": {"uv": [2, 5.32, 2.48, 5], "rotation": 270, "texture": "#0"}
			}
		},
		{
			"from": [7.92, 7.53656, -1.81787],
			"to": [8.08, 8.19656, 0.58213],
			"rotation": {"angle": 0, "axis": "y", "origin": [8.05, 8.78456, -4.24409]},
			"faces": {
				"north": {"uv": [2, 9, 4, 5], "rotation": 270, "texture": "#0"},
				"east": {"uv": [2, 9, 4, 5], "rotation": 270, "texture": "#0"},
				"south": {"uv": [2, 9, 4, 5], "rotation": 270, "texture": "#0"},
				"west": {"uv": [2, 9, 4, 5], "rotation": 270, "texture": "#0"},
				"up": {"uv": [2, 9, 4, 5], "rotation": 270, "texture": "#0"},
				"down": {"uv": [2, 9, 4, 5], "rotation": 270, "texture": "#0"}
			}
		},
		{
			"from": [7.92, 7.33656, 0.58213],
			"to": [8.08, 8.19656, 0.78213],
			"rotation": {"angle": 0, "axis": "y", "origin": [8.05, 8.78456, -4.04409]},
			"faces": {
				"north": {"uv": [2, 9, 4, 5], "rotation": 270, "texture": "#0"},
				"east": {"uv": [2, 9, 4, 5], "rotation": 270, "texture": "#0"},
				"south": {"uv": [2, 9, 4, 5], "rotation": 270, "texture": "#0"},
				"west": {"uv": [2, 9, 4, 5], "rotation": 270, "texture": "#0"},
				"up": {"uv": [2, 9, 4, 5], "rotation": 270, "texture": "#0"},
				"down": {"uv": [2, 9, 4, 5], "rotation": 270, "texture": "#0"}
			}
		},
		{
			"from": [7.71, 7.72656, -1.82787],
			"to": [8.29, 8.70656, 1.49213],
			"rotation": {"angle": 0, "axis": "y", "origin": [8.05, 9.28456, -4.24409]},
			"faces": {
				"north": {"uv": [10, 9, 14, 3], "rotation": 270, "texture": "#0"},
				"east": {"uv": [10, 9, 14, 3], "rotation": 270, "texture": "#0"},
				"south": {"uv": [10, 9, 14, 3], "rotation": 270, "texture": "#0"},
				"west": {"uv": [10, 9, 14, 3], "rotation": 270, "texture": "#0"},
				"up": {"uv": [10, 9, 14, 3], "rotation": 270, "texture": "#0"},
				"down": {"uv": [10, 9, 14, 3], "rotation": 270, "texture": "#0"}
			}
		},
		{
			"from": [7.71, 7.92656, 1.49213],
			"to": [8.29, 8.60656, 1.81213],
			"rotation": {"angle": 0, "axis": "y", "origin": [8.05, 9.18456, -5.02409]},
			"faces": {
				"north": {"uv": [10, 9, 14, 3], "rotation": 270, "texture": "#0"},
				"east": {"uv": [10, 9, 14, 3], "rotation": 270, "texture": "#0"},
				"south": {"uv": [10, 9, 14, 3], "rotation": 270, "texture": "#0"},
				"west": {"uv": [10, 9, 14, 3], "rotation": 270, "texture": "#0"},
				"up": {"uv": [10, 9, 14, 3], "rotation": 270, "texture": "#0"},
				"down": {"uv": [10, 9, 14, 3], "rotation": 270, "texture": "#0"}
			}
		},
		{
			"from": [7.7, 6.21656, -1.83787],
			"to": [8.3, 8.71656, -1.69787],
			"rotation": {"angle": 0, "axis": "y", "origin": [8.05, 9.28456, -4.24409]},
			"faces": {
				"north": {"uv": [0, 0, 16, 16], "rotation": 270, "texture": "#0"},
				"east": {"uv": [0, 0, 16, 16], "rotation": 270, "texture": "#0"},
				"south": {"uv": [0, 0, 16, 16], "rotation": 270, "texture": "#0"},
				"west": {"uv": [0, 0, 16, 16], "rotation": 270, "texture": "#0"},
				"up": {"uv": [0, 0, 16, 16], "rotation": 270, "texture": "#0"},
				"down": {"uv": [0, 0, 16, 16], "rotation": 270, "texture": "#0"}
			}
		},
		{
			"from": [7.915, 5.89006, -0.54115],
			"to": [8.085, 6.56006, 0.56885],
			"rotation": {"angle": -22.5, "axis": "x", "origin": [8.05, 7.14306, -2.96237]},
			"faces": {
				"north": {"uv": [12, 7, 14, 3], "rotation": 270, "texture": "#0"},
				"east": {"uv": [12, 7, 14, 3], "rotation": 270, "texture": "#0"},
				"south": {"uv": [12, 7, 14, 3], "rotation": 270, "texture": "#0"},
				"west": {"uv": [12, 7, 14, 3], "rotation": 270, "texture": "#0"},
				"up": {"uv": [12, 7, 14, 3], "rotation": 270, "texture": "#0"},
				"down": {"uv": [12, 7, 14, 3], "rotation": 270, "texture": "#0"}
			}
		},
		{
			"from": [7.915, 4.96779, -1.9677],
			"to": [8.085, 5.23779, -0.3577],
			"rotation": {"angle": -22.5, "axis": "x", "origin": [8.05, 6.22079, -5.18892]},
			"faces": {
				"north": {"uv": [12, 5, 14, 3], "rotation": 270, "texture": "#0"},
				"east": {"uv": [12, 5, 14, 3], "rotation": 270, "texture": "#0"},
				"south": {"uv": [12, 5, 14, 3], "rotation": 270, "texture": "#0"},
				"west": {"uv": [12, 5, 14, 3], "rotation": 270, "texture": "#0"},
				"up": {"uv": [12, 5, 14, 3], "rotation": 270, "texture": "#0"},
				"down": {"uv": [12, 5, 14, 3], "rotation": 270, "texture": "#0"}
			}
		},
		{
			"from": [7.915, 5.21724, -1.87102],
			"to": [8.085, 5.48724, -0.46102],
			"rotation": {"angle": -22.5, "axis": "x", "origin": [8.05, 6.47024, -5.29224]},
			"faces": {
				"north": {"uv": [12, 5, 14, 3], "rotation": 270, "texture": "#0"},
				"east": {"uv": [12, 5, 14, 3], "rotation": 270, "texture": "#0"},
				"south": {"uv": [12, 5, 14, 3], "rotation": 270, "texture": "#0"},
				"west": {"uv": [12, 5, 14, 3], "rotation": 270, "texture": "#0"},
				"up": {"uv": [12, 5, 14, 3], "rotation": 270, "texture": "#0"},
				"down": {"uv": [12, 5, 14, 3], "rotation": 270, "texture": "#0"}
			}
		},
		{
			"from": [7.6634, 7.66093, 1.77962],
			"to": [8.3366, 8.69413, 2.55282],
			"rotation": {"angle": 0, "axis": "y", "origin": [8, 9.07, 5.2]},
			"faces": {
				"north": {"uv": [16, 0, 14, 2], "texture": "#0"},
				"east": {"uv": [14, 2, 16, 0], "rotation": 90, "texture": "#0"},
				"south": {"uv": [16, 0, 14, 2], "rotation": 180, "texture": "#0"},
				"west": {"uv": [14, 2, 16, 0], "rotation": 270, "texture": "#0"},
				"up": {"uv": [14, 2, 16, 0], "texture": "#0"},
				"down": {"uv": [14, 2, 16, 0], "rotation": 180, "texture": "#0"}
			}
		}
	],
	"overrides": [
		{
			"predicate": {
				"pulling": 1
			},
			"model": "item/bow_pulling_0"
		},
		{
			"predicate": {
				"pulling": 1,
				"pull": 0.65
			},
			"model": "item/bow_pulling_1"
		},
		{
			"predicate": {
				"pulling": 1,
				"pull": 0.9
			},
			"model": "item/bow_pulling_2"
		}
	],
	"display": {
		"thirdperson_righthand": {
			"rotation": [1, 180, 0],
			"translation": [-0.5, 1, -6.8],
			"scale": [1.6, 1.6, 1.6]
		},
		"thirdperson_lefthand": {
			"rotation": [1, 180, 0],
			"translation": [-0.5, 1, -6.8],
			"scale": [1.6, 1.6, 1.6]
		},
		"firstperson_righthand": {
			"rotation": [16, -180, -1],
			"translation": [1, 3.5, -2.25]
		},
		"firstperson_lefthand": {
			"rotation": [16, -180, 1],
			"translation": [2.75, 3.5, -2.25]
		},
		"ground": {
			"rotation": [0, 0, 90],
			"translation": [0, -1, 5.5],
			"scale": [1.6, 1.6, 1.6]
		},
		"gui": {
			"rotation": [-90, -45, -90],
			"translation": [-0.5, 1.25, 0]
		},
		"head": {
			"rotation": [89, -50, 90],
			"translation": [-3.25, -15.5, 4],
			"scale": [2.6, 2.6, 2.6]
		},
		"fixed": {
			"rotation": [0, -90, 0],
			"translation": [-7, -0.3, -0.75],
			"scale": [3.4, 3.4, 3.4]
		}
	},
	"groups": [
		{
			"name": "m4a1",
			"origin": [8, 8, 8],
			"children": [0, 1, 2, 3, 4, 5, 6, 7, 8, 9, 10, 11, 12, 13, 14, 15, 16, 17, 18, 19, 20, 21, 22, 23,
				{
					"name": "group",
					"origin": [8.034, 7.77, 6.715],
					"children": []
				}, 24, 25, 26, 27, 28, 29, 30, 31, 32, 33, 34, 35, 36, 37, 38, 39, 40, 41, 42, 43, 44, 45, 46, 47, 48, 49, 50, 51]
		}
	]
}