{
	"credit": "Made with Blockbench",
	"textures": {
		"0": "./anvil_top",
		"1": "./terracotta",
		"2": "./black_concrete",
		"particle": "./terracotta"
	},
	"elements": [
		{
			"from": [7.745, 8.6346, 0.52521],
			"to": [8.255, 9.3146, 3.58521],
			"rotation": {"angle": -22.5, "axis": "x", "origin": [8.085, 6.54, 5.7]},
			"faces": {
				"north": {"uv": [3, 0, 0, 3], "texture": "#1"},
				"east": {"uv": [3, 0, 0, 3], "texture": "#1"},
				"south": {"uv": [3, 0, 0, 3], "texture": "#1"},
				"west": {"uv": [3, 0, 0, 3], "texture": "#1"},
				"up": {"uv": [0, 3, 3, 0], "texture": "#1"},
				"down": {"uv": [0, 3, 3, 0], "texture": "#1"}
			}
		},
		{
			"from": [8.17, 8.34038, 3.27375],
			"to": [8.85, 8.44238, 3.37575],
			"rotation": {"angle": 0, "axis": "y", "origin": [9.105, 8.58, 5.02]},
			"faces": {
				"north": {"uv": [16, 0, 0, 16], "texture": "#2"},
				"east": {"uv": [16, 0, 0, 16], "texture": "#2"},
				"south": {"uv": [16, 0, 0, 16], "texture": "#2"},
				"west": {"uv": [16, 0, 0, 16], "texture": "#2"},
				"up": {"uv": [0, 16, 16, 0], "texture": "#2"},
				"down": {"uv": [0, 16, 16, 0], "texture": "#2"}
			}
		},
		{
			"from": [8.663, 8.291, 3.23975],
			"to": [8.867, 8.495, 3.44375],
			"rotation": {"angle": 0, "axis": "y", "origin": [10.125, 8.58, 5.02]},
			"faces": {
				"north": {"uv": [16, 0, 0, 16], "texture": "#2"},
				"east": {"uv": [16, 0, 0, 16], "texture": "#2"},
				"south": {"uv": [16, 0, 0, 16], "texture": "#2"},
				"west": {"uv": [16, 0, 0, 16], "texture": "#2"},
				"up": {"uv": [0, 16, 16, 0], "texture": "#2"},
				"down": {"uv": [0, 16, 16, 0], "texture": "#2"}
			}
		},
		{
			"from": [7.898, 8.206, 2.38975],
			"to": [8.102, 8.41, 2.59375],
			"rotation": {"angle": 0, "axis": "y", "origin": [9.36, 8.495, 4.17]},
			"faces": {
				"north": {"uv": [16, 0, 0, 16], "texture": "#2"},
				"east": {"uv": [16, 0, 0, 16], "texture": "#2"},
				"south": {"uv": [16, 0, 0, 16], "texture": "#2"},
				"west": {"uv": [16, 0, 0, 16], "texture": "#2"},
				"up": {"uv": [0, 16, 16, 0], "texture": "#2"},
				"down": {"uv": [0, 16, 16, 0], "texture": "#2"}
			}
		},
		{
			"from": [7.898, 8.206, 11.56975],
			"to": [8.102, 8.41, 11.77375],
			"rotation": {"angle": 0, "axis": "y", "origin": [9.36, 8.495, 13.35]},
			"faces": {
				"north": {"uv": [3, 0, 0, 3], "texture": "#2"},
				"east": {"uv": [3, 0, 0, 3], "texture": "#2"},
				"south": {"uv": [3, 0, 0, 3], "texture": "#2"},
				"west": {"uv": [3, 0, 0, 3], "texture": "#2"},
				"up": {"uv": [0, 3, 3, 0], "texture": "#2"},
				"down": {"uv": [0, 3, 3, 0], "texture": "#2"}
			}
		},
		{
			"from": [7.745, 6.506, -2.069],
			"to": [8.255, 7.866, 0.311],
			"rotation": {"angle": 0, "axis": "y", "origin": [8.085, 8.92, 5.785]},
			"faces": {
				"north": {"uv": [3, 0, 0, 3], "texture": "#1"},
				"east": {"uv": [3, 0, 0, 3], "texture": "#1"},
				"south": {"uv": [3, 0, 0, 3], "texture": "#1"},
				"west": {"uv": [3, 0, 0, 3], "texture": "#1"},
				"up": {"uv": [0, 3, 3, 0], "texture": "#1"},
				"down": {"uv": [0, 3, 3, 0], "texture": "#1"}
			}
		},
		{
			"from": [7.779, 6.591, -2.154],
			"to": [8.221, 7.815, -1.814],
			"rotation": {"angle": 0, "axis": "y", "origin": [8.119, 9.005, 5.7]},
			"faces": {
				"north": {"uv": [13, 0, 3, 16], "texture": "#0"},
				"east": {"uv": [13, 0, 3, 16], "texture": "#0"},
				"south": {"uv": [13, 0, 3, 16], "texture": "#0"},
				"west": {"uv": [13, 0, 3, 16], "texture": "#0"},
				"up": {"uv": [3, 16, 13, 0], "texture": "#0"},
				"down": {"uv": [3, 16, 13, 0], "texture": "#0"}
			}
		},
		{
			"from": [7.745, 7.866, -1.984],
			"to": [8.255, 7.934, 1.076],
			"rotation": {"angle": 0, "axis": "y", "origin": [8.085, 10.28, 5.87]},
			"faces": {
				"north": {"uv": [3, 0, 0, 3], "texture": "#1"},
				"east": {"uv": [3, 0, 0, 3], "texture": "#1"},
				"south": {"uv": [3, 0, 0, 3], "texture": "#1"},
				"west": {"uv": [3, 0, 0, 3], "texture": "#1"},
				"up": {"uv": [0, 3, 3, 0], "texture": "#1"},
				"down": {"uv": [0, 3, 3, 0], "texture": "#1"}
			}
		},
		{
			"from": [7.745, 7.186, 0.226],
			"to": [8.255, 7.866, 1.586],
			"rotation": {"angle": 0, "axis": "y", "origin": [8.085, 8.92, 8.08]},
			"faces": {
				"north": {"uv": [3, 0, 0, 3], "texture": "#1"},
				"east": {"uv": [3, 0, 0, 3], "texture": "#1"},
				"south": {"uv": [3, 0, 0, 3], "texture": "#1"},
				"west": {"uv": [3, 0, 0, 3], "texture": "#1"},
				"up": {"uv": [0, 3, 3, 0], "texture": "#1"},
				"down": {"uv": [0, 3, 3, 0], "texture": "#1"}
			}
		},
		{
			"from": [7.745, 7.50753, 2.37622],
			"to": [8.255, 7.84753, 3.05622],
			"rotation": {"angle": 0, "axis": "y", "origin": [8.085, 8.92, 5.7]},
			"faces": {
				"north": {"uv": [3, 0, 0, 3], "rotation": 180, "texture": "#1"},
				"east": {"uv": [3, 0, 0, 3], "rotation": 180, "texture": "#1"},
				"south": {"uv": [3, 0, 0, 3], "rotation": 180, "texture": "#1"},
				"west": {"uv": [3, 0, 0, 3], "rotation": 180, "texture": "#1"},
				"up": {"uv": [0, 3, 3, 0], "rotation": 180, "texture": "#1"},
				"down": {"uv": [0, 3, 3, 0], "rotation": 180, "texture": "#1"}
			}
		},
		{
			"from": [7.745, 7.50753, 2.68222],
			"to": [8.255, 8.28953, 6.11622],
			"rotation": {"angle": 0, "axis": "y", "origin": [8.085, 9.26, 6.04]},
			"faces": {
				"north": {"uv": [3, 0, 0, 3], "rotation": 180, "texture": "#1"},
				"east": {"uv": [3, 0, 0, 3], "rotation": 180, "texture": "#1"},
				"south": {"uv": [3, 0, 0, 3], "rotation": 180, "texture": "#1"},
				"west": {"uv": [3, 0, 0, 3], "rotation": 180, "texture": "#1"},
				"up": {"uv": [0, 3, 3, 0], "rotation": 180, "texture": "#1"},
				"down": {"uv": [0, 3, 3, 0], "rotation": 180, "texture": "#1"}
			}
		},
		{
			"from": [7.745, 7.84753, 6.08222],
			"to": [8.255, 8.18753, 11.55622],
			"rotation": {"angle": 0, "axis": "y", "origin": [8.085, 9.26, 11.48]},
			"faces": {
				"north": {"uv": [3, 0, 0, 3], "rotation": 180, "texture": "#1"},
				"east": {"uv": [3, 0, 0, 3], "rotation": 180, "texture": "#1"},
				"south": {"uv": [3, 0, 0, 3], "rotation": 180, "texture": "#1"},
				"west": {"uv": [3, 0, 0, 3], "rotation": 180, "texture": "#1"},
				"up": {"uv": [0, 3, 3, 0], "rotation": 180, "texture": "#1"},
				"down": {"uv": [0, 3, 3, 0], "rotation": 180, "texture": "#1"}
			}
		},
		{
			"from": [7.779, 8.18753, 5.74222],
			"to": [8.221, 8.52753, 11.55622],
			"rotation": {"angle": 0, "axis": "y", "origin": [8.119, 9.6, 11.14]},
			"faces": {
				"north": {"uv": [3, 0, 0, 3], "rotation": 180, "texture": "#1"},
				"east": {"uv": [3, 0, 0, 3], "rotation": 180, "texture": "#1"},
				"south": {"uv": [3, 0, 0, 3], "rotation": 180, "texture": "#1"},
				"west": {"uv": [3, 0, 0, 3], "rotation": 180, "texture": "#1"},
				"up": {"uv": [0, 3, 3, 0], "rotation": 180, "texture": "#1"},
				"down": {"uv": [0, 3, 3, 0], "rotation": 180, "texture": "#1"}
			}
		},
		{
			"from": [7.983, 8.478, 14.08622],
			"to": [8.017, 8.75, 14.25622],
			"rotation": {"angle": 0, "axis": "y", "origin": [8.323, 9.94, 14.18]},
			"faces": {
				"north": {"uv": [3, 0, 0, 3], "rotation": 180, "texture": "#2"},
				"east": {"uv": [3, 0, 0, 3], "rotation": 180, "texture": "#2"},
				"south": {"uv": [3, 0, 0, 3], "rotation": 180, "texture": "#2"},
				"west": {"uv": [3, 0, 0, 3], "rotation": 180, "texture": "#2"},
				"up": {"uv": [0, 3, 3, 0], "rotation": 180, "texture": "#2"},
				"down": {"uv": [0, 3, 3, 0], "rotation": 180, "texture": "#2"}
			}
		},
		{
			"from": [7.881, 8.478, 14.08622],
			"to": [8.119, 8.58, 14.25622],
			"rotation": {"angle": 0, "axis": "y", "origin": [8.561, 9.94, 14.18]},
			"faces": {
				"north": {"uv": [3, 0, 0, 3], "rotation": 180, "texture": "#2"},
				"east": {"uv": [3, 0, 0, 3], "rotation": 180, "texture": "#2"},
				"south": {"uv": [3, 0, 0, 3], "rotation": 180, "texture": "#2"},
				"west": {"uv": [3, 0, 0, 3], "rotation": 180, "texture": "#2"},
				"up": {"uv": [0, 3, 3, 0], "rotation": 180, "texture": "#2"},
				"down": {"uv": [0, 3, 3, 0], "rotation": 180, "texture": "#2"}
			}
		},
		{
			"from": [8.102, 8.58, 14.08622],
			"to": [8.136, 8.818, 14.25622],
			"rotation": {"angle": 0, "axis": "y", "origin": [8.323, 9.94, 14.18]},
			"faces": {
				"north": {"uv": [3, 0, 0, 3], "rotation": 180, "texture": "#2"},
				"east": {"uv": [3, 0, 0, 3], "rotation": 180, "texture": "#2"},
				"south": {"uv": [3, 0, 0, 3], "rotation": 180, "texture": "#2"},
				"west": {"uv": [3, 0, 0, 3], "rotation": 180, "texture": "#2"},
				"up": {"uv": [0, 3, 3, 0], "rotation": 180, "texture": "#2"},
				"down": {"uv": [0, 3, 3, 0], "rotation": 180, "texture": "#2"}
			}
		},
		{
			"from": [7.864, 8.58, 14.08622],
			"to": [7.898, 8.818, 14.25622],
			"rotation": {"angle": 0, "axis": "y", "origin": [7.677, 9.94, 14.18]},
			"faces": {
				"north": {"uv": [3, 0, 0, 3], "rotation": 180, "texture": "#2"},
				"east": {"uv": [3, 0, 0, 3], "rotation": 180, "texture": "#2"},
				"south": {"uv": [3, 0, 0, 3], "rotation": 180, "texture": "#2"},
				"west": {"uv": [3, 0, 0, 3], "rotation": 180, "texture": "#2"},
				"up": {"uv": [0, 3, 3, 0], "rotation": 180, "texture": "#2"},
				"down": {"uv": [0, 3, 3, 0], "rotation": 180, "texture": "#2"}
			}
		},
		{
			"from": [7.898, 8.818, 14.08622],
			"to": [8.102, 8.852, 14.25622],
			"rotation": {"angle": 0, "axis": "y", "origin": [7.677, 10.28, 14.18]},
			"faces": {
				"north": {"uv": [3, 0, 0, 3], "rotation": 180, "texture": "#2"},
				"east": {"uv": [3, 0, 0, 3], "rotation": 180, "texture": "#2"},
				"south": {"uv": [3, 0, 0, 3], "rotation": 180, "texture": "#2"},
				"west": {"uv": [3, 0, 0, 3], "rotation": 180, "texture": "#2"},
				"up": {"uv": [0, 3, 3, 0], "rotation": 180, "texture": "#2"},
				"down": {"uv": [0, 3, 3, 0], "rotation": 180, "texture": "#2"}
			}
		},
		{
			"from": [8.085, 8.138, 2.37622],
			"to": [8.17, 8.478, 14.59622],
			"rotation": {"angle": 0, "axis": "y", "origin": [8.17, 9.6, 13.18]},
			"faces": {
				"north": {"uv": [16, 0, 0, 16], "rotation": 180, "texture": "#2"},
				"east": {"uv": [16, 0, 0, 16], "rotation": 180, "texture": "#2"},
				"south": {"uv": [16, 0, 0, 16], "rotation": 180, "texture": "#2"},
				"west": {"uv": [16, 0, 0, 16], "rotation": 180, "texture": "#2"},
				"up": {"uv": [0, 16, 16, 0], "rotation": 180, "texture": "#2"},
				"down": {"uv": [0, 16, 16, 0], "rotation": 180, "texture": "#2"}
			}
		},
		{
			"from": [7.83, 8.138, 2.37622],
			"to": [7.915, 8.478, 14.59622],
			"rotation": {"angle": 0, "axis": "y", "origin": [7.83, 9.6, 13.18]},
			"faces": {
				"north": {"uv": [16, 0, 0, 16], "rotation": 180, "texture": "#2"},
				"east": {"uv": [16, 0, 0, 16], "rotation": 180, "texture": "#2"},
				"south": {"uv": [16, 0, 0, 16], "rotation": 180, "texture": "#2"},
				"west": {"uv": [16, 0, 0, 16], "rotation": 180, "texture": "#2"},
				"up": {"uv": [0, 16, 16, 0], "rotation": 180, "texture": "#2"},
				"down": {"uv": [0, 16, 16, 0], "rotation": 180, "texture": "#2"}
			}
		},
		{
			"from": [7.915, 8.393, 2.37622],
			"to": [8.085, 8.478, 14.59622],
			"rotation": {"angle": 0, "axis": "y", "origin": [8, 9.6, 13.18]},
			"faces": {
				"north": {"uv": [16, 0, 0, 16], "rotation": 180, "texture": "#2"},
				"east": {"uv": [16, 0, 0, 16], "rotation": 180, "texture": "#2"},
				"south": {"uv": [16, 0, 0, 16], "rotation": 180, "texture": "#2"},
				"west": {"uv": [16, 0, 0, 16], "rotation": 180, "texture": "#2"},
				"up": {"uv": [0, 16, 16, 0], "rotation": 180, "texture": "#2"},
				"down": {"uv": [0, 16, 16, 0], "rotation": 180, "texture": "#2"}
			}
		},
		{
			"from": [7.915, 8.138, 2.37622],
			"to": [8.085, 8.223, 14.59622],
			"rotation": {"angle": 0, "axis": "y", "origin": [8, 9.345, 13.18]},
			"faces": {
				"north": {"uv": [16, 0, 0, 16], "rotation": 180, "texture": "#2"},
				"east": {"uv": [16, 0, 0, 16], "rotation": 180, "texture": "#2"},
				"south": {"uv": [16, 0, 0, 16], "rotation": 180, "texture": "#2"},
				"west": {"uv": [16, 0, 0, 16], "rotation": 180, "texture": "#2"},
				"up": {"uv": [0, 16, 16, 0], "rotation": 180, "texture": "#2"},
				"down": {"uv": [0, 16, 16, 0], "rotation": 180, "texture": "#2"}
			}
		},
		{
			"from": [7.796, 8.104, 4.04222],
			"to": [8.204, 8.512, 5.47022],
			"rotation": {"angle": 0, "axis": "y", "origin": [8.17, 9.6, 13.18]},
			"faces": {
				"north": {"uv": [16, 0, 0, 16], "rotation": 180, "texture": "#2"},
				"east": {"uv": [16, 0, 0, 16], "rotation": 180, "texture": "#2"},
				"south": {"uv": [16, 0, 0, 16], "rotation": 180, "texture": "#2"},
				"west": {"uv": [16, 0, 0, 16], "rotation": 180, "texture": "#2"},
				"up": {"uv": [0, 16, 16, 0], "rotation": 180, "texture": "#2"},
				"down": {"uv": [0, 16, 16, 0], "rotation": 180, "texture": "#2"}
			}
		},
		{
			"from": [7.915, 7.968, 11.55622],
			"to": [8.085, 8.138, 12.23622],
			"rotation": {"angle": 0, "axis": "y", "origin": [8.255, 9.26, 11.82]},
			"faces": {
				"north": {"uv": [3, 0, 0, 3], "rotation": 180, "texture": "#2"},
				"east": {"uv": [3, 0, 0, 3], "rotation": 180, "texture": "#2"},
				"south": {"uv": [3, 0, 0, 3], "rotation": 180, "texture": "#2"},
				"west": {"uv": [3, 0, 0, 3], "rotation": 180, "texture": "#2"},
				"up": {"uv": [0, 3, 3, 0], "rotation": 180, "texture": "#2"},
				"down": {"uv": [0, 3, 3, 0], "rotation": 180, "texture": "#2"}
			}
		},
		{
			"from": [7.983, 7.9, 11.55622],
			"to": [8.017, 7.934, 12.91622],
			"rotation": {"angle": 0, "axis": "y", "origin": [8.323, 8.92, 11.82]},
			"faces": {
				"north": {"uv": [3, 0, 0, 3], "rotation": 180, "texture": "#2"},
				"east": {"uv": [3, 0, 0, 3], "rotation": 180, "texture": "#2"},
				"south": {"uv": [3, 0, 0, 3], "rotation": 180, "texture": "#2"},
				"west": {"uv": [3, 0, 0, 3], "rotation": 180, "texture": "#2"},
				"up": {"uv": [0, 3, 3, 0], "rotation": 180, "texture": "#2"},
				"down": {"uv": [0, 3, 3, 0], "rotation": 180, "texture": "#2"}
			}
		},
		{
			"from": [7.83, 7.084, 3.70222],
			"to": [8.17, 7.866, 4.41622],
			"rotation": {"angle": 0, "axis": "y", "origin": [7.83, 7.084, 3.694]},
			"faces": {
				"north": {"uv": [3, 0, 0, 3], "rotation": 180, "texture": "#2"},
				"east": {"uv": [3, 0, 0, 3], "rotation": 180, "texture": "#2"},
				"south": {"uv": [3, 0, 0, 3], "rotation": 180, "texture": "#2"},
				"west": {"uv": [3, 0, 0, 3], "rotation": 180, "texture": "#2"},
				"up": {"uv": [0, 3, 3, 0], "rotation": 180, "texture": "#2"},
				"down": {"uv": [0, 3, 3, 0], "rotation": 180, "texture": "#2"}
			}
		},
		{
			"from": [7.813, 7.067, 3.711],
			"to": [8.187, 7.883, 3.915],
			"rotation": {"angle": 0, "axis": "y", "origin": [7.83, 7.084, 3.694]},
			"faces": {
				"north": {"uv": [3, 0, 0, 3], "rotation": 180, "texture": "#2"},
				"east": {"uv": [3, 0, 0, 3], "rotation": 180, "texture": "#2"},
				"south": {"uv": [3, 0, 0, 3], "rotation": 180, "texture": "#2"},
				"west": {"uv": [3, 0, 0, 3], "rotation": 180, "texture": "#2"},
				"up": {"uv": [0, 3, 3, 0], "rotation": 180, "texture": "#2"},
				"down": {"uv": [0, 3, 3, 0], "rotation": 180, "texture": "#2"}
			}
		},
		{
			"from": [7.83, 7.084, 4.38222],
			"to": [8.17, 7.866, 5.43622],
			"rotation": {"angle": -22.5, "axis": "x", "origin": [7.83, 7.084, 4.374]},
			"faces": {
				"north": {"uv": [3, 0, 0, 3], "rotation": 180, "texture": "#2"},
				"east": {"uv": [3, 0, 0, 3], "rotation": 180, "texture": "#2"},
				"south": {"uv": [3, 0, 0, 3], "rotation": 180, "texture": "#2"},
				"west": {"uv": [3, 0, 0, 3], "rotation": 180, "texture": "#2"},
				"up": {"uv": [0, 3, 3, 0], "rotation": 180, "texture": "#2"},
				"down": {"uv": [0, 3, 3, 0], "rotation": 180, "texture": "#2"}
			}
		},
		{
			"from": [7.745, 7.492, 6.142],
			"to": [8.255, 7.849, 7.026],
			"rotation": {"angle": -22.5, "axis": "x", "origin": [8.085, 7.424, 6.074]},
			"faces": {
				"north": {"uv": [3, 0, 0, 3], "rotation": 180, "texture": "#1"},
				"east": {"uv": [3, 0, 0, 3], "rotation": 180, "texture": "#1"},
				"south": {"uv": [3, 0, 0, 3], "rotation": 180, "texture": "#1"},
				"west": {"uv": [3, 0, 0, 3], "rotation": 180, "texture": "#1"},
				"up": {"uv": [0, 3, 3, 0], "rotation": 180, "texture": "#1"},
				"down": {"uv": [0, 3, 3, 0], "rotation": 180, "texture": "#1"}
			}
		},
		{
			"from": [7.745, 6.48753, -1.95878],
			"to": [8.255, 6.82753, 0.42122],
			"rotation": {"angle": 0, "axis": "y", "origin": [8.085, 8.92, 5.785]},
			"faces": {
				"north": {"uv": [3, 0, 0, 3], "rotation": 180, "texture": "#1"},
				"east": {"uv": [3, 0, 0, 3], "rotation": 180, "texture": "#1"},
				"south": {"uv": [3, 0, 0, 3], "rotation": 180, "texture": "#1"},
				"west": {"uv": [3, 0, 0, 3], "rotation": 180, "texture": "#1"},
				"up": {"uv": [0, 3, 3, 0], "rotation": 180, "texture": "#1"},
				"down": {"uv": [0, 3, 3, 0], "rotation": 180, "texture": "#1"}
			}
		},
		{
			"from": [7.745, 9.4995, 1.14184],
			"to": [8.255, 9.8395, 2.50184],
			"rotation": {"angle": -45, "axis": "x", "origin": [8.085, 7.12364, 4.4173]},
			"faces": {
				"north": {"uv": [3, 0, 0, 3], "rotation": 180, "texture": "#1"},
				"east": {"uv": [3, 0, 0, 3], "rotation": 180, "texture": "#1"},
				"south": {"uv": [3, 0, 0, 3], "rotation": 180, "texture": "#1"},
				"west": {"uv": [3, 0, 0, 3], "rotation": 180, "texture": "#1"},
				"up": {"uv": [0, 3, 3, 0], "rotation": 180, "texture": "#1"},
				"down": {"uv": [0, 3, 3, 0], "rotation": 180, "texture": "#1"}
			}
		},
		{
			"from": [7.745, 5.69, 4.07316],
			"to": [8.255, 6.03, 4.75316],
			"rotation": {"angle": -45, "axis": "x", "origin": [8.085, 3.72364, 1.3573]},
			"faces": {
				"north": {"uv": [0, 3, 3, 0], "rotation": 270, "texture": "#1"},
				"east": {"uv": [0, 3, 3, 0], "rotation": 270, "texture": "#1"},
				"south": {"uv": [0, 3, 3, 0], "rotation": 270, "texture": "#1"},
				"west": {"uv": [0, 3, 3, 0], "rotation": 270, "texture": "#1"},
				"up": {"uv": [3, 0, 0, 3], "rotation": 270, "texture": "#1"},
				"down": {"uv": [3, 0, 0, 3], "rotation": 270, "texture": "#1"}
			}
		},
		{
			"from": [7.745, 6.48871, 0.35828],
			"to": [8.255, 6.82871, 0.69828],
			"rotation": {"angle": 22.5, "axis": "x", "origin": [8.085, 3.77285, 2.66464]},
			"faces": {
				"north": {"uv": [3, 0, 0, 3], "rotation": 180, "texture": "#1"},
				"east": {"uv": [3, 0, 0, 3], "rotation": 180, "texture": "#1"},
				"south": {"uv": [3, 0, 0, 3], "rotation": 180, "texture": "#1"},
				"west": {"uv": [3, 0, 0, 3], "rotation": 180, "texture": "#1"},
				"up": {"uv": [0, 3, 3, 0], "rotation": 180, "texture": "#1"},
				"down": {"uv": [0, 3, 3, 0], "rotation": 180, "texture": "#1"}
			}
		},
		{
			"from": [7.915, 7.10988, 3.17811],
			"to": [8.085, 7.14388, 3.85811],
			"rotation": {"angle": 0, "axis": "y", "origin": [8.255, 8.94588, 5.50236]},
			"faces": {
				"north": {"uv": [2, 0, 0, 2], "texture": "#2"},
				"east": {"uv": [2, 0, 0, 2], "texture": "#2"},
				"south": {"uv": [2, 0, 0, 2], "texture": "#2"},
				"west": {"uv": [2, 0, 0, 2], "texture": "#2"},
				"up": {"uv": [0, 2, 2, 0], "texture": "#2"},
				"down": {"uv": [0, 2, 2, 0], "texture": "#2"}
			}
		},
		{
			"from": [7.915, 7.04763, 3.00113],
			"to": [8.085, 7.38763, 3.03513],
			"rotation": {"angle": -22.5, "axis": "x", "origin": [8.255, 7.52363, 2.93313]},
			"faces": {
				"north": {"uv": [2, 0, 0, 2], "rotation": 180, "texture": "#2"},
				"east": {"uv": [2, 0, 0, 2], "rotation": 180, "texture": "#2"},
				"south": {"uv": [2, 0, 0, 2], "rotation": 180, "texture": "#2"},
				"west": {"uv": [2, 0, 0, 2], "rotation": 180, "texture": "#2"},
				"up": {"uv": [0, 2, 2, 0], "rotation": 180, "texture": "#2"},
				"down": {"uv": [0, 2, 2, 0], "rotation": 180, "texture": "#2"}
			}
		},
		{
			"from": [7.915, 7.424, 3.048],
			"to": [8.085, 8.104, 3.082],
			"rotation": {"angle": 0, "axis": "y", "origin": [8.255, 7.22, 2.98]},
			"faces": {
				"north": {"uv": [0, 2, 2, 0], "rotation": 270, "texture": "#2"},
				"east": {"uv": [0, 2, 2, 0], "rotation": 270, "texture": "#2"},
				"south": {"uv": [0, 2, 2, 0], "rotation": 270, "texture": "#2"},
				"west": {"uv": [0, 2, 2, 0], "rotation": 270, "texture": "#2"},
				"up": {"uv": [2, 0, 0, 2], "rotation": 270, "texture": "#2"},
				"down": {"uv": [2, 0, 0, 2], "rotation": 270, "texture": "#2"}
			}
		},
		{
			"from": [7.915, 7.17068, 3.17408],
			"to": [8.085, 7.34068, 3.20808],
			"rotation": {"angle": -22.5, "axis": "x", "origin": [8.255, 7.64668, 3.10608]},
			"faces": {
				"north": {"uv": [2, 0, 0, 2], "rotation": 180, "texture": "#2"},
				"east": {"uv": [2, 0, 0, 2], "rotation": 180, "texture": "#2"},
				"south": {"uv": [2, 0, 0, 2], "rotation": 180, "texture": "#2"},
				"west": {"uv": [2, 0, 0, 2], "rotation": 180, "texture": "#2"},
				"up": {"uv": [0, 2, 2, 0], "rotation": 180, "texture": "#2"},
				"down": {"uv": [0, 2, 2, 0], "rotation": 180, "texture": "#2"}
			}
		},
		{
			"from": [7.915, 7.39, 3.286],
			"to": [8.085, 8.07, 3.32],
			"rotation": {"angle": 0, "axis": "y", "origin": [8.255, 8.92, 5.7]},
			"faces": {
				"north": {"uv": [0, 2, 2, 0], "rotation": 270, "texture": "#2"},
				"east": {"uv": [0, 2, 2, 0], "rotation": 270, "texture": "#2"},
				"south": {"uv": [0, 2, 2, 0], "rotation": 270, "texture": "#2"},
				"west": {"uv": [0, 2, 2, 0], "rotation": 270, "texture": "#2"},
				"up": {"uv": [2, 0, 0, 2], "rotation": 270, "texture": "#2"},
				"down": {"uv": [2, 0, 0, 2], "rotation": 270, "texture": "#2"}
			}
		}
	],
	"overrides": [
		{
			"predicate": {
				"pulling": 1
			},
			"model": "item/bow_pulling_0"
		},
		{
			"predicate": {
				"pulling": 1,
				"pull": 0.65
			},
			"model": "item/bow_pulling_1"
		},
		{
			"predicate": {
				"pulling": 1,
				"pull": 0.9
			},
			"model": "item/bow_pulling_2"
		}
	],
	"display": {
		"thirdperson_righthand": {
			"rotation": [1, 180, 0],
			"translation": [-0.5, 1, -6.8],
			"scale": [1.6, 1.6, 1.6]
		},
		"thirdperson_lefthand": {
			"rotation": [1, 180, 0],
			"translation": [-0.5, 1, -6.8],
			"scale": [1.6, 1.6, 1.6]
		},
		"firstperson_righthand": {
			"rotation": [16, -180, -1],
			"translation": [1, 3.5, -2.25]
		},
		"firstperson_lefthand": {
			"rotation": [16, -180, 1],
			"translation": [2.75, 3.5, -2.25]
		},
		"ground": {
			"rotation": [0, 0, 90],
			"translation": [0, -1, 3.5],
			"scale": [1.6, 1.6, 1.6]
		},
		"gui": {
			"rotation": [-90, -45, -90],
			"translation": [-1, 1.25, 0]
		},
		"head": {
			"rotation": [89, -50, 90],
			"translation": [-3.25, -15.5, 4],
			"scale": [2.6, 2.6, 2.6]
		},
		"fixed": {
			"rotation": [0, -90, 0],
			"translation": [-6.5, -0.3, -0.5],
			"scale": [3.4, 3.4, 3.4]
		}
	},
	"groups": [
		{
			"name": "mosinnagant",
			"origin": [8, 8, 8],
			"children": [0, 1, 2, 3, 4, 5, 6, 7, 8, 9, 10, 11, 12, 13, 14, 15, 16, 17, 18, 19, 20, 21, 22, 23, 24, 25, 26, 27, 28, 29, 30, 31, 32, 33, 34, 35, 36, 37]
		}
	]
}