{
	"credit": "Made with Blockbench",
	"textures": {
		"0": "./black_concrete2",
		"1": "./clay",
		"2": "./black_concrete",
		"particle": "./black_concrete2"
	},
	"elements": [
		{
			"from": [7.66, 4.90521, 2.9254],
			"to": [8.34, 6.60521, 3.6054],
			"rotation": {"angle": 22.5, "axis": "x", "origin": [8, 8.72, 5.7]},
			"faces": {
				"north": {"uv": [16, 0, 14, 2], "texture": "#0"},
				"east": {"uv": [16, 0, 14, 2], "texture": "#0"},
				"south": {"uv": [16, 0, 14, 2], "texture": "#0"},
				"west": {"uv": [16, 0, 14, 2], "texture": "#0"},
				"up": {"uv": [14, 2, 16, 0], "texture": "#0"},
				"down": {"uv": [14, 2, 16, 0], "texture": "#0"}
			}
		},
		{
			"from": [7.65966, 7.43588, 2.69213],
			"to": [8.34034, 8.45656, 9.15281],
			"rotation": {"angle": 0, "axis": "y", "origin": [8, 8.72, 5.7]},
			"faces": {
				"north": {"uv": [2, 0, 0, 2], "texture": "#0"},
				"east": {"uv": [2, 0, 0, 2], "texture": "#0"},
				"south": {"uv": [2, 0, 0, 2], "texture": "#0"},
				"west": {"uv": [2, 0, 0, 2], "texture": "#0"},
				"up": {"uv": [0, 2, 2, 0], "texture": "#0"},
				"down": {"uv": [0, 2, 2, 0], "texture": "#0"}
			}
		},
		{
			"from": [7.65966, 7.09588, 6.43213],
			"to": [8.34034, 7.43656, 8.47281],
			"rotation": {"angle": 0, "axis": "y", "origin": [8, 7.7, 7.74]},
			"faces": {
				"north": {"uv": [2, 0, 0, 2], "texture": "#2"},
				"east": {"uv": [2, 0, 0, 2], "texture": "#2"},
				"south": {"uv": [2, 0, 0, 2], "texture": "#2"},
				"west": {"uv": [2, 0, 0, 2], "texture": "#2"},
				"up": {"uv": [0, 2, 2, 0], "texture": "#2"},
				"down": {"uv": [0, 2, 2, 0], "texture": "#2"}
			}
		},
		{
			"from": [7.65966, 6.75588, 3.71213],
			"to": [8.34034, 7.43656, 6.43281],
			"rotation": {"angle": 0, "axis": "y", "origin": [8, 7.7, 5.7]},
			"faces": {
				"north": {"uv": [2, 0, 0, 2], "texture": "#0"},
				"east": {"uv": [2, 0, 0, 2], "texture": "#0"},
				"south": {"uv": [2, 0, 0, 2], "texture": "#0"},
				"west": {"uv": [2, 0, 0, 2], "texture": "#0"},
				"up": {"uv": [0, 2, 2, 0], "texture": "#0"},
				"down": {"uv": [0, 2, 2, 0], "texture": "#0"}
			}
		},
		{
			"from": [7.677, 8.57175, 2.49289],
			"to": [8.323, 9.25175, 3.34289],
			"rotation": {"angle": -22.5, "axis": "x", "origin": [8.017, 7.7, 5.7]},
			"faces": {
				"north": {"uv": [2, 0, 0, 2], "rotation": 180, "texture": "#0"},
				"east": {"uv": [2, 0, 0, 2], "rotation": 180, "texture": "#0"},
				"south": {"uv": [2, 0, 0, 2], "rotation": 180, "texture": "#0"},
				"west": {"uv": [2, 0, 0, 2], "rotation": 180, "texture": "#0"},
				"up": {"uv": [0, 2, 2, 0], "rotation": 180, "texture": "#0"},
				"down": {"uv": [0, 2, 2, 0], "rotation": 180, "texture": "#0"}
			}
		},
		{
			"from": [7.677, 9.25175, 1.81289],
			"to": [8.323, 9.59175, 3.34289],
			"rotation": {"angle": -22.5, "axis": "x", "origin": [8.017, 7.7, 5.7]},
			"faces": {
				"north": {"uv": [2, 0, 0, 2], "rotation": 180, "texture": "#0"},
				"east": {"uv": [2, 0, 0, 2], "rotation": 180, "texture": "#0"},
				"south": {"uv": [2, 0, 0, 2], "rotation": 180, "texture": "#0"},
				"west": {"uv": [2, 0, 0, 2], "rotation": 180, "texture": "#0"},
				"up": {"uv": [0, 2, 2, 0], "rotation": 180, "texture": "#0"},
				"down": {"uv": [0, 2, 2, 0], "rotation": 180, "texture": "#0"}
			}
		},
		{
			"from": [7.745, 8.89, 2.01235],
			"to": [8.255, 9.4, 7.45575],
			"rotation": {"angle": 0, "axis": "y", "origin": [8.51, 8.72, 5.7]},
			"faces": {
				"north": {"uv": [2, 0, 0, 2], "texture": "#1"},
				"east": {"uv": [2, 0, 0, 2], "texture": "#2"},
				"south": {"uv": [2, 0, 0, 2], "texture": "#1"},
				"west": {"uv": [2, 0, 0, 2], "texture": "#2"},
				"up": {"uv": [0, 2, 2, 0], "texture": "#2"},
				"down": {"uv": [0, 2, 2, 0], "texture": "#2"}
			}
		},
		{
			"from": [8.255, 8.89, 1.92735],
			"to": [8.425, 9.4, 3.12075],
			"rotation": {"angle": 0, "axis": "y", "origin": [9.02, 8.72, 5.615]},
			"faces": {
				"north": {"uv": [2, 0, 0, 2], "texture": "#2"},
				"east": {"uv": [2, 0, 0, 2], "texture": "#2"},
				"south": {"uv": [2, 0, 0, 2], "texture": "#2"},
				"west": {"uv": [2, 0, 0, 2], "texture": "#2"},
				"up": {"uv": [0, 2, 2, 0], "texture": "#2"},
				"down": {"uv": [0, 2, 2, 0], "texture": "#2"}
			}
		},
		{
			"from": [8.255, 8.89, 6.00735],
			"to": [8.425, 9.4, 7.62575],
			"rotation": {"angle": 0, "axis": "y", "origin": [9.02, 8.72, 9.695]},
			"faces": {
				"north": {"uv": [2, 0, 0, 2], "texture": "#2"},
				"east": {"uv": [2, 0, 0, 2], "texture": "#2"},
				"south": {"uv": [2, 0, 0, 2], "texture": "#2"},
				"west": {"uv": [2, 0, 0, 2], "texture": "#2"},
				"up": {"uv": [0, 2, 2, 0], "texture": "#2"},
				"down": {"uv": [0, 2, 2, 0], "texture": "#2"}
			}
		},
		{
			"from": [8.47656, 8.7449, 6.00735],
			"to": [8.71656, 8.9149, 7.62575],
			"rotation": {"angle": -45, "axis": "z", "origin": [9.15656, 9.5099, 9.695]},
			"faces": {
				"north": {"uv": [2, 0, 0, 2], "rotation": 90, "texture": "#2"},
				"east": {"uv": [0, 2, 2, 0], "rotation": 270, "texture": "#2"},
				"south": {"uv": [2, 0, 0, 2], "rotation": 270, "texture": "#2"},
				"west": {"uv": [0, 2, 2, 0], "rotation": 270, "texture": "#2"},
				"up": {"uv": [2, 0, 0, 2], "rotation": 270, "texture": "#2"},
				"down": {"uv": [2, 0, 0, 2], "rotation": 270, "texture": "#2"}
			}
		},
		{
			"from": [8.47656, 8.7449, 1.92735],
			"to": [8.71656, 8.9149, 3.12075],
			"rotation": {"angle": -45, "axis": "z", "origin": [9.15656, 9.5099, 5.215]},
			"faces": {
				"north": {"uv": [2, 0, 0, 2], "rotation": 90, "texture": "#2"},
				"east": {"uv": [0, 2, 2, 0], "rotation": 270, "texture": "#2"},
				"south": {"uv": [2, 0, 0, 2], "rotation": 270, "texture": "#2"},
				"west": {"uv": [0, 2, 2, 0], "rotation": 270, "texture": "#2"},
				"up": {"uv": [2, 0, 0, 2], "rotation": 270, "texture": "#2"},
				"down": {"uv": [2, 0, 0, 2], "rotation": 270, "texture": "#2"}
			}
		},
		{
			"from": [8.47686, 9.3754, 6.00735],
			"to": [8.71686, 9.5454, 7.62575],
			"rotation": {"angle": 45, "axis": "z", "origin": [9.15686, 8.7804, 9.695]},
			"faces": {
				"north": {"uv": [0, 0, 2, 2], "rotation": 90, "texture": "#2"},
				"east": {"uv": [2, 2, 0, 0], "rotation": 270, "texture": "#2"},
				"south": {"uv": [0, 0, 2, 2], "rotation": 270, "texture": "#2"},
				"west": {"uv": [2, 2, 0, 0], "rotation": 270, "texture": "#2"},
				"up": {"uv": [0, 0, 2, 2], "rotation": 270, "texture": "#2"},
				"down": {"uv": [0, 0, 2, 2], "rotation": 270, "texture": "#2"}
			}
		},
		{
			"from": [8.47686, 9.3754, 1.92735],
			"to": [8.71686, 9.5454, 3.12075],
			"rotation": {"angle": 45, "axis": "z", "origin": [9.15686, 8.7804, 5.215]},
			"faces": {
				"north": {"uv": [0, 0, 2, 2], "rotation": 90, "texture": "#2"},
				"east": {"uv": [2, 2, 0, 0], "rotation": 270, "texture": "#2"},
				"south": {"uv": [0, 0, 2, 2], "rotation": 270, "texture": "#2"},
				"west": {"uv": [2, 2, 0, 0], "rotation": 270, "texture": "#2"},
				"up": {"uv": [0, 0, 2, 2], "rotation": 270, "texture": "#2"},
				"down": {"uv": [0, 0, 2, 2], "rotation": 270, "texture": "#2"}
			}
		},
		{
			"from": [7.28344, 8.7449, 6.00735],
			"to": [7.52344, 8.9149, 7.62575],
			"rotation": {"angle": 45, "axis": "z", "origin": [6.84344, 9.5099, 9.695]},
			"faces": {
				"north": {"uv": [2, 2, 0, 0], "rotation": 90, "texture": "#2"},
				"east": {"uv": [0, 0, 2, 2], "rotation": 270, "texture": "#2"},
				"south": {"uv": [2, 2, 0, 0], "rotation": 270, "texture": "#2"},
				"west": {"uv": [0, 0, 2, 2], "rotation": 270, "texture": "#2"},
				"up": {"uv": [2, 2, 0, 0], "rotation": 270, "texture": "#2"},
				"down": {"uv": [2, 2, 0, 0], "rotation": 270, "texture": "#2"}
			}
		},
		{
			"from": [7.28344, 8.7449, 1.92735],
			"to": [7.52344, 8.9149, 3.12075],
			"rotation": {"angle": 45, "axis": "z", "origin": [6.84344, 9.5099, 5.215]},
			"faces": {
				"north": {"uv": [2, 2, 0, 0], "rotation": 90, "texture": "#2"},
				"east": {"uv": [0, 0, 2, 2], "rotation": 270, "texture": "#2"},
				"south": {"uv": [2, 2, 0, 0], "rotation": 270, "texture": "#2"},
				"west": {"uv": [0, 0, 2, 2], "rotation": 270, "texture": "#2"},
				"up": {"uv": [2, 2, 0, 0], "rotation": 270, "texture": "#2"},
				"down": {"uv": [2, 2, 0, 0], "rotation": 270, "texture": "#2"}
			}
		},
		{
			"from": [7.28373, 9.3754, 6.00735],
			"to": [7.52373, 9.5454, 7.62575],
			"rotation": {"angle": -45, "axis": "z", "origin": [6.84373, 8.7804, 9.695]},
			"faces": {
				"north": {"uv": [0, 2, 2, 0], "rotation": 90, "texture": "#2"},
				"east": {"uv": [2, 0, 0, 2], "rotation": 270, "texture": "#2"},
				"south": {"uv": [0, 2, 2, 0], "rotation": 270, "texture": "#2"},
				"west": {"uv": [2, 0, 0, 2], "rotation": 270, "texture": "#2"},
				"up": {"uv": [0, 2, 2, 0], "rotation": 270, "texture": "#2"},
				"down": {"uv": [0, 2, 2, 0], "rotation": 270, "texture": "#2"}
			}
		},
		{
			"from": [7.28373, 9.3754, 1.92735],
			"to": [7.52373, 9.5454, 3.12075],
			"rotation": {"angle": -45, "axis": "z", "origin": [6.84373, 8.7804, 5.215]},
			"faces": {
				"north": {"uv": [0, 2, 2, 0], "rotation": 90, "texture": "#2"},
				"east": {"uv": [2, 0, 0, 2], "rotation": 270, "texture": "#2"},
				"south": {"uv": [0, 2, 2, 0], "rotation": 270, "texture": "#2"},
				"west": {"uv": [2, 0, 0, 2], "rotation": 270, "texture": "#2"},
				"up": {"uv": [0, 2, 2, 0], "rotation": 270, "texture": "#2"},
				"down": {"uv": [0, 2, 2, 0], "rotation": 270, "texture": "#2"}
			}
		},
		{
			"from": [7.575, 8.89, 6.00735],
			"to": [7.745, 9.4, 7.62575],
			"rotation": {"angle": 0, "axis": "y", "origin": [8.34, 8.72, 9.695]},
			"faces": {
				"north": {"uv": [2, 0, 0, 2], "texture": "#2"},
				"east": {"uv": [2, 0, 0, 2], "texture": "#2"},
				"south": {"uv": [2, 0, 0, 2], "texture": "#2"},
				"west": {"uv": [2, 0, 0, 2], "texture": "#2"},
				"up": {"uv": [0, 2, 2, 0], "texture": "#2"},
				"down": {"uv": [0, 2, 2, 0], "texture": "#2"}
			}
		},
		{
			"from": [7.575, 8.89, 1.92735],
			"to": [7.745, 9.4, 3.12075],
			"rotation": {"angle": 0, "axis": "y", "origin": [8.34, 8.72, 5.615]},
			"faces": {
				"north": {"uv": [2, 0, 0, 2], "texture": "#2"},
				"east": {"uv": [2, 0, 0, 2], "texture": "#2"},
				"south": {"uv": [2, 0, 0, 2], "texture": "#2"},
				"west": {"uv": [2, 0, 0, 2], "texture": "#2"},
				"up": {"uv": [0, 2, 2, 0], "texture": "#2"},
				"down": {"uv": [0, 2, 2, 0], "texture": "#2"}
			}
		},
		{
			"from": [7.745, 9.4, 1.92735],
			"to": [8.255, 9.57, 3.12075],
			"rotation": {"angle": 0, "axis": "y", "origin": [8.51, 9.23, 5.615]},
			"faces": {
				"north": {"uv": [2, 0, 0, 2], "texture": "#2"},
				"east": {"uv": [2, 0, 0, 2], "texture": "#2"},
				"south": {"uv": [2, 0, 0, 2], "texture": "#2"},
				"west": {"uv": [2, 0, 0, 2], "texture": "#2"},
				"up": {"uv": [0, 2, 2, 0], "texture": "#2"},
				"down": {"uv": [0, 2, 2, 0], "texture": "#2"}
			}
		},
		{
			"from": [7.745, 9.4, 6.00735],
			"to": [8.255, 9.57, 7.62575],
			"rotation": {"angle": 0, "axis": "y", "origin": [8.51, 9.23, 9.695]},
			"faces": {
				"north": {"uv": [2, 0, 0, 2], "texture": "#2"},
				"east": {"uv": [2, 0, 0, 2], "texture": "#2"},
				"south": {"uv": [2, 0, 0, 2], "texture": "#2"},
				"west": {"uv": [2, 0, 0, 2], "texture": "#2"},
				"up": {"uv": [0, 2, 2, 0], "texture": "#2"},
				"down": {"uv": [0, 2, 2, 0], "texture": "#2"}
			}
		},
		{
			"from": [7.745, 8.72, 6.00735],
			"to": [8.255, 8.89, 7.62575],
			"rotation": {"angle": 0, "axis": "y", "origin": [8.51, 8.55, 9.695]},
			"faces": {
				"north": {"uv": [2, 0, 0, 2], "texture": "#2"},
				"east": {"uv": [2, 0, 0, 2], "texture": "#2"},
				"south": {"uv": [2, 0, 0, 2], "texture": "#2"},
				"west": {"uv": [2, 0, 0, 2], "texture": "#2"},
				"up": {"uv": [0, 2, 2, 0], "texture": "#2"},
				"down": {"uv": [0, 2, 2, 0], "texture": "#2"}
			}
		},
		{
			"from": [7.745, 8.72, 1.92735],
			"to": [8.255, 8.89, 3.12075],
			"rotation": {"angle": 0, "axis": "y", "origin": [8.51, 8.55, 5.615]},
			"faces": {
				"north": {"uv": [2, 0, 0, 2], "texture": "#2"},
				"east": {"uv": [2, 0, 0, 2], "texture": "#2"},
				"south": {"uv": [2, 0, 0, 2], "texture": "#2"},
				"west": {"uv": [2, 0, 0, 2], "texture": "#2"},
				"up": {"uv": [0, 2, 2, 0], "texture": "#2"},
				"down": {"uv": [0, 2, 2, 0], "texture": "#2"}
			}
		},
		{
			"from": [7.66, 8.48038, 3.71575],
			"to": [8.34, 9.50038, 4.05575],
			"rotation": {"angle": 0, "axis": "y", "origin": [8.425, 8.72, 5.7]},
			"faces": {
				"north": {"uv": [2, 0, 0, 2], "texture": "#2"},
				"east": {"uv": [2, 0, 0, 2], "texture": "#2"},
				"south": {"uv": [2, 0, 0, 2], "texture": "#2"},
				"west": {"uv": [2, 0, 0, 2], "texture": "#2"},
				"up": {"uv": [0, 2, 2, 0], "texture": "#2"},
				"down": {"uv": [0, 2, 2, 0], "texture": "#2"}
			}
		},
		{
			"from": [8, 8.48038, 3.20575],
			"to": [9.02, 8.65038, 3.37575],
			"rotation": {"angle": 0, "axis": "y", "origin": [9.105, 8.72, 5.02]},
			"faces": {
				"north": {"uv": [2, 0, 0, 2], "texture": "#2"},
				"east": {"uv": [2, 0, 0, 2], "texture": "#2"},
				"south": {"uv": [2, 0, 0, 2], "texture": "#2"},
				"west": {"uv": [2, 0, 0, 2], "texture": "#2"},
				"up": {"uv": [0, 2, 2, 0], "texture": "#2"},
				"down": {"uv": [0, 2, 2, 0], "texture": "#2"}
			}
		},
		{
			"from": [8.782, 8.41238, 3.13775],
			"to": [9.088, 8.71838, 3.44375],
			"rotation": {"angle": 0, "axis": "y", "origin": [10.125, 8.72, 5.02]},
			"faces": {
				"north": {"uv": [2, 0, 0, 2], "texture": "#2"},
				"east": {"uv": [2, 0, 0, 2], "texture": "#2"},
				"south": {"uv": [2, 0, 0, 2], "texture": "#2"},
				"west": {"uv": [2, 0, 0, 2], "texture": "#2"},
				"up": {"uv": [0, 2, 2, 0], "texture": "#2"},
				"down": {"uv": [0, 2, 2, 0], "texture": "#2"}
			}
		},
		{
			"from": [7.66, 8.48038, 5.07575],
			"to": [8.34, 9.50038, 5.41575],
			"rotation": {"angle": 0, "axis": "y", "origin": [8.425, 8.72, 7.06]},
			"faces": {
				"north": {"uv": [2, 0, 0, 2], "texture": "#2"},
				"east": {"uv": [2, 0, 0, 2], "texture": "#2"},
				"south": {"uv": [2, 0, 0, 2], "texture": "#2"},
				"west": {"uv": [2, 0, 0, 2], "texture": "#2"},
				"up": {"uv": [0, 2, 2, 0], "texture": "#2"},
				"down": {"uv": [0, 2, 2, 0], "texture": "#2"}
			}
		},
		{
			"from": [7.66, 8.82038, 4.39575],
			"to": [8.34, 9.50038, 4.73575],
			"rotation": {"angle": 0, "axis": "y", "origin": [8.425, 8.72, 6.38]},
			"faces": {
				"north": {"uv": [2, 0, 0, 2], "texture": "#2"},
				"east": {"uv": [2, 0, 0, 2], "texture": "#2"},
				"south": {"uv": [2, 0, 0, 2], "texture": "#2"},
				"west": {"uv": [2, 0, 0, 2], "texture": "#2"},
				"up": {"uv": [0, 2, 2, 0], "texture": "#2"},
				"down": {"uv": [0, 2, 2, 0], "texture": "#2"}
			}
		},
		{
			"from": [7.711, 8.091, 2.74675],
			"to": [8.289, 8.669, 6.669],
			"rotation": {"angle": 0, "axis": "y", "origin": [8.17, 8.72, 5.19]},
			"faces": {
				"north": {"uv": [2, 0, 0, 2], "texture": "#2"},
				"east": {"uv": [2, 0, 0, 2], "texture": "#2"},
				"south": {"uv": [2, 0, 0, 2], "texture": "#2"},
				"west": {"uv": [2, 0, 0, 2], "texture": "#2"},
				"up": {"uv": [0, 2, 2, 0], "texture": "#2"},
				"down": {"uv": [0, 2, 2, 0], "texture": "#2"}
			}
		},
		{
			"from": [7.745, 8.023, 2.95075],
			"to": [8.255, 8.533, 16.605],
			"rotation": {"angle": 0, "axis": "y", "origin": [8.17, 8.72, 5.36]},
			"faces": {
				"north": {"uv": [2, 0, 0, 2], "texture": "#2"},
				"east": {"uv": [2, 0, 0, 2], "texture": "#2"},
				"south": {"uv": [2, 0, 0, 2], "texture": "#2"},
				"west": {"uv": [2, 0, 0, 2], "texture": "#2"},
				"up": {"uv": [0, 2, 2, 0], "texture": "#2"},
				"down": {"uv": [0, 2, 2, 0], "texture": "#2"}
			}
		},
		{
			"from": [7.83, 9.468, 4.39575],
			"to": [8.17, 9.808, 4.73575],
			"rotation": {"angle": 0, "axis": "y", "origin": [8.17, 8.72, 5.7]},
			"faces": {
				"north": {"uv": [2, 0, 0, 2], "texture": "#2"},
				"east": {"uv": [2, 0, 0, 2], "texture": "#2"},
				"south": {"uv": [2, 0, 0, 2], "texture": "#2"},
				"west": {"uv": [2, 0, 0, 2], "texture": "#2"},
				"up": {"uv": [0, 2, 2, 0], "texture": "#2"},
				"down": {"uv": [0, 2, 2, 0], "texture": "#2"}
			}
		},
		{
			"from": [8.272, 8.992, 4.39575],
			"to": [8.612, 9.332, 4.73575],
			"rotation": {"angle": 0, "axis": "y", "origin": [8.17, 8.72, 5.7]},
			"faces": {
				"north": {"uv": [2, 0, 0, 2], "texture": "#2"},
				"east": {"uv": [2, 0, 0, 2], "texture": "#2"},
				"south": {"uv": [2, 0, 0, 2], "texture": "#2"},
				"west": {"uv": [2, 0, 0, 2], "texture": "#2"},
				"up": {"uv": [0, 2, 2, 0], "texture": "#2"},
				"down": {"uv": [0, 2, 2, 0], "texture": "#2"}
			}
		},
		{
			"from": [7.388, 8.992, 4.39575],
			"to": [7.728, 9.332, 4.73575],
			"rotation": {"angle": 0, "axis": "y", "origin": [7.83, 8.72, 5.7]},
			"faces": {
				"north": {"uv": [0, 0, 2, 2], "texture": "#2"},
				"east": {"uv": [0, 0, 2, 2], "texture": "#2"},
				"south": {"uv": [0, 0, 2, 2], "texture": "#2"},
				"west": {"uv": [0, 0, 2, 2], "texture": "#2"},
				"up": {"uv": [2, 2, 0, 0], "texture": "#2"},
				"down": {"uv": [2, 2, 0, 0], "texture": "#2"}
			}
		},
		{
			"from": [7.66, 4.43865, 0.91057],
			"to": [8.34, 5.96865, 1.59057],
			"rotation": {"angle": 22.5, "axis": "x", "origin": [8, 8.72, 5.7]},
			"faces": {
				"north": {"uv": [16, 0, 14, 2], "texture": "#0"},
				"east": {"uv": [16, 0, 14, 2], "texture": "#0"},
				"south": {"uv": [16, 0, 14, 2], "texture": "#0"},
				"west": {"uv": [16, 0, 14, 2], "texture": "#0"},
				"up": {"uv": [14, 2, 16, 0], "texture": "#0"},
				"down": {"uv": [14, 2, 16, 0], "texture": "#0"}
			}
		},
		{
			"from": [7.66, 6.306, -2.154],
			"to": [8.34, 8.006, -1.474],
			"rotation": {"angle": 0, "axis": "y", "origin": [8, 8.72, 5.7]},
			"faces": {
				"north": {"uv": [16, 0, 14, 2], "texture": "#0"},
				"east": {"uv": [16, 0, 14, 2], "texture": "#0"},
				"south": {"uv": [16, 0, 14, 2], "texture": "#0"},
				"west": {"uv": [16, 0, 14, 2], "texture": "#0"},
				"up": {"uv": [14, 2, 16, 0], "texture": "#0"},
				"down": {"uv": [14, 2, 16, 0], "texture": "#0"}
			}
		},
		{
			"from": [7.626, 6.272, -2.188],
			"to": [8.374, 8.04, -1.78],
			"rotation": {"angle": 0, "axis": "y", "origin": [8, 8.72, 5.7]},
			"faces": {
				"north": {"uv": [2, 0, 0, 2], "texture": "#2"},
				"east": {"uv": [2, 0, 0, 2], "texture": "#2"},
				"south": {"uv": [2, 0, 0, 2], "texture": "#2"},
				"west": {"uv": [2, 0, 0, 2], "texture": "#2"},
				"up": {"uv": [0, 2, 2, 0], "texture": "#2"},
				"down": {"uv": [0, 2, 2, 0], "texture": "#2"}
			}
		},
		{
			"from": [7.66, 7.64753, -2.04378],
			"to": [8.34, 7.98753, 2.37622],
			"rotation": {"angle": 0, "axis": "y", "origin": [8, 8.72, 5.7]},
			"faces": {
				"north": {"uv": [16, 0, 14, 2], "rotation": 180, "texture": "#0"},
				"east": {"uv": [16, 0, 14, 2], "rotation": 180, "texture": "#0"},
				"south": {"uv": [16, 0, 14, 2], "rotation": 180, "texture": "#0"},
				"west": {"uv": [16, 0, 14, 2], "rotation": 180, "texture": "#0"},
				"up": {"uv": [14, 2, 16, 0], "rotation": 180, "texture": "#0"},
				"down": {"uv": [14, 2, 16, 0], "rotation": 180, "texture": "#0"}
			}
		},
		{
			"from": [7.66, 7.30753, 2.37622],
			"to": [8.34, 7.64753, 3.05622],
			"rotation": {"angle": 0, "axis": "y", "origin": [8, 8.72, 5.7]},
			"faces": {
				"north": {"uv": [16, 0, 14, 2], "rotation": 180, "texture": "#0"},
				"east": {"uv": [16, 0, 14, 2], "rotation": 180, "texture": "#0"},
				"south": {"uv": [16, 0, 14, 2], "rotation": 180, "texture": "#0"},
				"west": {"uv": [16, 0, 14, 2], "rotation": 180, "texture": "#0"},
				"up": {"uv": [14, 2, 16, 0], "rotation": 180, "texture": "#0"},
				"down": {"uv": [14, 2, 16, 0], "rotation": 180, "texture": "#0"}
			}
		},
		{
			"from": [7.66, 6.28753, -2.04378],
			"to": [8.34, 6.62753, 2.03622],
			"rotation": {"angle": 0, "axis": "y", "origin": [8, 8.72, 5.7]},
			"faces": {
				"north": {"uv": [16, 0, 14, 2], "rotation": 180, "texture": "#0"},
				"east": {"uv": [16, 0, 14, 2], "rotation": 180, "texture": "#0"},
				"south": {"uv": [16, 0, 14, 2], "rotation": 180, "texture": "#0"},
				"west": {"uv": [16, 0, 14, 2], "rotation": 180, "texture": "#0"},
				"up": {"uv": [14, 2, 16, 0], "rotation": 180, "texture": "#0"},
				"down": {"uv": [14, 2, 16, 0], "rotation": 180, "texture": "#0"}
			}
		},
		{
			"from": [7.694, 5.76038, 4.31075],
			"to": [8.306, 8.14038, 4.48075],
			"rotation": {"angle": 0, "axis": "y", "origin": [8.034, 8.72, 4.765]},
			"faces": {
				"north": {"uv": [2, 0, 0, 2], "texture": "#2"},
				"east": {"uv": [2, 0, 0, 2], "texture": "#2"},
				"south": {"uv": [2, 0, 0, 2], "texture": "#2"},
				"west": {"uv": [2, 0, 0, 2], "texture": "#2"},
				"up": {"uv": [0, 2, 2, 0], "texture": "#2"},
				"down": {"uv": [0, 2, 2, 0], "texture": "#2"}
			}
		},
		{
			"from": [7.694, 5.76038, 4.65075],
			"to": [8.306, 8.14038, 4.82075],
			"rotation": {"angle": 0, "axis": "y", "origin": [8.034, 8.72, 5.105]},
			"faces": {
				"north": {"uv": [2, 0, 0, 2], "texture": "#2"},
				"east": {"uv": [2, 0, 0, 2], "texture": "#2"},
				"south": {"uv": [2, 0, 0, 2], "texture": "#2"},
				"west": {"uv": [2, 0, 0, 2], "texture": "#2"},
				"up": {"uv": [0, 2, 2, 0], "texture": "#2"},
				"down": {"uv": [0, 2, 2, 0], "texture": "#2"}
			}
		},
		{
			"from": [7.694, 5.76038, 4.99075],
			"to": [8.306, 8.14038, 5.16075],
			"rotation": {"angle": 0, "axis": "y", "origin": [8.034, 8.72, 5.445]},
			"faces": {
				"north": {"uv": [2, 0, 0, 2], "texture": "#2"},
				"east": {"uv": [2, 0, 0, 2], "texture": "#2"},
				"south": {"uv": [2, 0, 0, 2], "texture": "#2"},
				"west": {"uv": [2, 0, 0, 2], "texture": "#2"},
				"up": {"uv": [0, 2, 2, 0], "texture": "#2"},
				"down": {"uv": [0, 2, 2, 0], "texture": "#2"}
			}
		},
		{
			"from": [7.694, 5.76038, 5.33075],
			"to": [8.306, 8.14038, 5.50075],
			"rotation": {"angle": 0, "axis": "y", "origin": [8.034, 8.72, 5.785]},
			"faces": {
				"north": {"uv": [2, 0, 0, 2], "texture": "#2"},
				"east": {"uv": [2, 0, 0, 2], "texture": "#2"},
				"south": {"uv": [2, 0, 0, 2], "texture": "#2"},
				"west": {"uv": [2, 0, 0, 2], "texture": "#2"},
				"up": {"uv": [0, 2, 2, 0], "texture": "#2"},
				"down": {"uv": [0, 2, 2, 0], "texture": "#2"}
			}
		},
		{
			"from": [7.915, 6.84763, 3.00113],
			"to": [8.085, 7.18763, 3.03513],
			"rotation": {"angle": -22.5, "axis": "x", "origin": [8.255, 7.32363, 2.93313]},
			"faces": {
				"north": {"uv": [0, 2, 2, 0], "rotation": 270, "texture": "#2"},
				"east": {"uv": [0, 2, 2, 0], "rotation": 270, "texture": "#2"},
				"south": {"uv": [0, 2, 2, 0], "rotation": 270, "texture": "#2"},
				"west": {"uv": [0, 2, 2, 0], "rotation": 270, "texture": "#2"},
				"up": {"uv": [2, 0, 0, 2], "rotation": 270, "texture": "#2"},
				"down": {"uv": [2, 0, 0, 2], "rotation": 270, "texture": "#2"}
			}
		},
		{
			"from": [7.915, 7.224, 3.048],
			"to": [8.085, 7.904, 3.082],
			"rotation": {"angle": 0, "axis": "y", "origin": [8.255, 7.02, 2.98]},
			"faces": {
				"north": {"uv": [0, 2, 2, 0], "rotation": 270, "texture": "#2"},
				"east": {"uv": [0, 2, 2, 0], "rotation": 270, "texture": "#2"},
				"south": {"uv": [0, 2, 2, 0], "rotation": 270, "texture": "#2"},
				"west": {"uv": [0, 2, 2, 0], "rotation": 270, "texture": "#2"},
				"up": {"uv": [2, 0, 0, 2], "rotation": 270, "texture": "#2"},
				"down": {"uv": [2, 0, 0, 2], "rotation": 270, "texture": "#2"}
			}
		},
		{
			"from": [7.915, 6.90988, 3.17811],
			"to": [8.085, 6.94388, 3.85811],
			"rotation": {"angle": 0, "axis": "y", "origin": [8.255, 8.74588, 5.50236]},
			"faces": {
				"north": {"uv": [2, 0, 0, 2], "texture": "#2"},
				"east": {"uv": [2, 0, 0, 2], "texture": "#2"},
				"south": {"uv": [2, 0, 0, 2], "texture": "#2"},
				"west": {"uv": [2, 0, 0, 2], "texture": "#2"},
				"up": {"uv": [0, 2, 2, 0], "texture": "#2"},
				"down": {"uv": [0, 2, 2, 0], "texture": "#2"}
			}
		},
		{
			"from": [7.915, 7.19, 3.286],
			"to": [8.085, 7.87, 3.32],
			"rotation": {"angle": 0, "axis": "y", "origin": [8.255, 8.72, 5.7]},
			"faces": {
				"north": {"uv": [0, 2, 2, 0], "rotation": 270, "texture": "#2"},
				"east": {"uv": [0, 2, 2, 0], "rotation": 270, "texture": "#2"},
				"south": {"uv": [0, 2, 2, 0], "rotation": 270, "texture": "#2"},
				"west": {"uv": [0, 2, 2, 0], "rotation": 270, "texture": "#2"},
				"up": {"uv": [2, 0, 0, 2], "rotation": 270, "texture": "#2"},
				"down": {"uv": [2, 0, 0, 2], "rotation": 270, "texture": "#2"}
			}
		},
		{
			"from": [7.915, 6.97068, 3.17408],
			"to": [8.085, 7.14068, 3.20808],
			"rotation": {"angle": -22.5, "axis": "x", "origin": [8.255, 7.44668, 3.10608]},
			"faces": {
				"north": {"uv": [0, 2, 2, 0], "rotation": 270, "texture": "#2"},
				"east": {"uv": [0, 2, 2, 0], "rotation": 270, "texture": "#2"},
				"south": {"uv": [0, 2, 2, 0], "rotation": 270, "texture": "#2"},
				"west": {"uv": [0, 2, 2, 0], "rotation": 270, "texture": "#2"},
				"up": {"uv": [2, 0, 0, 2], "rotation": 270, "texture": "#2"},
				"down": {"uv": [2, 0, 0, 2], "rotation": 270, "texture": "#2"}
			}
		},
		{
			"from": [7.745, 5.76038, 4.05575],
			"to": [8.255, 8.14038, 5.75575],
			"rotation": {"angle": 0, "axis": "y", "origin": [8.085, 8.72, 5.7]},
			"faces": {
				"north": {"uv": [2, 0, 0, 2], "texture": "#2"},
				"east": {"uv": [2, 0, 0, 2], "texture": "#2"},
				"south": {"uv": [2, 0, 0, 2], "texture": "#2"},
				"west": {"uv": [2, 0, 0, 2], "texture": "#2"},
				"up": {"uv": [0, 2, 2, 0], "texture": "#2"},
				"down": {"uv": [0, 2, 2, 0], "texture": "#2"}
			}
		},
		{
			"from": [7.745, 5.78727, 4.18501],
			"to": [8.255, 6.46727, 5.88501],
			"rotation": {"angle": -22.5, "axis": "x", "origin": [8, 5.78889, 5.89727]},
			"faces": {
				"north": {"uv": [2, 0, 0, 2], "texture": "#2"},
				"east": {"uv": [2, 0, 0, 2], "texture": "#2"},
				"south": {"uv": [2, 0, 0, 2], "texture": "#2"},
				"west": {"uv": [2, 0, 0, 2], "texture": "#2"},
				"up": {"uv": [0, 2, 2, 0], "texture": "#2"},
				"down": {"uv": [0, 2, 2, 0], "texture": "#2"}
			}
		}
	],
	"overrides": [
		{
			"predicate": {
				"pulling": 1
			},
			"model": "item/bow_pulling_0"
		},
		{
			"predicate": {
				"pulling": 1,
				"pull": 0.65
			},
			"model": "item/bow_pulling_1"
		},
		{
			"predicate": {
				"pulling": 1,
				"pull": 0.9
			},
			"model": "item/bow_pulling_2"
		}
	],
	"display": {
		"thirdperson_righthand": {
			"rotation": [1, 180, 0],
			"translation": [-0.5, 1, -6.8],
			"scale": [1.6, 1.6, 1.6]
		},
		"thirdperson_lefthand": {
			"rotation": [1, 180, 0],
			"translation": [-0.5, 1, -6.8],
			"scale": [1.6, 1.6, 1.6]
		},
		"firstperson_righthand": {
			"rotation": [16, -180, -1],
			"translation": [1, 3.5, -2.25]
		},
		"firstperson_lefthand": {
			"rotation": [16, -180, 1],
			"translation": [2.75, 3.5, -2.25]
		},
		"ground": {
			"rotation": [0, 0, 90],
			"translation": [0, -1, 0.5],
			"scale": [1.6, 1.6, 1.6]
		},
		"gui": {
			"rotation": [-90, -45, -90],
			"translation": [0, 1.25, 0]
		},
		"head": {
			"rotation": [89, -50, 90],
			"translation": [-3.25, -15.5, 4],
			"scale": [2.6, 2.6, 2.6]
		},
		"fixed": {
			"rotation": [0, -90, 0],
			"translation": [-3.5, -0.3, -0.5],
			"scale": [3.4, 3.4, 3.4]
		}
	},
	"groups": [
		{
			"name": "sas",
			"origin": [8, 8, 8],
			"children": [0, 1, 2, 3, 4, 5, 6, 7, 8, 9, 10, 11, 12, 13, 14, 15, 16, 17, 18, 19, 20, 21, 22, 23, 24, 25, 26, 27, 28, 29, 30, 31, 32, 33, 34, 35, 36, 37, 38, 39, 40, 41, 42, 43, 44, 45, 46, 47, 48, 49]
		}
	]
}