{
	"credit": "Made with Blockbench",
	"textures": {
		"1": "./ibow_pulling_1"
	},
	"elements": [
		{
			"from": [2, 0, 7],
			"to": [3, 1, 8],
			"rotation": {"angle": 0, "axis": "y", "origin": [10, 8, 15]},
			"faces": {
				"north": {"uv": [2, 15, 3, 16], "texture": "#1"},
				"east": {"uv": [2, 15, 3, 16], "texture": "#1"},
				"south": {"uv": [2, 15, 3, 16], "texture": "#1"},
				"west": {"uv": [2, 15, 3, 16], "texture": "#1"},
				"up": {"uv": [2, 15, 3, 16], "texture": "#1"},
				"down": {"uv": [2, 15, 3, 16], "texture": "#1"}
			}
		},
		{
			"from": [3, 1, 7],
			"to": [4, 2, 8],
			"rotation": {"angle": 0, "axis": "y", "origin": [11, 9, 15]},
			"faces": {
				"north": {"uv": [2, 15, 3, 16], "texture": "#1"},
				"east": {"uv": [2, 15, 3, 16], "texture": "#1"},
				"south": {"uv": [2, 15, 3, 16], "texture": "#1"},
				"west": {"uv": [2, 15, 3, 16], "texture": "#1"},
				"up": {"uv": [2, 15, 3, 16], "texture": "#1"},
				"down": {"uv": [2, 15, 3, 16], "texture": "#1"}
			}
		},
		{
			"from": [4, 1, 7],
			"to": [5, 2, 8],
			"rotation": {"angle": 0, "axis": "y", "origin": [12, 9, 15]},
			"faces": {
				"north": {"uv": [4, 14, 5, 15], "texture": "#1"},
				"east": {"uv": [4, 14, 5, 15], "texture": "#1"},
				"south": {"uv": [4, 14, 5, 15], "texture": "#1"},
				"west": {"uv": [4, 14, 5, 15], "texture": "#1"},
				"up": {"uv": [4, 14, 5, 15], "texture": "#1"},
				"down": {"uv": [4, 14, 5, 15], "texture": "#1"}
			}
		},
		{
			"from": [5, 1, 7],
			"to": [6, 2, 8],
			"rotation": {"angle": 0, "axis": "y", "origin": [13, 9, 15]},
			"faces": {
				"north": {"uv": [4, 14, 5, 15], "texture": "#1"},
				"east": {"uv": [4, 14, 5, 15], "texture": "#1"},
				"south": {"uv": [4, 14, 5, 15], "texture": "#1"},
				"west": {"uv": [4, 14, 5, 15], "texture": "#1"},
				"up": {"uv": [4, 14, 5, 15], "texture": "#1"},
				"down": {"uv": [4, 14, 5, 15], "texture": "#1"}
			}
		},
		{
			"from": [6, 2, 7],
			"to": [7, 3, 8],
			"rotation": {"angle": 0, "axis": "y", "origin": [14, 10, 15]},
			"faces": {
				"north": {"uv": [4, 14, 5, 15], "texture": "#1"},
				"east": {"uv": [4, 14, 5, 15], "texture": "#1"},
				"south": {"uv": [4, 14, 5, 15], "texture": "#1"},
				"west": {"uv": [4, 14, 5, 15], "texture": "#1"},
				"up": {"uv": [4, 14, 5, 15], "texture": "#1"},
				"down": {"uv": [4, 14, 5, 15], "texture": "#1"}
			}
		},
		{
			"from": [7, 2, 7],
			"to": [8, 3, 8],
			"rotation": {"angle": 0, "axis": "y", "origin": [15, 10, 15]},
			"faces": {
				"north": {"uv": [4, 14, 5, 15], "texture": "#1"},
				"east": {"uv": [4, 14, 5, 15], "texture": "#1"},
				"south": {"uv": [4, 14, 5, 15], "texture": "#1"},
				"west": {"uv": [4, 14, 5, 15], "texture": "#1"},
				"up": {"uv": [4, 14, 5, 15], "texture": "#1"},
				"down": {"uv": [4, 14, 5, 15], "texture": "#1"}
			}
		},
		{
			"from": [8, 3, 7],
			"to": [9, 4, 8],
			"rotation": {"angle": 0, "axis": "y", "origin": [16, 11, 15]},
			"faces": {
				"north": {"uv": [4, 14, 5, 15], "texture": "#1"},
				"east": {"uv": [4, 14, 5, 15], "texture": "#1"},
				"south": {"uv": [4, 14, 5, 15], "texture": "#1"},
				"west": {"uv": [4, 14, 5, 15], "texture": "#1"},
				"up": {"uv": [4, 14, 5, 15], "texture": "#1"},
				"down": {"uv": [4, 14, 5, 15], "texture": "#1"}
			}
		},
		{
			"from": [9, 3, 7],
			"to": [10, 4, 8],
			"rotation": {"angle": 0, "axis": "y", "origin": [17, 11, 15]},
			"faces": {
				"north": {"uv": [4, 14, 5, 15], "texture": "#1"},
				"east": {"uv": [4, 14, 5, 15], "texture": "#1"},
				"south": {"uv": [4, 14, 5, 15], "texture": "#1"},
				"west": {"uv": [4, 14, 5, 15], "texture": "#1"},
				"up": {"uv": [4, 14, 5, 15], "texture": "#1"},
				"down": {"uv": [4, 14, 5, 15], "texture": "#1"}
			}
		},
		{
			"from": [10, 4, 7],
			"to": [11, 5, 8],
			"rotation": {"angle": 0, "axis": "y", "origin": [18, 12, 15]},
			"faces": {
				"north": {"uv": [4, 14, 5, 15], "texture": "#1"},
				"east": {"uv": [4, 14, 5, 15], "texture": "#1"},
				"south": {"uv": [4, 14, 5, 15], "texture": "#1"},
				"west": {"uv": [4, 14, 5, 15], "texture": "#1"},
				"up": {"uv": [4, 14, 5, 15], "texture": "#1"},
				"down": {"uv": [4, 14, 5, 15], "texture": "#1"}
			}
		},
		{
			"from": [12, 6, 7],
			"to": [13, 7, 8],
			"rotation": {"angle": 0, "axis": "y", "origin": [20, 14, 15]},
			"faces": {
				"north": {"uv": [4, 14, 5, 15], "texture": "#1"},
				"east": {"uv": [4, 14, 5, 15], "texture": "#1"},
				"south": {"uv": [4, 14, 5, 15], "texture": "#1"},
				"west": {"uv": [4, 14, 5, 15], "texture": "#1"},
				"up": {"uv": [4, 14, 5, 15], "texture": "#1"},
				"down": {"uv": [4, 14, 5, 15], "texture": "#1"}
			}
		},
		{
			"from": [12, 7, 7],
			"to": [13, 8, 8],
			"rotation": {"angle": 0, "axis": "y", "origin": [20, 15, 15]},
			"faces": {
				"north": {"uv": [4, 14, 5, 15], "texture": "#1"},
				"east": {"uv": [4, 14, 5, 15], "texture": "#1"},
				"south": {"uv": [4, 14, 5, 15], "texture": "#1"},
				"west": {"uv": [4, 14, 5, 15], "texture": "#1"},
				"up": {"uv": [4, 14, 5, 15], "texture": "#1"},
				"down": {"uv": [4, 14, 5, 15], "texture": "#1"}
			}
		},
		{
			"from": [13, 8, 7],
			"to": [14, 9, 8],
			"rotation": {"angle": 0, "axis": "y", "origin": [21, 16, 15]},
			"faces": {
				"north": {"uv": [4, 14, 5, 15], "texture": "#1"},
				"east": {"uv": [4, 14, 5, 15], "texture": "#1"},
				"south": {"uv": [4, 14, 5, 15], "texture": "#1"},
				"west": {"uv": [4, 14, 5, 15], "texture": "#1"},
				"up": {"uv": [4, 14, 5, 15], "texture": "#1"},
				"down": {"uv": [4, 14, 5, 15], "texture": "#1"}
			}
		},
		{
			"from": [13, 9, 7],
			"to": [14, 10, 8],
			"rotation": {"angle": 0, "axis": "y", "origin": [21, 17, 15]},
			"faces": {
				"north": {"uv": [4, 14, 5, 15], "texture": "#1"},
				"east": {"uv": [4, 14, 5, 15], "texture": "#1"},
				"south": {"uv": [4, 14, 5, 15], "texture": "#1"},
				"west": {"uv": [4, 14, 5, 15], "texture": "#1"},
				"up": {"uv": [4, 14, 5, 15], "texture": "#1"},
				"down": {"uv": [4, 14, 5, 15], "texture": "#1"}
			}
		},
		{
			"from": [14, 10, 7],
			"to": [15, 11, 8],
			"rotation": {"angle": 0, "axis": "y", "origin": [22, 18, 15]},
			"faces": {
				"north": {"uv": [4, 14, 5, 15], "texture": "#1"},
				"east": {"uv": [4, 14, 5, 15], "texture": "#1"},
				"south": {"uv": [4, 14, 5, 15], "texture": "#1"},
				"west": {"uv": [4, 14, 5, 15], "texture": "#1"},
				"up": {"uv": [4, 14, 5, 15], "texture": "#1"},
				"down": {"uv": [4, 14, 5, 15], "texture": "#1"}
			}
		},
		{
			"from": [14, 11, 7],
			"to": [15, 12, 8],
			"rotation": {"angle": 0, "axis": "y", "origin": [22, 19, 15]},
			"faces": {
				"north": {"uv": [4, 14, 5, 15], "texture": "#1"},
				"east": {"uv": [4, 14, 5, 15], "texture": "#1"},
				"south": {"uv": [4, 14, 5, 15], "texture": "#1"},
				"west": {"uv": [4, 14, 5, 15], "texture": "#1"},
				"up": {"uv": [4, 14, 5, 15], "texture": "#1"},
				"down": {"uv": [4, 14, 5, 15], "texture": "#1"}
			}
		},
		{
			"from": [3, 2, 7],
			"to": [4, 3, 8],
			"rotation": {"angle": 0, "axis": "y", "origin": [11, 10, 15]},
			"faces": {
				"north": {"uv": [2, 15, 3, 16], "texture": "#1"},
				"east": {"uv": [2, 15, 3, 16], "texture": "#1"},
				"south": {"uv": [2, 15, 3, 16], "texture": "#1"},
				"west": {"uv": [2, 15, 3, 16], "texture": "#1"},
				"up": {"uv": [2, 15, 3, 16], "texture": "#1"},
				"down": {"uv": [2, 15, 3, 16], "texture": "#1"}
			}
		},
		{
			"from": [3, 3, 7],
			"to": [4, 4, 8],
			"rotation": {"angle": 0, "axis": "y", "origin": [11, 11, 15]},
			"faces": {
				"north": {"uv": [2, 15, 3, 16], "texture": "#1"},
				"east": {"uv": [2, 15, 3, 16], "texture": "#1"},
				"south": {"uv": [2, 15, 3, 16], "texture": "#1"},
				"west": {"uv": [2, 15, 3, 16], "texture": "#1"},
				"up": {"uv": [2, 15, 3, 16], "texture": "#1"},
				"down": {"uv": [2, 15, 3, 16], "texture": "#1"}
			}
		},
		{
			"from": [3, 4, 7],
			"to": [4, 5, 8],
			"rotation": {"angle": 0, "axis": "y", "origin": [11, 12, 15]},
			"faces": {
				"north": {"uv": [2, 15, 3, 16], "texture": "#1"},
				"east": {"uv": [2, 15, 3, 16], "texture": "#1"},
				"south": {"uv": [2, 15, 3, 16], "texture": "#1"},
				"west": {"uv": [2, 15, 3, 16], "texture": "#1"},
				"up": {"uv": [2, 15, 3, 16], "texture": "#1"},
				"down": {"uv": [2, 15, 3, 16], "texture": "#1"}
			}
		},
		{
			"from": [4, 5, 7],
			"to": [5, 6, 8],
			"rotation": {"angle": 0, "axis": "y", "origin": [12, 13, 15]},
			"faces": {
				"north": {"uv": [2, 15, 3, 16], "texture": "#1"},
				"east": {"uv": [2, 15, 3, 16], "texture": "#1"},
				"south": {"uv": [2, 15, 3, 16], "texture": "#1"},
				"west": {"uv": [2, 15, 3, 16], "texture": "#1"},
				"up": {"uv": [2, 15, 3, 16], "texture": "#1"},
				"down": {"uv": [2, 15, 3, 16], "texture": "#1"}
			}
		},
		{
			"from": [4, 6, 7],
			"to": [5, 7, 8],
			"rotation": {"angle": 0, "axis": "y", "origin": [12, 14, 15]},
			"faces": {
				"north": {"uv": [2, 15, 3, 16], "texture": "#1"},
				"east": {"uv": [2, 15, 3, 16], "texture": "#1"},
				"south": {"uv": [2, 15, 3, 16], "texture": "#1"},
				"west": {"uv": [2, 15, 3, 16], "texture": "#1"},
				"up": {"uv": [2, 15, 3, 16], "texture": "#1"},
				"down": {"uv": [2, 15, 3, 16], "texture": "#1"}
			}
		},
		{
			"from": [6, 9, 7],
			"to": [7, 10, 8],
			"rotation": {"angle": 0, "axis": "y", "origin": [14, 17, 15]},
			"faces": {
				"north": {"uv": [2, 15, 3, 16], "texture": "#1"},
				"east": {"uv": [2, 15, 3, 16], "texture": "#1"},
				"south": {"uv": [2, 15, 3, 16], "texture": "#1"},
				"west": {"uv": [2, 15, 3, 16], "texture": "#1"},
				"up": {"uv": [2, 15, 3, 16], "texture": "#1"},
				"down": {"uv": [2, 15, 3, 16], "texture": "#1"}
			}
		},
		{
			"from": [5, 8, 7],
			"to": [6, 9, 8],
			"rotation": {"angle": 0, "axis": "y", "origin": [13, 16, 15]},
			"faces": {
				"north": {"uv": [5, 7, 6, 8], "texture": "#1"},
				"east": {"uv": [5, 7, 6, 8], "texture": "#1"},
				"south": {"uv": [5, 7, 6, 8], "texture": "#1"},
				"west": {"uv": [5, 7, 6, 8], "texture": "#1"},
				"up": {"uv": [5, 7, 6, 8], "texture": "#1"},
				"down": {"uv": [5, 7, 6, 8], "texture": "#1"}
			}
		},
		{
			"from": [5, 9, 7],
			"to": [6, 10, 8],
			"rotation": {"angle": 0, "axis": "y", "origin": [13, 17, 15]},
			"faces": {
				"north": {"uv": [5, 6, 6, 7], "texture": "#1"},
				"east": {"uv": [5, 6, 6, 7], "texture": "#1"},
				"south": {"uv": [5, 6, 6, 7], "texture": "#1"},
				"west": {"uv": [5, 6, 6, 7], "texture": "#1"},
				"up": {"uv": [5, 6, 6, 7], "texture": "#1"},
				"down": {"uv": [5, 6, 6, 7], "texture": "#1"}
			}
		},
		{
			"from": [7, 9, 7],
			"to": [8, 10, 8],
			"rotation": {"angle": 0, "axis": "y", "origin": [15, 17, 15]},
			"faces": {
				"north": {"uv": [6, 5, 7, 6], "texture": "#1"},
				"east": {"uv": [6, 5, 7, 6], "texture": "#1"},
				"south": {"uv": [6, 5, 7, 6], "texture": "#1"},
				"west": {"uv": [6, 5, 7, 6], "texture": "#1"},
				"up": {"uv": [6, 5, 7, 6], "texture": "#1"},
				"down": {"uv": [6, 5, 7, 6], "texture": "#1"}
			}
		},
		{
			"from": [8, 8, 7],
			"to": [9, 9, 8],
			"rotation": {"angle": 0, "axis": "y", "origin": [16, 16, 15]},
			"faces": {
				"north": {"uv": [6, 5, 7, 6], "texture": "#1"},
				"east": {"uv": [6, 5, 7, 6], "texture": "#1"},
				"south": {"uv": [6, 5, 7, 6], "texture": "#1"},
				"west": {"uv": [6, 5, 7, 6], "texture": "#1"},
				"up": {"uv": [6, 5, 7, 6], "texture": "#1"},
				"down": {"uv": [6, 5, 7, 6], "texture": "#1"}
			}
		},
		{
			"from": [9, 7, 7],
			"to": [10, 8, 8],
			"rotation": {"angle": 0, "axis": "y", "origin": [17, 15, 15]},
			"faces": {
				"north": {"uv": [6, 5, 7, 6], "texture": "#1"},
				"east": {"uv": [6, 5, 7, 6], "texture": "#1"},
				"south": {"uv": [6, 5, 7, 6], "texture": "#1"},
				"west": {"uv": [6, 5, 7, 6], "texture": "#1"},
				"up": {"uv": [6, 5, 7, 6], "texture": "#1"},
				"down": {"uv": [6, 5, 7, 6], "texture": "#1"}
			}
		},
		{
			"from": [10, 6, 7],
			"to": [11, 7, 8],
			"rotation": {"angle": 0, "axis": "y", "origin": [18, 14, 15]},
			"faces": {
				"north": {"uv": [6, 5, 7, 6], "texture": "#1"},
				"east": {"uv": [6, 5, 7, 6], "texture": "#1"},
				"south": {"uv": [6, 5, 7, 6], "texture": "#1"},
				"west": {"uv": [6, 5, 7, 6], "texture": "#1"},
				"up": {"uv": [6, 5, 7, 6], "texture": "#1"},
				"down": {"uv": [6, 5, 7, 6], "texture": "#1"}
			}
		},
		{
			"from": [11, 5, 7],
			"to": [12, 6, 8],
			"rotation": {"angle": 0, "axis": "y", "origin": [19, 13, 15]},
			"faces": {
				"north": {"uv": [6, 5, 7, 6], "texture": "#1"},
				"east": {"uv": [6, 5, 7, 6], "texture": "#1"},
				"south": {"uv": [6, 5, 7, 6], "texture": "#1"},
				"west": {"uv": [6, 5, 7, 6], "texture": "#1"},
				"up": {"uv": [6, 5, 7, 6], "texture": "#1"},
				"down": {"uv": [6, 5, 7, 6], "texture": "#1"}
			}
		},
		{
			"from": [6, 10, 7],
			"to": [7, 11, 8],
			"rotation": {"angle": 0, "axis": "y", "origin": [14, 18, 15]},
			"faces": {
				"north": {"uv": [6, 5, 7, 6], "texture": "#1"},
				"east": {"uv": [6, 5, 7, 6], "texture": "#1"},
				"south": {"uv": [6, 5, 7, 6], "texture": "#1"},
				"west": {"uv": [6, 5, 7, 6], "texture": "#1"},
				"up": {"uv": [6, 5, 7, 6], "texture": "#1"},
				"down": {"uv": [6, 5, 7, 6], "texture": "#1"}
			}
		},
		{
			"from": [4, 9, 7],
			"to": [5, 10, 8],
			"rotation": {"angle": 0, "axis": "y", "origin": [12, 17, 15]},
			"faces": {
				"north": {"uv": [5, 7, 6, 8], "texture": "#1"},
				"east": {"uv": [5, 7, 6, 8], "texture": "#1"},
				"south": {"uv": [5, 7, 6, 8], "texture": "#1"},
				"west": {"uv": [5, 7, 6, 8], "texture": "#1"},
				"up": {"uv": [5, 7, 6, 8], "texture": "#1"},
				"down": {"uv": [5, 7, 6, 8], "texture": "#1"}
			}
		},
		{
			"from": [5, 10, 7],
			"to": [6, 11, 8],
			"rotation": {"angle": 0, "axis": "y", "origin": [13, 18, 15]},
			"faces": {
				"north": {"uv": [6, 6, 7, 7], "texture": "#1"},
				"east": {"uv": [6, 6, 7, 7], "texture": "#1"},
				"south": {"uv": [6, 6, 7, 7], "texture": "#1"},
				"west": {"uv": [6, 6, 7, 7], "texture": "#1"},
				"up": {"uv": [6, 6, 7, 7], "texture": "#1"},
				"down": {"uv": [6, 6, 7, 7], "texture": "#1"}
			}
		},
		{
			"from": [4, 11, 7],
			"to": [5, 12, 8],
			"rotation": {"angle": 0, "axis": "y", "origin": [12, 19, 15]},
			"faces": {
				"north": {"uv": [6, 6, 7, 7], "texture": "#1"},
				"east": {"uv": [6, 6, 7, 7], "texture": "#1"},
				"south": {"uv": [6, 6, 7, 7], "texture": "#1"},
				"west": {"uv": [6, 6, 7, 7], "texture": "#1"},
				"up": {"uv": [6, 6, 7, 7], "texture": "#1"},
				"down": {"uv": [6, 6, 7, 7], "texture": "#1"}
			}
		},
		{
			"from": [3, 12, 7],
			"to": [4, 13, 8],
			"rotation": {"angle": 0, "axis": "y", "origin": [11, 20, 15]},
			"faces": {
				"north": {"uv": [6, 6, 7, 7], "texture": "#1"},
				"east": {"uv": [6, 6, 7, 7], "texture": "#1"},
				"south": {"uv": [6, 6, 7, 7], "texture": "#1"},
				"west": {"uv": [6, 6, 7, 7], "texture": "#1"},
				"up": {"uv": [6, 6, 7, 7], "texture": "#1"},
				"down": {"uv": [6, 6, 7, 7], "texture": "#1"}
			}
		},
		{
			"from": [2, 13, 7],
			"to": [3, 14, 8],
			"rotation": {"angle": 0, "axis": "y", "origin": [10, 21, 15]},
			"faces": {
				"north": {"uv": [2, 2, 3, 3], "texture": "#1"},
				"east": {"uv": [2, 2, 3, 3], "texture": "#1"},
				"south": {"uv": [2, 2, 3, 3], "texture": "#1"},
				"west": {"uv": [2, 2, 3, 3], "texture": "#1"},
				"up": {"uv": [2, 2, 3, 3], "texture": "#1"},
				"down": {"uv": [2, 2, 3, 3], "texture": "#1"}
			}
		},
		{
			"from": [2, 14, 7],
			"to": [3, 15, 8],
			"rotation": {"angle": 0, "axis": "y", "origin": [10, 22, 15]},
			"faces": {
				"north": {"uv": [2, 1, 3, 2], "texture": "#1"},
				"east": {"uv": [2, 1, 3, 2], "texture": "#1"},
				"south": {"uv": [2, 1, 3, 2], "texture": "#1"},
				"west": {"uv": [2, 1, 3, 2], "texture": "#1"},
				"up": {"uv": [2, 1, 3, 2], "texture": "#1"},
				"down": {"uv": [2, 1, 3, 2], "texture": "#1"}
			}
		},
		{
			"from": [6, 11, 7],
			"to": [7, 12, 8],
			"rotation": {"angle": 0, "axis": "y", "origin": [14, 19, 15]},
			"faces": {
				"north": {"uv": [5, 7, 6, 8], "texture": "#1"},
				"east": {"uv": [5, 7, 6, 8], "texture": "#1"},
				"south": {"uv": [5, 7, 6, 8], "texture": "#1"},
				"west": {"uv": [5, 7, 6, 8], "texture": "#1"},
				"up": {"uv": [5, 7, 6, 8], "texture": "#1"},
				"down": {"uv": [5, 7, 6, 8], "texture": "#1"}
			}
		},
		{
			"from": [7, 8, 7],
			"to": [8, 9, 8],
			"rotation": {"angle": 0, "axis": "y", "origin": [15, 16, 15]},
			"faces": {
				"north": {"uv": [6, 6, 7, 7], "texture": "#1"},
				"east": {"uv": [6, 6, 7, 7], "texture": "#1"},
				"south": {"uv": [6, 6, 7, 7], "texture": "#1"},
				"west": {"uv": [6, 6, 7, 7], "texture": "#1"},
				"up": {"uv": [6, 6, 7, 7], "texture": "#1"},
				"down": {"uv": [6, 6, 7, 7], "texture": "#1"}
			}
		},
		{
			"from": [8, 7, 7],
			"to": [9, 8, 8],
			"rotation": {"angle": 0, "axis": "y", "origin": [16, 15, 15]},
			"faces": {
				"north": {"uv": [6, 6, 7, 7], "texture": "#1"},
				"east": {"uv": [6, 6, 7, 7], "texture": "#1"},
				"south": {"uv": [6, 6, 7, 7], "texture": "#1"},
				"west": {"uv": [6, 6, 7, 7], "texture": "#1"},
				"up": {"uv": [6, 6, 7, 7], "texture": "#1"},
				"down": {"uv": [6, 6, 7, 7], "texture": "#1"}
			}
		},
		{
			"from": [9, 6, 7],
			"to": [10, 7, 8],
			"rotation": {"angle": 0, "axis": "y", "origin": [17, 14, 15]},
			"faces": {
				"north": {"uv": [6, 6, 7, 7], "texture": "#1"},
				"east": {"uv": [6, 6, 7, 7], "texture": "#1"},
				"south": {"uv": [6, 6, 7, 7], "texture": "#1"},
				"west": {"uv": [6, 6, 7, 7], "texture": "#1"},
				"up": {"uv": [6, 6, 7, 7], "texture": "#1"},
				"down": {"uv": [6, 6, 7, 7], "texture": "#1"}
			}
		},
		{
			"from": [10, 5, 7],
			"to": [11, 6, 8],
			"rotation": {"angle": 0, "axis": "y", "origin": [18, 13, 15]},
			"faces": {
				"north": {"uv": [6, 6, 7, 7], "texture": "#1"},
				"east": {"uv": [6, 6, 7, 7], "texture": "#1"},
				"south": {"uv": [6, 6, 7, 7], "texture": "#1"},
				"west": {"uv": [6, 6, 7, 7], "texture": "#1"},
				"up": {"uv": [6, 6, 7, 7], "texture": "#1"},
				"down": {"uv": [6, 6, 7, 7], "texture": "#1"}
			}
		},
		{
			"from": [7, 10, 7],
			"to": [8, 11, 8],
			"rotation": {"angle": 0, "axis": "y", "origin": [15, 18, 15]},
			"faces": {
				"north": {"uv": [5, 7, 6, 8], "texture": "#1"},
				"east": {"uv": [5, 7, 6, 8], "texture": "#1"},
				"south": {"uv": [5, 7, 6, 8], "texture": "#1"},
				"west": {"uv": [5, 7, 6, 8], "texture": "#1"},
				"up": {"uv": [5, 7, 6, 8], "texture": "#1"},
				"down": {"uv": [5, 7, 6, 8], "texture": "#1"}
			}
		},
		{
			"from": [4, 7, 7],
			"to": [5, 8, 8],
			"rotation": {"angle": 0, "axis": "y", "origin": [12, 15, 15]},
			"faces": {
				"north": {"uv": [2, 15, 3, 16], "texture": "#1"},
				"east": {"uv": [2, 15, 3, 16], "texture": "#1"},
				"south": {"uv": [2, 15, 3, 16], "texture": "#1"},
				"west": {"uv": [2, 15, 3, 16], "texture": "#1"},
				"up": {"uv": [2, 15, 3, 16], "texture": "#1"},
				"down": {"uv": [2, 15, 3, 16], "texture": "#1"}
			}
		},
		{
			"from": [8, 11, 7],
			"to": [9, 12, 8],
			"rotation": {"angle": 0, "axis": "y", "origin": [16, 19, 15]},
			"faces": {
				"north": {"uv": [2, 15, 3, 16], "texture": "#1"},
				"east": {"uv": [2, 15, 3, 16], "texture": "#1"},
				"south": {"uv": [2, 15, 3, 16], "texture": "#1"},
				"west": {"uv": [2, 15, 3, 16], "texture": "#1"},
				"up": {"uv": [2, 15, 3, 16], "texture": "#1"},
				"down": {"uv": [2, 15, 3, 16], "texture": "#1"}
			}
		},
		{
			"from": [9, 11, 7],
			"to": [10, 12, 8],
			"rotation": {"angle": 0, "axis": "y", "origin": [17, 19, 15]},
			"faces": {
				"north": {"uv": [2, 15, 3, 16], "texture": "#1"},
				"east": {"uv": [2, 15, 3, 16], "texture": "#1"},
				"south": {"uv": [2, 15, 3, 16], "texture": "#1"},
				"west": {"uv": [2, 15, 3, 16], "texture": "#1"},
				"up": {"uv": [2, 15, 3, 16], "texture": "#1"},
				"down": {"uv": [2, 15, 3, 16], "texture": "#1"}
			}
		},
		{
			"from": [10, 11, 7],
			"to": [11, 12, 8],
			"rotation": {"angle": 0, "axis": "y", "origin": [18, 19, 15]},
			"faces": {
				"north": {"uv": [2, 15, 3, 16], "texture": "#1"},
				"east": {"uv": [2, 15, 3, 16], "texture": "#1"},
				"south": {"uv": [2, 15, 3, 16], "texture": "#1"},
				"west": {"uv": [2, 15, 3, 16], "texture": "#1"},
				"up": {"uv": [2, 15, 3, 16], "texture": "#1"},
				"down": {"uv": [2, 15, 3, 16], "texture": "#1"}
			}
		},
		{
			"from": [11, 12, 7],
			"to": [12, 13, 8],
			"rotation": {"angle": 0, "axis": "y", "origin": [19, 20, 15]},
			"faces": {
				"north": {"uv": [2, 15, 3, 16], "texture": "#1"},
				"east": {"uv": [2, 15, 3, 16], "texture": "#1"},
				"south": {"uv": [2, 15, 3, 16], "texture": "#1"},
				"west": {"uv": [2, 15, 3, 16], "texture": "#1"},
				"up": {"uv": [2, 15, 3, 16], "texture": "#1"},
				"down": {"uv": [2, 15, 3, 16], "texture": "#1"}
			}
		},
		{
			"from": [12, 12, 7],
			"to": [13, 13, 8],
			"rotation": {"angle": 0, "axis": "y", "origin": [20, 20, 15]},
			"faces": {
				"north": {"uv": [2, 15, 3, 16], "texture": "#1"},
				"east": {"uv": [2, 15, 3, 16], "texture": "#1"},
				"south": {"uv": [2, 15, 3, 16], "texture": "#1"},
				"west": {"uv": [2, 15, 3, 16], "texture": "#1"},
				"up": {"uv": [2, 15, 3, 16], "texture": "#1"},
				"down": {"uv": [2, 15, 3, 16], "texture": "#1"}
			}
		},
		{
			"from": [13, 12, 7],
			"to": [14, 13, 8],
			"rotation": {"angle": 0, "axis": "y", "origin": [21, 20, 15]},
			"faces": {
				"north": {"uv": [2, 15, 3, 16], "texture": "#1"},
				"east": {"uv": [2, 15, 3, 16], "texture": "#1"},
				"south": {"uv": [2, 15, 3, 16], "texture": "#1"},
				"west": {"uv": [2, 15, 3, 16], "texture": "#1"},
				"up": {"uv": [2, 15, 3, 16], "texture": "#1"},
				"down": {"uv": [2, 15, 3, 16], "texture": "#1"}
			}
		},
		{
			"from": [14, 12, 7],
			"to": [15, 13, 8],
			"rotation": {"angle": 0, "axis": "y", "origin": [22, 20, 15]},
			"faces": {
				"north": {"uv": [2, 15, 3, 16], "texture": "#1"},
				"east": {"uv": [2, 15, 3, 16], "texture": "#1"},
				"south": {"uv": [2, 15, 3, 16], "texture": "#1"},
				"west": {"uv": [2, 15, 3, 16], "texture": "#1"},
				"up": {"uv": [2, 15, 3, 16], "texture": "#1"},
				"down": {"uv": [2, 15, 3, 16], "texture": "#1"}
			}
		},
		{
			"from": [15, 13, 7],
			"to": [16, 14, 8],
			"rotation": {"angle": 0, "axis": "y", "origin": [23, 21, 15]},
			"faces": {
				"north": {"uv": [2, 15, 3, 16], "texture": "#1"},
				"east": {"uv": [2, 15, 3, 16], "texture": "#1"},
				"south": {"uv": [2, 15, 3, 16], "texture": "#1"},
				"west": {"uv": [2, 15, 3, 16], "texture": "#1"},
				"up": {"uv": [2, 15, 3, 16], "texture": "#1"},
				"down": {"uv": [2, 15, 3, 16], "texture": "#1"}
			}
		},
		{
			"from": [14, 14, 7],
			"to": [15, 15, 8],
			"rotation": {"angle": 0, "axis": "y", "origin": [22, 22, 15]},
			"faces": {
				"north": {"uv": [14, 1, 15, 2], "texture": "#1"},
				"east": {"uv": [14, 1, 15, 2], "texture": "#1"},
				"south": {"uv": [14, 1, 15, 2], "texture": "#1"},
				"west": {"uv": [14, 1, 15, 2], "texture": "#1"},
				"up": {"uv": [14, 1, 15, 2], "texture": "#1"},
				"down": {"uv": [14, 1, 15, 2], "texture": "#1"}
			}
		},
		{
			"from": [13, 14, 7],
			"to": [14, 15, 8],
			"rotation": {"angle": 0, "axis": "y", "origin": [21, 22, 15]},
			"faces": {
				"north": {"uv": [14, 1, 15, 2], "texture": "#1"},
				"east": {"uv": [14, 1, 15, 2], "texture": "#1"},
				"south": {"uv": [14, 1, 15, 2], "texture": "#1"},
				"west": {"uv": [14, 1, 15, 2], "texture": "#1"},
				"up": {"uv": [14, 1, 15, 2], "texture": "#1"},
				"down": {"uv": [14, 1, 15, 2], "texture": "#1"}
			}
		},
		{
			"from": [12, 14, 7],
			"to": [13, 15, 8],
			"rotation": {"angle": 0, "axis": "y", "origin": [20, 22, 15]},
			"faces": {
				"north": {"uv": [14, 1, 15, 2], "texture": "#1"},
				"east": {"uv": [14, 1, 15, 2], "texture": "#1"},
				"south": {"uv": [14, 1, 15, 2], "texture": "#1"},
				"west": {"uv": [14, 1, 15, 2], "texture": "#1"},
				"up": {"uv": [14, 1, 15, 2], "texture": "#1"},
				"down": {"uv": [14, 1, 15, 2], "texture": "#1"}
			}
		},
		{
			"from": [11, 14, 7],
			"to": [12, 15, 8],
			"rotation": {"angle": 0, "axis": "y", "origin": [19, 22, 15]},
			"faces": {
				"north": {"uv": [14, 1, 15, 2], "texture": "#1"},
				"east": {"uv": [14, 1, 15, 2], "texture": "#1"},
				"south": {"uv": [14, 1, 15, 2], "texture": "#1"},
				"west": {"uv": [14, 1, 15, 2], "texture": "#1"},
				"up": {"uv": [14, 1, 15, 2], "texture": "#1"},
				"down": {"uv": [14, 1, 15, 2], "texture": "#1"}
			}
		},
		{
			"from": [10, 13, 7],
			"to": [11, 14, 8],
			"rotation": {"angle": 0, "axis": "y", "origin": [18, 21, 15]},
			"faces": {
				"north": {"uv": [14, 1, 15, 2], "texture": "#1"},
				"east": {"uv": [14, 1, 15, 2], "texture": "#1"},
				"south": {"uv": [14, 1, 15, 2], "texture": "#1"},
				"west": {"uv": [14, 1, 15, 2], "texture": "#1"},
				"up": {"uv": [14, 1, 15, 2], "texture": "#1"},
				"down": {"uv": [14, 1, 15, 2], "texture": "#1"}
			}
		},
		{
			"from": [9, 13, 7],
			"to": [10, 14, 8],
			"rotation": {"angle": 0, "axis": "y", "origin": [17, 21, 15]},
			"faces": {
				"north": {"uv": [14, 1, 15, 2], "texture": "#1"},
				"east": {"uv": [14, 1, 15, 2], "texture": "#1"},
				"south": {"uv": [14, 1, 15, 2], "texture": "#1"},
				"west": {"uv": [14, 1, 15, 2], "texture": "#1"},
				"up": {"uv": [14, 1, 15, 2], "texture": "#1"},
				"down": {"uv": [14, 1, 15, 2], "texture": "#1"}
			}
		},
		{
			"from": [8, 13, 7],
			"to": [9, 14, 8],
			"rotation": {"angle": 0, "axis": "y", "origin": [16, 21, 15]},
			"faces": {
				"north": {"uv": [14, 1, 15, 2], "texture": "#1"},
				"east": {"uv": [14, 1, 15, 2], "texture": "#1"},
				"south": {"uv": [14, 1, 15, 2], "texture": "#1"},
				"west": {"uv": [14, 1, 15, 2], "texture": "#1"},
				"up": {"uv": [14, 1, 15, 2], "texture": "#1"},
				"down": {"uv": [14, 1, 15, 2], "texture": "#1"}
			}
		},
		{
			"from": [7, 12, 7],
			"to": [8, 13, 8],
			"rotation": {"angle": 0, "axis": "y", "origin": [15, 20, 15]},
			"faces": {
				"north": {"uv": [14, 1, 15, 2], "texture": "#1"},
				"east": {"uv": [14, 1, 15, 2], "texture": "#1"},
				"south": {"uv": [14, 1, 15, 2], "texture": "#1"},
				"west": {"uv": [14, 1, 15, 2], "texture": "#1"},
				"up": {"uv": [14, 1, 15, 2], "texture": "#1"},
				"down": {"uv": [14, 1, 15, 2], "texture": "#1"}
			}
		},
		{
			"from": [6, 12, 7],
			"to": [7, 13, 8],
			"rotation": {"angle": 0, "axis": "y", "origin": [14, 20, 15]},
			"faces": {
				"north": {"uv": [14, 1, 15, 2], "texture": "#1"},
				"east": {"uv": [14, 1, 15, 2], "texture": "#1"},
				"south": {"uv": [14, 1, 15, 2], "texture": "#1"},
				"west": {"uv": [14, 1, 15, 2], "texture": "#1"},
				"up": {"uv": [14, 1, 15, 2], "texture": "#1"},
				"down": {"uv": [14, 1, 15, 2], "texture": "#1"}
			}
		},
		{
			"from": [5, 11, 7],
			"to": [6, 12, 8],
			"rotation": {"angle": 0, "axis": "y", "origin": [13, 19, 15]},
			"faces": {
				"north": {"uv": [6, 5, 7, 6], "texture": "#1"},
				"east": {"uv": [6, 5, 7, 6], "texture": "#1"},
				"south": {"uv": [6, 5, 7, 6], "texture": "#1"},
				"west": {"uv": [6, 5, 7, 6], "texture": "#1"},
				"up": {"uv": [6, 5, 7, 6], "texture": "#1"},
				"down": {"uv": [6, 5, 7, 6], "texture": "#1"}
			}
		},
		{
			"from": [3, 13, 7],
			"to": [4, 14, 8],
			"rotation": {"angle": 0, "axis": "y", "origin": [11, 21, 15]},
			"faces": {
				"north": {"uv": [3, 2, 4, 3], "texture": "#1"},
				"east": {"uv": [3, 2, 4, 3], "texture": "#1"},
				"south": {"uv": [3, 2, 4, 3], "texture": "#1"},
				"west": {"uv": [3, 2, 4, 3], "texture": "#1"},
				"up": {"uv": [3, 2, 4, 3], "texture": "#1"},
				"down": {"uv": [3, 2, 4, 3], "texture": "#1"}
			}
		},
		{
			"from": [4, 12, 7],
			"to": [5, 13, 8],
			"rotation": {"angle": 0, "axis": "y", "origin": [12, 20, 15]},
			"faces": {
				"north": {"uv": [6, 5, 7, 6], "texture": "#1"},
				"east": {"uv": [6, 5, 7, 6], "texture": "#1"},
				"south": {"uv": [6, 5, 7, 6], "texture": "#1"},
				"west": {"uv": [6, 5, 7, 6], "texture": "#1"},
				"up": {"uv": [6, 5, 7, 6], "texture": "#1"},
				"down": {"uv": [6, 5, 7, 6], "texture": "#1"}
			}
		},
		{
			"from": [4, 10, 7],
			"to": [5, 11, 8],
			"rotation": {"angle": 0, "axis": "y", "origin": [12, 18, 15]},
			"faces": {
				"north": {"uv": [14, 1, 15, 2], "texture": "#1"},
				"east": {"uv": [14, 1, 15, 2], "texture": "#1"},
				"south": {"uv": [14, 1, 15, 2], "texture": "#1"},
				"west": {"uv": [14, 1, 15, 2], "texture": "#1"},
				"up": {"uv": [14, 1, 15, 2], "texture": "#1"},
				"down": {"uv": [14, 1, 15, 2], "texture": "#1"}
			}
		},
		{
			"from": [3, 9, 7],
			"to": [4, 10, 8],
			"rotation": {"angle": 0, "axis": "y", "origin": [11, 17, 15]},
			"faces": {
				"north": {"uv": [14, 1, 15, 2], "texture": "#1"},
				"east": {"uv": [14, 1, 15, 2], "texture": "#1"},
				"south": {"uv": [14, 1, 15, 2], "texture": "#1"},
				"west": {"uv": [14, 1, 15, 2], "texture": "#1"},
				"up": {"uv": [14, 1, 15, 2], "texture": "#1"},
				"down": {"uv": [14, 1, 15, 2], "texture": "#1"}
			}
		},
		{
			"from": [3, 8, 7],
			"to": [4, 9, 8],
			"rotation": {"angle": 0, "axis": "y", "origin": [11, 16, 15]},
			"faces": {
				"north": {"uv": [14, 1, 15, 2], "texture": "#1"},
				"east": {"uv": [14, 1, 15, 2], "texture": "#1"},
				"south": {"uv": [14, 1, 15, 2], "texture": "#1"},
				"west": {"uv": [14, 1, 15, 2], "texture": "#1"},
				"up": {"uv": [14, 1, 15, 2], "texture": "#1"},
				"down": {"uv": [14, 1, 15, 2], "texture": "#1"}
			}
		},
		{
			"from": [2, 7, 7],
			"to": [3, 8, 8],
			"rotation": {"angle": 0, "axis": "y", "origin": [10, 15, 15]},
			"faces": {
				"north": {"uv": [14, 1, 15, 2], "texture": "#1"},
				"east": {"uv": [14, 1, 15, 2], "texture": "#1"},
				"south": {"uv": [14, 1, 15, 2], "texture": "#1"},
				"west": {"uv": [14, 1, 15, 2], "texture": "#1"},
				"up": {"uv": [14, 1, 15, 2], "texture": "#1"},
				"down": {"uv": [14, 1, 15, 2], "texture": "#1"}
			}
		},
		{
			"from": [2, 6, 7],
			"to": [3, 7, 8],
			"rotation": {"angle": 0, "axis": "y", "origin": [10, 14, 15]},
			"faces": {
				"north": {"uv": [14, 1, 15, 2], "texture": "#1"},
				"east": {"uv": [14, 1, 15, 2], "texture": "#1"},
				"south": {"uv": [14, 1, 15, 2], "texture": "#1"},
				"west": {"uv": [14, 1, 15, 2], "texture": "#1"},
				"up": {"uv": [14, 1, 15, 2], "texture": "#1"},
				"down": {"uv": [14, 1, 15, 2], "texture": "#1"}
			}
		},
		{
			"from": [2, 5, 7],
			"to": [3, 6, 8],
			"rotation": {"angle": 0, "axis": "y", "origin": [10, 13, 15]},
			"faces": {
				"north": {"uv": [14, 1, 15, 2], "texture": "#1"},
				"east": {"uv": [14, 1, 15, 2], "texture": "#1"},
				"south": {"uv": [14, 1, 15, 2], "texture": "#1"},
				"west": {"uv": [14, 1, 15, 2], "texture": "#1"},
				"up": {"uv": [14, 1, 15, 2], "texture": "#1"},
				"down": {"uv": [14, 1, 15, 2], "texture": "#1"}
			}
		},
		{
			"from": [1, 4, 7],
			"to": [2, 5, 8],
			"rotation": {"angle": 0, "axis": "y", "origin": [9, 12, 15]},
			"faces": {
				"north": {"uv": [14, 1, 15, 2], "texture": "#1"},
				"east": {"uv": [14, 1, 15, 2], "texture": "#1"},
				"south": {"uv": [14, 1, 15, 2], "texture": "#1"},
				"west": {"uv": [14, 1, 15, 2], "texture": "#1"},
				"up": {"uv": [14, 1, 15, 2], "texture": "#1"},
				"down": {"uv": [14, 1, 15, 2], "texture": "#1"}
			}
		},
		{
			"from": [1, 3, 7],
			"to": [2, 4, 8],
			"rotation": {"angle": 0, "axis": "y", "origin": [9, 11, 15]},
			"faces": {
				"north": {"uv": [14, 1, 15, 2], "texture": "#1"},
				"east": {"uv": [14, 1, 15, 2], "texture": "#1"},
				"south": {"uv": [14, 1, 15, 2], "texture": "#1"},
				"west": {"uv": [14, 1, 15, 2], "texture": "#1"},
				"up": {"uv": [14, 1, 15, 2], "texture": "#1"},
				"down": {"uv": [14, 1, 15, 2], "texture": "#1"}
			}
		},
		{
			"from": [1, 2, 7],
			"to": [2, 3, 8],
			"rotation": {"angle": 0, "axis": "y", "origin": [9, 10, 15]},
			"faces": {
				"north": {"uv": [14, 1, 15, 2], "texture": "#1"},
				"east": {"uv": [14, 1, 15, 2], "texture": "#1"},
				"south": {"uv": [14, 1, 15, 2], "texture": "#1"},
				"west": {"uv": [14, 1, 15, 2], "texture": "#1"},
				"up": {"uv": [14, 1, 15, 2], "texture": "#1"},
				"down": {"uv": [14, 1, 15, 2], "texture": "#1"}
			}
		},
		{
			"from": [1, 1, 7],
			"to": [2, 2, 8],
			"rotation": {"angle": 0, "axis": "y", "origin": [9, 9, 15]},
			"faces": {
				"north": {"uv": [14, 1, 15, 2], "texture": "#1"},
				"east": {"uv": [14, 1, 15, 2], "texture": "#1"},
				"south": {"uv": [14, 1, 15, 2], "texture": "#1"},
				"west": {"uv": [14, 1, 15, 2], "texture": "#1"},
				"up": {"uv": [14, 1, 15, 2], "texture": "#1"},
				"down": {"uv": [14, 1, 15, 2], "texture": "#1"}
			}
		},
		{
			"from": [2, 1, 7],
			"to": [3, 2, 8],
			"rotation": {"angle": 0, "axis": "y", "origin": [10, 9, 15]},
			"faces": {
				"north": {"uv": [2, 14, 3, 15], "texture": "#1"},
				"east": {"uv": [2, 14, 3, 15], "texture": "#1"},
				"south": {"uv": [2, 14, 3, 15], "texture": "#1"},
				"west": {"uv": [2, 14, 3, 15], "texture": "#1"},
				"up": {"uv": [2, 14, 3, 15], "texture": "#1"},
				"down": {"uv": [2, 14, 3, 15], "texture": "#1"}
			}
		},
		{
			"from": [2, 2, 7],
			"to": [3, 3, 8],
			"rotation": {"angle": 0, "axis": "y", "origin": [10, 10, 15]},
			"faces": {
				"north": {"uv": [2, 13, 3, 14], "texture": "#1"},
				"east": {"uv": [2, 13, 3, 14], "texture": "#1"},
				"south": {"uv": [2, 13, 3, 14], "texture": "#1"},
				"west": {"uv": [2, 13, 3, 14], "texture": "#1"},
				"up": {"uv": [2, 13, 3, 14], "texture": "#1"},
				"down": {"uv": [2, 13, 3, 14], "texture": "#1"}
			}
		},
		{
			"from": [2, 3, 7],
			"to": [3, 4, 8],
			"rotation": {"angle": 0, "axis": "y", "origin": [10, 11, 15]},
			"faces": {
				"north": {"uv": [2, 13, 3, 14], "texture": "#1"},
				"east": {"uv": [2, 13, 3, 14], "texture": "#1"},
				"south": {"uv": [2, 13, 3, 14], "texture": "#1"},
				"west": {"uv": [2, 13, 3, 14], "texture": "#1"},
				"up": {"uv": [2, 13, 3, 14], "texture": "#1"},
				"down": {"uv": [2, 13, 3, 14], "texture": "#1"}
			}
		},
		{
			"from": [3, 6, 7],
			"to": [4, 7, 8],
			"rotation": {"angle": 0, "axis": "y", "origin": [11, 14, 15]},
			"faces": {
				"north": {"uv": [2, 13, 3, 14], "texture": "#1"},
				"east": {"uv": [2, 13, 3, 14], "texture": "#1"},
				"south": {"uv": [2, 13, 3, 14], "texture": "#1"},
				"west": {"uv": [2, 13, 3, 14], "texture": "#1"},
				"up": {"uv": [2, 13, 3, 14], "texture": "#1"},
				"down": {"uv": [2, 13, 3, 14], "texture": "#1"}
			}
		},
		{
			"from": [4, 8, 7],
			"to": [5, 9, 8],
			"rotation": {"angle": 0, "axis": "y", "origin": [12, 16, 15]},
			"faces": {
				"north": {"uv": [2, 13, 3, 14], "texture": "#1"},
				"east": {"uv": [2, 13, 3, 14], "texture": "#1"},
				"south": {"uv": [2, 13, 3, 14], "texture": "#1"},
				"west": {"uv": [2, 13, 3, 14], "texture": "#1"},
				"up": {"uv": [2, 13, 3, 14], "texture": "#1"},
				"down": {"uv": [2, 13, 3, 14], "texture": "#1"}
			}
		},
		{
			"from": [7, 11, 7],
			"to": [8, 12, 8],
			"rotation": {"angle": 0, "axis": "y", "origin": [15, 19, 15]},
			"faces": {
				"north": {"uv": [2, 13, 3, 14], "texture": "#1"},
				"east": {"uv": [2, 13, 3, 14], "texture": "#1"},
				"south": {"uv": [2, 13, 3, 14], "texture": "#1"},
				"west": {"uv": [2, 13, 3, 14], "texture": "#1"},
				"up": {"uv": [2, 13, 3, 14], "texture": "#1"},
				"down": {"uv": [2, 13, 3, 14], "texture": "#1"}
			}
		},
		{
			"from": [9, 12, 7],
			"to": [10, 13, 8],
			"rotation": {"angle": 0, "axis": "y", "origin": [17, 20, 15]},
			"faces": {
				"north": {"uv": [2, 13, 3, 14], "texture": "#1"},
				"east": {"uv": [2, 13, 3, 14], "texture": "#1"},
				"south": {"uv": [2, 13, 3, 14], "texture": "#1"},
				"west": {"uv": [2, 13, 3, 14], "texture": "#1"},
				"up": {"uv": [2, 13, 3, 14], "texture": "#1"},
				"down": {"uv": [2, 13, 3, 14], "texture": "#1"}
			}
		},
		{
			"from": [12, 13, 7],
			"to": [13, 14, 8],
			"rotation": {"angle": 0, "axis": "y", "origin": [20, 21, 15]},
			"faces": {
				"north": {"uv": [2, 13, 3, 14], "texture": "#1"},
				"east": {"uv": [2, 13, 3, 14], "texture": "#1"},
				"south": {"uv": [2, 13, 3, 14], "texture": "#1"},
				"west": {"uv": [2, 13, 3, 14], "texture": "#1"},
				"up": {"uv": [2, 13, 3, 14], "texture": "#1"},
				"down": {"uv": [2, 13, 3, 14], "texture": "#1"}
			}
		},
		{
			"from": [13, 13, 7],
			"to": [14, 14, 8],
			"rotation": {"angle": 0, "axis": "y", "origin": [21, 21, 15]},
			"faces": {
				"north": {"uv": [2, 13, 3, 14], "texture": "#1"},
				"east": {"uv": [2, 13, 3, 14], "texture": "#1"},
				"south": {"uv": [2, 13, 3, 14], "texture": "#1"},
				"west": {"uv": [2, 13, 3, 14], "texture": "#1"},
				"up": {"uv": [2, 13, 3, 14], "texture": "#1"},
				"down": {"uv": [2, 13, 3, 14], "texture": "#1"}
			}
		},
		{
			"from": [2, 4, 7],
			"to": [3, 5, 8],
			"rotation": {"angle": 0, "axis": "y", "origin": [10, 12, 15]},
			"faces": {
				"north": {"uv": [2, 14, 3, 15], "texture": "#1"},
				"east": {"uv": [2, 14, 3, 15], "texture": "#1"},
				"south": {"uv": [2, 14, 3, 15], "texture": "#1"},
				"west": {"uv": [2, 14, 3, 15], "texture": "#1"},
				"up": {"uv": [2, 14, 3, 15], "texture": "#1"},
				"down": {"uv": [2, 14, 3, 15], "texture": "#1"}
			}
		},
		{
			"from": [3, 7, 7],
			"to": [4, 8, 8],
			"rotation": {"angle": 0, "axis": "y", "origin": [11, 15, 15]},
			"faces": {
				"north": {"uv": [2, 14, 3, 15], "texture": "#1"},
				"east": {"uv": [2, 14, 3, 15], "texture": "#1"},
				"south": {"uv": [2, 14, 3, 15], "texture": "#1"},
				"west": {"uv": [2, 14, 3, 15], "texture": "#1"},
				"up": {"uv": [2, 14, 3, 15], "texture": "#1"},
				"down": {"uv": [2, 14, 3, 15], "texture": "#1"}
			}
		},
		{
			"from": [8, 12, 7],
			"to": [9, 13, 8],
			"rotation": {"angle": 0, "axis": "y", "origin": [16, 20, 15]},
			"faces": {
				"north": {"uv": [2, 14, 3, 15], "texture": "#1"},
				"east": {"uv": [2, 14, 3, 15], "texture": "#1"},
				"south": {"uv": [2, 14, 3, 15], "texture": "#1"},
				"west": {"uv": [2, 14, 3, 15], "texture": "#1"},
				"up": {"uv": [2, 14, 3, 15], "texture": "#1"},
				"down": {"uv": [2, 14, 3, 15], "texture": "#1"}
			}
		},
		{
			"from": [10, 12, 7],
			"to": [11, 13, 8],
			"rotation": {"angle": 0, "axis": "y", "origin": [18, 20, 15]},
			"faces": {
				"north": {"uv": [2, 14, 3, 15], "texture": "#1"},
				"east": {"uv": [2, 14, 3, 15], "texture": "#1"},
				"south": {"uv": [2, 14, 3, 15], "texture": "#1"},
				"west": {"uv": [2, 14, 3, 15], "texture": "#1"},
				"up": {"uv": [2, 14, 3, 15], "texture": "#1"},
				"down": {"uv": [2, 14, 3, 15], "texture": "#1"}
			}
		},
		{
			"from": [11, 13, 7],
			"to": [12, 14, 8],
			"rotation": {"angle": 0, "axis": "y", "origin": [19, 21, 15]},
			"faces": {
				"north": {"uv": [2, 14, 3, 15], "texture": "#1"},
				"east": {"uv": [2, 14, 3, 15], "texture": "#1"},
				"south": {"uv": [2, 14, 3, 15], "texture": "#1"},
				"west": {"uv": [2, 14, 3, 15], "texture": "#1"},
				"up": {"uv": [2, 14, 3, 15], "texture": "#1"},
				"down": {"uv": [2, 14, 3, 15], "texture": "#1"}
			}
		},
		{
			"from": [14, 13, 7],
			"to": [15, 14, 8],
			"rotation": {"angle": 0, "axis": "y", "origin": [22, 21, 15]},
			"faces": {
				"north": {"uv": [2, 14, 3, 15], "texture": "#1"},
				"east": {"uv": [2, 14, 3, 15], "texture": "#1"},
				"south": {"uv": [2, 14, 3, 15], "texture": "#1"},
				"west": {"uv": [2, 14, 3, 15], "texture": "#1"},
				"up": {"uv": [2, 14, 3, 15], "texture": "#1"},
				"down": {"uv": [2, 14, 3, 15], "texture": "#1"}
			}
		},
		{
			"from": [3, 5, 7],
			"to": [4, 6, 8],
			"rotation": {"angle": 0, "axis": "y", "origin": [11, 13, 15]},
			"faces": {
				"north": {"uv": [2, 14, 3, 15], "texture": "#1"},
				"east": {"uv": [2, 14, 3, 15], "texture": "#1"},
				"south": {"uv": [2, 14, 3, 15], "texture": "#1"},
				"west": {"uv": [2, 14, 3, 15], "texture": "#1"},
				"up": {"uv": [2, 14, 3, 15], "texture": "#1"},
				"down": {"uv": [2, 14, 3, 15], "texture": "#1"}
			}
		}
	],
	"overrides": [
		{
			"predicate": {
				"pulling": 1
			},
			"model": "./ibow_pulling_0"
		},
		{
			"predicate": {
				"pulling": 1,
				"pull": 0.65
			},
			"model": "./ibow_pulling_1"
		},
		{
			"predicate": {
				"pulling": 1,
				"pull": 0.9
			},
			"model": "./ibow_pulling_2"
		}
	],
	"display": {
		"thirdperson_righthand": {
			"rotation": [-80, 260, -40],
			"translation": [-1, -2, 2.5],
			"scale": [0.9, 0.9, 0.9]
		},
		"thirdperson_lefthand": {
			"rotation": [-80, -280, 40],
			"translation": [-1, -2, 2.5],
			"scale": [0.9, 0.9, 0.9]
		},
		"firstperson_righthand": {
			"rotation": [0, -90, 25],
			"translation": [1.13, 3.2, 1.13],
			"scale": [0.68, 0.68, 0.68]
		},
		"firstperson_lefthand": {
			"rotation": [0, 90, -25],
			"translation": [1.13, 3.2, 1.13],
			"scale": [0.68, 0.68, 0.68]
		}
	},
	"groups": [
		{
			"name": "group",
			"origin": [8, 8, 8],
			"children": [0, 1, 2, 3, 4, 5, 6, 7, 8, 9, 10, 11, 12, 13, 14, 15, 16, 17, 18, 19, 20, 21, 22, 23, 24, 25, 26, 27, 28, 29, 30, 31, 32, 33, 34, 35, 36, 37, 38, 39, 40, 41, 42, 43, 44, 45, 46, 47, 48, 49, 50, 51, 52, 53, 54, 55, 56, 57, 58, 59, 60, 61, 62, 63, 64, 65, 66, 67, 68, 69, 70, 71, 72, 73, 74, 75, 76, 77, 78, 79, 80, 81, 82, 83, 84, 85, 86, 87]
		}
	]
}