{
	"credit": "Made with Blockbench",
	"parent": "item/crossbow",
	"textures": {
		"0": "modeltextures/rifl",
		"particle": "modeltextures/rifl"
	},
	"elements": [
		{
			"from": [7.5, -0.45, 7.5],
			"to": [8.5, 2.3, 10.5],
			"rotation": {"angle": 0, "axis": "y", "origin": [8, 7, 13]},
			"faces": {
				"north": {"uv": [14, 11, 15, 12], "texture": "#0"},
				"east": {"uv": [14, 11, 15, 12], "texture": "#0"},
				"south": {"uv": [14, 11, 15, 12], "texture": "#0"},
				"west": {"uv": [14, 11, 15, 12], "texture": "#0"},
				"up": {"uv": [14, 11, 15, 12], "texture": "#0"},
				"down": {"uv": [14, 11, 15, 12], "texture": "#0"}
			}
		},
		{
			"from": [7.5, -2.23582, 7.42326],
			"to": [8.5, -0.23582, 10.42326],
			"rotation": {"angle": 22.5, "axis": "x", "origin": [8, -0.53582, 9.92326]},
			"faces": {
				"north": {"uv": [14, 11, 15, 12], "texture": "#0"},
				"east": {"uv": [14, 11, 15, 12], "texture": "#0"},
				"south": {"uv": [14, 11, 15, 12], "texture": "#0"},
				"west": {"uv": [14, 11, 15, 12], "texture": "#0"},
				"up": {"uv": [14, 11, 15, 12], "texture": "#0"},
				"down": {"uv": [14, 11, 15, 12], "texture": "#0"}
			}
		},
		{
			"from": [7.4, -0.45, 9.8],
			"to": [8.6, 2.3, 10],
			"rotation": {"angle": 0, "axis": "y", "origin": [8, 7, 13]},
			"faces": {
				"north": {"uv": [14, 11, 15, 12], "texture": "#0"},
				"east": {"uv": [14, 11, 15, 12], "texture": "#0"},
				"south": {"uv": [14, 11, 15, 12], "texture": "#0"},
				"west": {"uv": [14, 11, 15, 12], "texture": "#0"},
				"up": {"uv": [14, 11, 15, 12], "texture": "#0"},
				"down": {"uv": [14, 11, 15, 12], "texture": "#0"}
			}
		},
		{
			"from": [7.4, -2.19619, 9.78087],
			"to": [8.6, -0.44619, 9.98087],
			"rotation": {"angle": 22.5, "axis": "x", "origin": [8, -0.49619, 9.98087]},
			"faces": {
				"north": {"uv": [14, 11, 15, 12], "texture": "#0"},
				"east": {"uv": [14, 11, 15, 12], "texture": "#0"},
				"south": {"uv": [14, 11, 15, 12], "texture": "#0"},
				"west": {"uv": [14, 11, 15, 12], "texture": "#0"},
				"up": {"uv": [14, 11, 15, 12], "texture": "#0"},
				"down": {"uv": [14, 11, 15, 12], "texture": "#0"}
			}
		},
		{
			"from": [7.4, -0.14521, 8.9109],
			"to": [8.6, 2.35479, 9.1109],
			"rotation": {"angle": 0, "axis": "y", "origin": [8, 7.05479, 13.0109]},
			"faces": {
				"north": {"uv": [14, 11, 15, 12], "texture": "#0"},
				"east": {"uv": [14, 11, 15, 12], "texture": "#0"},
				"south": {"uv": [14, 11, 15, 12], "texture": "#0"},
				"west": {"uv": [14, 11, 15, 12], "texture": "#0"},
				"up": {"uv": [14, 11, 15, 12], "texture": "#0"},
				"down": {"uv": [14, 11, 15, 12], "texture": "#0"}
			}
		},
		{
			"from": [7.4, -2.23582, 8.82326],
			"to": [8.6, -0.48582, 9.02326],
			"rotation": {"angle": 22.5, "axis": "x", "origin": [8, -0.53582, 9.92326]},
			"faces": {
				"north": {"uv": [14, 11, 15, 12], "texture": "#0"},
				"east": {"uv": [14, 11, 15, 12], "texture": "#0"},
				"south": {"uv": [14, 11, 15, 12], "texture": "#0"},
				"west": {"uv": [14, 11, 15, 12], "texture": "#0"},
				"up": {"uv": [14, 11, 15, 12], "texture": "#0"},
				"down": {"uv": [14, 11, 15, 12], "texture": "#0"}
			}
		},
		{
			"from": [7.4, -0.03177, 7.98374],
			"to": [8.6, 2.21823, 8.18374],
			"rotation": {"angle": 0, "axis": "y", "origin": [8, 6.91823, 12.98374]},
			"faces": {
				"north": {"uv": [14, 11, 15, 12], "texture": "#0"},
				"east": {"uv": [14, 11, 15, 12], "texture": "#0"},
				"south": {"uv": [14, 11, 15, 12], "texture": "#0"},
				"west": {"uv": [14, 11, 15, 12], "texture": "#0"},
				"up": {"uv": [14, 11, 15, 12], "texture": "#0"},
				"down": {"uv": [14, 11, 15, 12], "texture": "#0"}
			}
		},
		{
			"from": [7.4, -2.23582, 7.92326],
			"to": [8.6, -0.73582, 8.12326],
			"rotation": {"angle": 22.5, "axis": "x", "origin": [8, -0.53582, 9.92326]},
			"faces": {
				"north": {"uv": [14, 11, 15, 12], "texture": "#0"},
				"east": {"uv": [14, 11, 15, 12], "texture": "#0"},
				"south": {"uv": [14, 11, 15, 12], "texture": "#0"},
				"west": {"uv": [14, 11, 15, 12], "texture": "#0"},
				"up": {"uv": [14, 11, 15, 12], "texture": "#0"},
				"down": {"uv": [14, 11, 15, 12], "texture": "#0"}
			}
		},
		{
			"from": [7.375, 0.92388, 12.68268],
			"to": [8.625, 4.92388, 13.08268],
			"rotation": {"angle": -22.5, "axis": "x", "origin": [7.875, 7, 13]},
			"faces": {
				"north": {"uv": [14, 11, 15, 12], "rotation": 180, "texture": "#0"},
				"east": {"uv": [14, 11, 15, 12], "rotation": 180, "texture": "#0"},
				"south": {"uv": [14, 11, 15, 12], "rotation": 180, "texture": "#0"},
				"west": {"uv": [14, 11, 15, 12], "rotation": 180, "texture": "#0"},
				"up": {"uv": [14, 11, 15, 12], "rotation": 180, "texture": "#0"},
				"down": {"uv": [14, 11, 15, 12], "rotation": 180, "texture": "#0"}
			}
		},
		{
			"from": [7.35, 4, 0],
			"to": [8.65, 4.5, 14],
			"rotation": {"angle": 0, "axis": "y", "origin": [8, 7, 13]},
			"faces": {
				"north": {"uv": [14, 11, 15, 12], "texture": "#0"},
				"east": {"uv": [14, 11, 15, 12], "texture": "#0"},
				"south": {"uv": [14, 11, 15, 12], "texture": "#0"},
				"west": {"uv": [14, 11, 15, 12], "texture": "#0"},
				"up": {"uv": [14, 11, 15, 12], "texture": "#0"},
				"down": {"uv": [14, 11, 15, 12], "texture": "#0"}
			}
		},
		{
			"from": [7.35, 4.75, 0],
			"to": [8.65, 5, 14],
			"rotation": {"angle": 0, "axis": "y", "origin": [8, 7, 13]},
			"faces": {
				"north": {"uv": [14, 11, 15, 12], "texture": "#0"},
				"east": {"uv": [14, 11, 15, 12], "texture": "#0"},
				"south": {"uv": [14, 11, 15, 12], "texture": "#0"},
				"west": {"uv": [14, 11, 15, 12], "texture": "#0"},
				"up": {"uv": [14, 11, 15, 12], "texture": "#0"},
				"down": {"uv": [14, 11, 15, 12], "texture": "#0"}
			}
		},
		{
			"from": [7.35, 4.5, 0],
			"to": [8.65, 4.75, 0.5],
			"rotation": {"angle": 0, "axis": "y", "origin": [8, 7, 13]},
			"faces": {
				"north": {"uv": [14, 11, 15, 12], "texture": "#0"},
				"east": {"uv": [14, 11, 15, 12], "texture": "#0"},
				"south": {"uv": [14, 11, 15, 12], "texture": "#0"},
				"west": {"uv": [14, 11, 15, 12], "texture": "#0"},
				"up": {"uv": [14, 11, 15, 12], "texture": "#0"},
				"down": {"uv": [14, 11, 15, 12], "texture": "#0"}
			}
		},
		{
			"from": [7.35, 4.5, 3.25],
			"to": [8.65, 4.75, 3.75],
			"rotation": {"angle": 0, "axis": "y", "origin": [8, 7, 16.25]},
			"faces": {
				"north": {"uv": [14, 11, 15, 12], "texture": "#0"},
				"east": {"uv": [14, 11, 15, 12], "texture": "#0"},
				"south": {"uv": [14, 11, 15, 12], "texture": "#0"},
				"west": {"uv": [14, 11, 15, 12], "texture": "#0"},
				"up": {"uv": [14, 11, 15, 12], "texture": "#0"},
				"down": {"uv": [14, 11, 15, 12], "texture": "#0"}
			}
		},
		{
			"from": [7.35, 4.5, 1.5],
			"to": [8.65, 4.75, 2],
			"rotation": {"angle": 0, "axis": "y", "origin": [8, 7, 14.5]},
			"faces": {
				"north": {"uv": [14, 11, 15, 12], "texture": "#0"},
				"east": {"uv": [14, 11, 15, 12], "texture": "#0"},
				"south": {"uv": [14, 11, 15, 12], "texture": "#0"},
				"west": {"uv": [14, 11, 15, 12], "texture": "#0"},
				"up": {"uv": [14, 11, 15, 12], "texture": "#0"},
				"down": {"uv": [14, 11, 15, 12], "texture": "#0"}
			}
		},
		{
			"from": [7.35, 4.5, 5],
			"to": [8.65, 4.75, 7.5],
			"rotation": {"angle": 0, "axis": "y", "origin": [8, 7, 18]},
			"faces": {
				"north": {"uv": [14, 11, 15, 12], "texture": "#0"},
				"east": {"uv": [14, 11, 15, 12], "texture": "#0"},
				"south": {"uv": [14, 11, 15, 12], "texture": "#0"},
				"west": {"uv": [14, 11, 15, 12], "texture": "#0"},
				"up": {"uv": [14, 11, 15, 12], "texture": "#0"},
				"down": {"uv": [14, 11, 15, 12], "texture": "#0"}
			}
		},
		{
			"from": [7.5, 2.1, 20.6],
			"to": [8.5, 5.1, 21.3],
			"rotation": {"angle": 0, "axis": "y", "origin": [8, 7, 13]},
			"faces": {
				"north": {"uv": [14, 11, 15, 12], "texture": "#0"},
				"east": {"uv": [14, 11, 15, 12], "texture": "#0"},
				"south": {"uv": [14, 11, 15, 12], "texture": "#0"},
				"west": {"uv": [14, 11, 15, 12], "texture": "#0"},
				"up": {"uv": [14, 11, 15, 12], "texture": "#0"},
				"down": {"uv": [14, 11, 15, 12], "texture": "#0"}
			}
		},
		{
			"from": [7.5, 2.63701, 16.29971],
			"to": [8.5, 5.63701, 17.99971],
			"rotation": {"angle": 22.5, "axis": "x", "origin": [8, 2, 16]},
			"faces": {
				"north": {"uv": [14, 11, 15, 12], "texture": "#0"},
				"east": {"uv": [14, 11, 15, 12], "texture": "#0"},
				"south": {"uv": [14, 11, 15, 12], "texture": "#0"},
				"west": {"uv": [14, 11, 15, 12], "texture": "#0"},
				"up": {"uv": [14, 11, 15, 12], "texture": "#0"},
				"down": {"uv": [14, 11, 15, 12], "texture": "#0"}
			}
		},
		{
			"from": [7.75, 6, -2.75],
			"to": [8.25, 6.1, 6.75],
			"rotation": {"angle": 0, "axis": "y", "origin": [8, 7, 13]},
			"faces": {
				"north": {"uv": [14, 11, 15, 12], "rotation": 90, "texture": "#0"},
				"east": {"uv": [14, 11, 15, 12], "rotation": 90, "texture": "#0"},
				"south": {"uv": [14, 11, 15, 12], "rotation": 90, "texture": "#0"},
				"west": {"uv": [14, 11, 15, 12], "rotation": 90, "texture": "#0"},
				"up": {"uv": [14, 11, 15, 12], "rotation": 90, "texture": "#0"},
				"down": {"uv": [14, 11, 15, 12], "rotation": 90, "texture": "#0"}
			}
		},
		{
			"from": [7.75, 3.4, -2.75],
			"to": [8.25, 3.5, 6.75],
			"rotation": {"angle": 0, "axis": "y", "origin": [8, 4.25, 13]},
			"faces": {
				"north": {"uv": [14, 11, 15, 12], "rotation": 90, "texture": "#0"},
				"east": {"uv": [14, 11, 15, 12], "rotation": 90, "texture": "#0"},
				"south": {"uv": [14, 11, 15, 12], "rotation": 90, "texture": "#0"},
				"west": {"uv": [14, 11, 15, 12], "rotation": 90, "texture": "#0"},
				"up": {"uv": [14, 11, 15, 12], "rotation": 90, "texture": "#0"},
				"down": {"uv": [14, 11, 15, 12], "rotation": 90, "texture": "#0"}
			}
		},
		{
			"from": [7.75, 6, 7],
			"to": [8.25, 6.1, 13.75],
			"rotation": {"angle": 0, "axis": "y", "origin": [8, 7, 23]},
			"faces": {
				"north": {"uv": [14, 11, 15, 12], "rotation": 90, "texture": "#0"},
				"east": {"uv": [14, 11, 15, 12], "rotation": 90, "texture": "#0"},
				"south": {"uv": [14, 11, 15, 12], "rotation": 90, "texture": "#0"},
				"west": {"uv": [14, 11, 15, 12], "rotation": 90, "texture": "#0"},
				"up": {"uv": [14, 11, 15, 12], "rotation": 90, "texture": "#0"},
				"down": {"uv": [14, 11, 15, 12], "rotation": 90, "texture": "#0"}
			}
		},
		{
			"from": [7.75, 5, 14.4],
			"to": [8.25, 5.8, 15.25],
			"rotation": {"angle": 0, "axis": "y", "origin": [8, 7, 30]},
			"faces": {
				"north": {"uv": [14, 11, 15, 12], "rotation": 90, "texture": "#0"},
				"east": {"uv": [14, 11, 15, 12], "rotation": 90, "texture": "#0"},
				"south": {"uv": [14, 11, 15, 12], "rotation": 90, "texture": "#0"},
				"west": {"uv": [14, 11, 15, 12], "rotation": 90, "texture": "#0"},
				"up": {"uv": [14, 11, 15, 12], "rotation": 90, "texture": "#0"},
				"down": {"uv": [14, 11, 15, 12], "rotation": 90, "texture": "#0"}
			}
		},
		{
			"from": [7, 4.8, 10.75],
			"to": [9, 5.05, 13.5],
			"rotation": {"angle": 0, "axis": "y", "origin": [8, 7, 16]},
			"faces": {
				"north": {"uv": [14, 11, 15, 12], "texture": "#0"},
				"east": {"uv": [14, 11, 15, 12], "texture": "#0"},
				"south": {"uv": [14, 11, 15, 12], "texture": "#0"},
				"west": {"uv": [14, 11, 15, 12], "texture": "#0"},
				"up": {"uv": [14, 11, 15, 12], "texture": "#0"},
				"down": {"uv": [14, 11, 15, 12], "texture": "#0"}
			}
		},
		{
			"from": [7, 4.8, 7.5],
			"to": [9, 5.05, 7.75],
			"rotation": {"angle": 0, "axis": "y", "origin": [8, 7, 13]},
			"faces": {
				"north": {"uv": [14, 11, 15, 12], "texture": "#0"},
				"east": {"uv": [14, 11, 15, 12], "texture": "#0"},
				"south": {"uv": [14, 11, 15, 12], "texture": "#0"},
				"west": {"uv": [14, 11, 15, 12], "texture": "#0"},
				"up": {"uv": [14, 11, 15, 12], "texture": "#0"},
				"down": {"uv": [14, 11, 15, 12], "texture": "#0"}
			}
		},
		{
			"from": [6.3, 4.7, 7.7],
			"to": [9.7, 5.15, 8.15],
			"rotation": {"angle": 0, "axis": "y", "origin": [6, 7, 13.3]},
			"faces": {
				"north": {"uv": [14, 11, 15, 12], "texture": "#0"},
				"east": {"uv": [14, 11, 15, 12], "texture": "#0"},
				"south": {"uv": [14, 11, 15, 12], "texture": "#0"},
				"west": {"uv": [14, 11, 15, 12], "texture": "#0"},
				"up": {"uv": [14, 11, 15, 12], "texture": "#0"},
				"down": {"uv": [14, 11, 15, 12], "texture": "#0"}
			}
		},
		{
			"from": [7, 5.05, 7.5],
			"to": [9, 5.3, 11],
			"rotation": {"angle": 0, "axis": "y", "origin": [8, 7, 13.25]},
			"faces": {
				"north": {"uv": [14, 11, 15, 12], "texture": "#0"},
				"east": {"uv": [14, 11, 15, 12], "texture": "#0"},
				"south": {"uv": [14, 11, 15, 12], "texture": "#0"},
				"west": {"uv": [14, 11, 15, 12], "texture": "#0"},
				"up": {"uv": [14, 11, 15, 12], "texture": "#0"},
				"down": {"uv": [14, 11, 15, 12], "texture": "#0"}
			}
		},
		{
			"from": [7, 4.55, 7.5],
			"to": [9, 4.8, 11],
			"rotation": {"angle": 0, "axis": "y", "origin": [8, 6.5, 13.25]},
			"faces": {
				"north": {"uv": [14, 11, 15, 12], "texture": "#0"},
				"east": {"uv": [14, 11, 15, 12], "texture": "#0"},
				"south": {"uv": [14, 11, 15, 12], "texture": "#0"},
				"west": {"uv": [14, 11, 15, 12], "texture": "#0"},
				"up": {"uv": [14, 11, 15, 12], "texture": "#0"},
				"down": {"uv": [14, 11, 15, 12], "texture": "#0"}
			}
		},
		{
			"from": [7.25, 2.1, 9],
			"to": [8.75, 2.5, 14],
			"rotation": {"angle": 0, "axis": "y", "origin": [8, 7, 13]},
			"faces": {
				"north": {"uv": [14, 11, 15, 12], "texture": "#0"},
				"east": {"uv": [14, 11, 15, 12], "texture": "#0"},
				"south": {"uv": [14, 11, 15, 12], "texture": "#0"},
				"west": {"uv": [14, 11, 15, 12], "texture": "#0"},
				"up": {"uv": [14, 11, 15, 12], "texture": "#0"},
				"down": {"uv": [14, 11, 15, 12], "texture": "#0"}
			}
		},
		{
			"from": [7.25, 0.92388, 11.08268],
			"to": [8.75, 2.92388, 11.48268],
			"rotation": {"angle": -22.5, "axis": "x", "origin": [8, 7, 13]},
			"faces": {
				"north": {"uv": [14, 11, 15, 12], "rotation": 180, "texture": "#0"},
				"east": {"uv": [14, 11, 15, 12], "rotation": 180, "texture": "#0"},
				"south": {"uv": [14, 11, 15, 12], "rotation": 180, "texture": "#0"},
				"west": {"uv": [14, 11, 15, 12], "rotation": 180, "texture": "#0"},
				"up": {"uv": [14, 11, 15, 12], "rotation": 180, "texture": "#0"},
				"down": {"uv": [14, 11, 15, 12], "rotation": 180, "texture": "#0"}
			}
		},
		{
			"from": [7.75, 2.52388, 13.66732],
			"to": [8.25, 3.12388, 13.81732],
			"rotation": {"angle": 22.5, "axis": "x", "origin": [8, 7, 13]},
			"faces": {
				"north": {"uv": [14, 11, 15, 12], "rotation": 180, "texture": "#0"},
				"east": {"uv": [14, 11, 15, 12], "rotation": 180, "texture": "#0"},
				"south": {"uv": [14, 11, 15, 12], "rotation": 180, "texture": "#0"},
				"west": {"uv": [14, 11, 15, 12], "rotation": 180, "texture": "#0"},
				"up": {"uv": [14, 11, 15, 12], "rotation": 180, "texture": "#0"},
				"down": {"uv": [14, 11, 15, 12], "rotation": 180, "texture": "#0"}
			}
		},
		{
			"from": [7.75, 3.1, 12.12],
			"to": [8.25, 3.5, 12.27],
			"rotation": {"angle": 0, "axis": "y", "origin": [8, 7, 13]},
			"faces": {
				"north": {"uv": [14, 11, 15, 12], "rotation": 180, "texture": "#0"},
				"east": {"uv": [14, 11, 15, 12], "rotation": 180, "texture": "#0"},
				"south": {"uv": [14, 11, 15, 12], "rotation": 180, "texture": "#0"},
				"west": {"uv": [14, 11, 15, 12], "rotation": 180, "texture": "#0"},
				"up": {"uv": [14, 11, 15, 12], "rotation": 180, "texture": "#0"},
				"down": {"uv": [14, 11, 15, 12], "rotation": 180, "texture": "#0"}
			}
		},
		{
			"from": [7.75, 4.02388, 10.83268],
			"to": [8.25, 5.02388, 10.98268],
			"rotation": {"angle": -22.5, "axis": "x", "origin": [8, 7, 13]},
			"faces": {
				"north": {"uv": [14, 11, 15, 12], "rotation": 180, "texture": "#0"},
				"east": {"uv": [14, 11, 15, 12], "rotation": 180, "texture": "#0"},
				"south": {"uv": [14, 11, 15, 12], "rotation": 180, "texture": "#0"},
				"west": {"uv": [14, 11, 15, 12], "rotation": 180, "texture": "#0"},
				"up": {"uv": [14, 11, 15, 12], "rotation": 180, "texture": "#0"},
				"down": {"uv": [14, 11, 15, 12], "rotation": 180, "texture": "#0"}
			}
		},
		{
			"from": [7.025, 3, 7.5],
			"to": [8.975, 3.5, 10.5],
			"rotation": {"angle": 0, "axis": "y", "origin": [8.125, 7, 13]},
			"faces": {
				"north": {"uv": [14, 11, 15, 12], "texture": "#0"},
				"east": {"uv": [14, 11, 15, 12], "texture": "#0"},
				"south": {"uv": [14, 11, 15, 12], "texture": "#0"},
				"west": {"uv": [14, 11, 15, 12], "texture": "#0"},
				"up": {"uv": [14, 11, 15, 12], "texture": "#0"},
				"down": {"uv": [14, 11, 15, 12], "texture": "#0"}
			}
		},
		{
			"from": [7.65, 4.45, -10],
			"to": [8.35, 5.15, 6],
			"rotation": {"angle": 0, "axis": "y", "origin": [8, 6.75, 10]},
			"faces": {
				"north": {"uv": [14, 11, 15, 12], "texture": "#0"},
				"east": {"uv": [14, 11, 15, 12], "texture": "#0"},
				"south": {"uv": [14, 11, 15, 12], "texture": "#0"},
				"west": {"uv": [14, 11, 15, 12], "texture": "#0"},
				"up": {"uv": [14, 11, 15, 12], "texture": "#0"},
				"down": {"uv": [14, 11, 15, 12], "texture": "#0"}
			}
		},
		{
			"from": [8.15, 4.45, -7],
			"to": [8.6, 5.15, -4],
			"rotation": {"angle": 0, "axis": "y", "origin": [8.75, 6.75, 6]},
			"faces": {
				"north": {"uv": [14, 11, 15, 12], "texture": "#0"},
				"east": {"uv": [14, 11, 15, 12], "texture": "#0"},
				"south": {"uv": [14, 11, 15, 12], "texture": "#0"},
				"west": {"uv": [14, 11, 15, 12], "texture": "#0"},
				"up": {"uv": [14, 11, 15, 12], "texture": "#0"},
				"down": {"uv": [14, 11, 15, 12], "texture": "#0"}
			}
		},
		{
			"from": [7.65, 4.95, -7],
			"to": [8.35, 5.4, -4],
			"rotation": {"angle": 0, "axis": "y", "origin": [8.5, 7.25, 6]},
			"faces": {
				"north": {"uv": [14, 11, 15, 12], "texture": "#0"},
				"east": {"uv": [14, 11, 15, 12], "texture": "#0"},
				"south": {"uv": [14, 11, 15, 12], "texture": "#0"},
				"west": {"uv": [14, 11, 15, 12], "texture": "#0"},
				"up": {"uv": [14, 11, 15, 12], "texture": "#0"},
				"down": {"uv": [14, 11, 15, 12], "texture": "#0"}
			}
		},
		{
			"from": [7.65, 4.2, -7],
			"to": [8.35, 4.65, -4],
			"rotation": {"angle": 0, "axis": "y", "origin": [8.5, 6.5, 6]},
			"faces": {
				"north": {"uv": [14, 11, 15, 12], "texture": "#0"},
				"east": {"uv": [14, 11, 15, 12], "texture": "#0"},
				"south": {"uv": [14, 11, 15, 12], "texture": "#0"},
				"west": {"uv": [14, 11, 15, 12], "texture": "#0"},
				"up": {"uv": [14, 11, 15, 12], "texture": "#0"},
				"down": {"uv": [14, 11, 15, 12], "texture": "#0"}
			}
		},
		{
			"from": [7.4, 4.45, -7],
			"to": [7.85, 5.15, -4],
			"rotation": {"angle": 0, "axis": "y", "origin": [8, 6.75, 6]},
			"faces": {
				"north": {"uv": [14, 11, 15, 12], "texture": "#0"},
				"east": {"uv": [14, 11, 15, 12], "texture": "#0"},
				"south": {"uv": [14, 11, 15, 12], "texture": "#0"},
				"west": {"uv": [14, 11, 15, 12], "texture": "#0"},
				"up": {"uv": [14, 11, 15, 12], "texture": "#0"},
				"down": {"uv": [14, 11, 15, 12], "texture": "#0"}
			}
		},
		{
			"from": [7.75, 4.2, -4],
			"to": [8.25, 4.7, 0],
			"rotation": {"angle": 0, "axis": "y", "origin": [8.1, 5, 10]},
			"faces": {
				"north": {"uv": [14, 11, 15, 12], "texture": "#0"},
				"east": {"uv": [14, 11, 15, 12], "texture": "#0"},
				"south": {"uv": [14, 11, 15, 12], "texture": "#0"},
				"west": {"uv": [14, 11, 15, 12], "texture": "#0"},
				"up": {"uv": [14, 11, 15, 12], "texture": "#0"},
				"down": {"uv": [14, 11, 15, 12], "texture": "#0"}
			}
		},
		{
			"from": [7.95, -0.42596, -3.87778],
			"to": [8.05, -0.12596, -1.12778],
			"rotation": {"angle": 22.5, "axis": "x", "origin": [8, 7, 13.25]},
			"faces": {
				"north": {"uv": [14, 11, 15, 12], "rotation": 90, "texture": "#0"},
				"east": {"uv": [14, 11, 15, 12], "rotation": 90, "texture": "#0"},
				"south": {"uv": [14, 11, 15, 12], "rotation": 90, "texture": "#0"},
				"west": {"uv": [14, 11, 15, 12], "rotation": 90, "texture": "#0"},
				"up": {"uv": [14, 11, 15, 12], "rotation": 90, "texture": "#0"},
				"down": {"uv": [14, 11, 15, 12], "rotation": 90, "texture": "#0"}
			}
		},
		{
			"from": [7.95, 5.37778, -5.42596],
			"to": [8.05, 6.97778, -5.12596],
			"rotation": {"angle": 0, "axis": "x", "origin": [8, -9, 2]},
			"faces": {
				"north": {"uv": [14, 11, 15, 12], "rotation": 270, "texture": "#0"},
				"east": {"uv": [14, 11, 15, 12], "texture": "#0"},
				"south": {"uv": [14, 11, 15, 12], "rotation": 90, "texture": "#0"},
				"west": {"uv": [14, 11, 15, 12], "rotation": 180, "texture": "#0"},
				"up": {"uv": [14, 11, 15, 12], "rotation": 270, "texture": "#0"},
				"down": {"uv": [14, 11, 15, 12], "rotation": 90, "texture": "#0"}
			}
		},
		{
			"from": [7.95, 5.37778, -4.27596],
			"to": [8.05, 6.37778, -3.97596],
			"rotation": {"angle": 0, "axis": "x", "origin": [8, -9, 3.15]},
			"faces": {
				"north": {"uv": [14, 11, 15, 12], "rotation": 270, "texture": "#0"},
				"east": {"uv": [14, 11, 15, 12], "texture": "#0"},
				"south": {"uv": [14, 11, 15, 12], "rotation": 90, "texture": "#0"},
				"west": {"uv": [14, 11, 15, 12], "rotation": 180, "texture": "#0"},
				"up": {"uv": [14, 11, 15, 12], "rotation": 270, "texture": "#0"},
				"down": {"uv": [14, 11, 15, 12], "rotation": 90, "texture": "#0"}
			}
		},
		{
			"from": [7.95, 5.87778, -5.17596],
			"to": [8.05, 6.12778, -4.22596],
			"rotation": {"angle": 0, "axis": "x", "origin": [8, -9.5, 2.9]},
			"faces": {
				"north": {"uv": [14, 11, 15, 12], "rotation": 270, "texture": "#0"},
				"east": {"uv": [14, 11, 15, 12], "texture": "#0"},
				"south": {"uv": [14, 11, 15, 12], "rotation": 90, "texture": "#0"},
				"west": {"uv": [14, 11, 15, 12], "rotation": 180, "texture": "#0"},
				"up": {"uv": [14, 11, 15, 12], "rotation": 270, "texture": "#0"},
				"down": {"uv": [14, 11, 15, 12], "rotation": 90, "texture": "#0"}
			}
		},
		{
			"from": [7.125, 0.92388, 11.38268],
			"to": [8.875, 4.42388, 12.88268],
			"rotation": {"angle": -22.5, "axis": "x", "origin": [7.875, 7, 13]},
			"faces": {
				"north": {"uv": [0, 0, 2, 4], "texture": "#0"},
				"east": {"uv": [0, 0, 2, 4], "texture": "#0"},
				"south": {"uv": [0, 0, 2, 4], "texture": "#0"},
				"west": {"uv": [0, 0, 2, 4], "texture": "#0"},
				"up": {"uv": [0, 0, 2, 4], "texture": "#0"},
				"down": {"uv": [0, 0, 2, 4], "texture": "#0"}
			}
		},
		{
			"from": [7, 1.42388, 11.38268],
			"to": [9, 4.17388, 12.63268],
			"rotation": {"angle": -22.5, "axis": "x", "origin": [7.75, 7.25, 13]},
			"faces": {
				"north": {"uv": [14, 10, 16, 14], "texture": "#0"},
				"east": {"uv": [14, 10, 16, 14], "texture": "#0"},
				"south": {"uv": [14, 10, 16, 14], "texture": "#0"},
				"west": {"uv": [14, 10, 16, 14], "texture": "#0"},
				"up": {"uv": [14, 10, 16, 14], "texture": "#0"},
				"down": {"uv": [14, 10, 16, 14], "texture": "#0"}
			}
		},
		{
			"from": [7.275, 1.74984, 16.2],
			"to": [8.725, 2.74984, 21.2],
			"rotation": {"angle": 0, "axis": "x", "origin": [7.875, 1.7, 16.7]},
			"faces": {
				"north": {"uv": [0, 0, 2, 2], "texture": "#0"},
				"east": {"uv": [0, 0, 2, 2], "texture": "#0"},
				"south": {"uv": [0, 0, 2, 2], "texture": "#0"},
				"west": {"uv": [0, 0, 2, 2], "texture": "#0"},
				"up": {"uv": [0, 0, 2, 2], "texture": "#0"},
				"down": {"uv": [0, 0, 2, 2], "texture": "#0"}
			}
		},
		{
			"from": [7.35, 5, 13.5],
			"to": [8.65, 6, 15.5],
			"rotation": {"angle": 22.5, "axis": "x", "origin": [8.2, 4.7, 13.7]},
			"faces": {
				"north": {"uv": [0, 0, 2, 2], "texture": "#0"},
				"east": {"uv": [0, 0, 2, 2], "texture": "#0"},
				"south": {"uv": [0, 0, 2, 2], "texture": "#0"},
				"west": {"uv": [0, 0, 2, 2], "texture": "#0"},
				"up": {"uv": [0, 0, 2, 2], "texture": "#0"},
				"down": {"uv": [0, 0, 2, 2], "texture": "#0"}
			}
		},
		{
			"from": [7.275, 0.74984, 13.7549],
			"to": [8.725, 1.74984, 16.7549],
			"rotation": {"angle": -22.5, "axis": "x", "origin": [7.875, 1, 14]},
			"faces": {
				"north": {"uv": [0, 0, 2, 2], "texture": "#0"},
				"east": {"uv": [0, 0, 2, 2], "texture": "#0"},
				"south": {"uv": [0, 0, 2, 2], "texture": "#0"},
				"west": {"uv": [0, 0, 2, 2], "texture": "#0"},
				"up": {"uv": [0, 0, 2, 2], "texture": "#0"},
				"down": {"uv": [0, 0, 2, 2], "texture": "#0"}
			}
		},
		{
			"from": [7.35, 4.3, 15.5],
			"to": [8.65, 5.3, 21.1],
			"rotation": {"angle": 0, "axis": "y", "origin": [8.2, 4, 16]},
			"faces": {
				"north": {"uv": [0, 0, 2, 2], "texture": "#0"},
				"east": {"uv": [0, 0, 2, 2], "texture": "#0"},
				"south": {"uv": [0, 0, 2, 2], "texture": "#0"},
				"west": {"uv": [0, 0, 2, 2], "texture": "#0"},
				"up": {"uv": [0, 0, 2, 2], "texture": "#0"},
				"down": {"uv": [0, 0, 2, 2], "texture": "#0"}
			}
		},
		{
			"from": [7.125, 2.05, 7],
			"to": [8.875, 4.3, 11],
			"rotation": {"angle": 0, "axis": "y", "origin": [8.125, 7, 13]},
			"faces": {
				"north": {"uv": [0, 0, 2, 2], "texture": "#0"},
				"east": {"uv": [0, 0, 2, 2], "texture": "#0"},
				"south": {"uv": [0, 0, 2, 2], "texture": "#0"},
				"west": {"uv": [0, 0, 2, 2], "texture": "#0"},
				"up": {"uv": [0, 0, 2, 2], "texture": "#0"},
				"down": {"uv": [0, 0, 2, 2], "texture": "#0"}
			}
		},
		{
			"from": [7.625, 1.95, 6.8],
			"to": [8.375, 4.3, 7.2],
			"rotation": {"angle": 0, "axis": "y", "origin": [8.125, 7, 12.8]},
			"faces": {
				"north": {"uv": [0, 0, 2, 2], "texture": "#0"},
				"east": {"uv": [0, 0, 2, 2], "texture": "#0"},
				"south": {"uv": [0, 0, 2, 2], "texture": "#0"},
				"west": {"uv": [0, 0, 2, 2], "texture": "#0"},
				"up": {"uv": [0, 0, 2, 2], "texture": "#0"},
				"down": {"uv": [0, 0, 2, 2], "texture": "#0"}
			}
		},
		{
			"from": [7.525, 2.1, 2.8],
			"to": [8.475, 2.85, 6.8],
			"rotation": {"angle": 0, "axis": "y", "origin": [8.125, 6.3, 8.8]},
			"faces": {
				"north": {"uv": [12, 10, 14, 12], "texture": "#0"},
				"east": {"uv": [12, 10, 14, 12], "texture": "#0"},
				"south": {"uv": [12, 10, 14, 12], "texture": "#0"},
				"west": {"uv": [12, 10, 14, 12], "texture": "#0"},
				"up": {"uv": [12, 10, 14, 12], "texture": "#0"},
				"down": {"uv": [12, 10, 14, 12], "texture": "#0"}
			}
		},
		{
			"from": [7.625, 2.6, 5.2],
			"to": [8.375, 3.35, 6.5],
			"rotation": {"angle": 0, "axis": "x", "origin": [8.025, 6.8, 8.6]},
			"faces": {
				"north": {"uv": [14, 10, 16, 12], "texture": "#0"},
				"east": {"uv": [14, 10, 16, 12], "texture": "#0"},
				"south": {"uv": [14, 10, 16, 12], "texture": "#0"},
				"west": {"uv": [14, 10, 16, 12], "texture": "#0"},
				"up": {"uv": [14, 10, 16, 12], "texture": "#0"},
				"down": {"uv": [14, 10, 16, 12], "texture": "#0"}
			}
		},
		{
			"from": [7.525, 2.8, 2.8],
			"to": [8.475, 3.45, 5.6],
			"rotation": {"angle": 0, "axis": "y", "origin": [8.125, 7, 8.8]},
			"faces": {
				"north": {"uv": [12, 10, 14, 12], "texture": "#0"},
				"east": {"uv": [12, 10, 14, 12], "texture": "#0"},
				"south": {"uv": [12, 10, 14, 12], "texture": "#0"},
				"west": {"uv": [12, 10, 14, 12], "texture": "#0"},
				"up": {"uv": [12, 10, 14, 12], "texture": "#0"},
				"down": {"uv": [12, 10, 14, 12], "texture": "#0"}
			}
		},
		{
			"from": [7.425, 2.3, 2.85],
			"to": [8.575, 2.7, 6.65],
			"rotation": {"angle": 0, "axis": "y", "origin": [8.025, 6.3, 11.55]},
			"faces": {
				"north": {"uv": [14, 8, 16, 10], "texture": "#0"},
				"east": {"uv": [14, 8, 16, 10], "texture": "#0"},
				"south": {"uv": [14, 8, 16, 10], "texture": "#0"},
				"west": {"uv": [12, 12, 14, 14], "texture": "#0"},
				"up": {"uv": [14, 8, 16, 10], "texture": "#0"},
				"down": {"uv": [14, 8, 16, 10], "texture": "#0"}
			}
		},
		{
			"from": [7.425, 2.9, 2.85],
			"to": [8.575, 3.3, 5.45],
			"rotation": {"angle": 0, "axis": "y", "origin": [8.025, 6.9, 10.35]},
			"faces": {
				"north": {"uv": [14, 8, 16, 10], "texture": "#0"},
				"east": {"uv": [14, 8, 16, 10], "texture": "#0"},
				"south": {"uv": [14, 8, 16, 10], "texture": "#0"},
				"west": {"uv": [12, 12, 14, 14], "texture": "#0"},
				"up": {"uv": [14, 8, 16, 10], "texture": "#0"},
				"down": {"uv": [14, 8, 16, 10], "texture": "#0"}
			}
		},
		{
			"from": [7.325, 2.95, 5.1],
			"to": [8.275, 3.25, 5.4],
			"rotation": {"angle": 0, "axis": "y", "origin": [7.925, 6.9, 8.6]},
			"faces": {
				"north": {"uv": [14, 12, 16, 14], "texture": "#0"},
				"east": {"uv": [14, 12, 16, 14], "texture": "#0"},
				"south": {"uv": [14, 12, 16, 14], "texture": "#0"},
				"west": {"uv": [14, 12, 16, 14], "texture": "#0"},
				"up": {"uv": [14, 12, 16, 14], "texture": "#0"},
				"down": {"uv": [14, 12, 16, 14], "texture": "#0"}
			}
		},
		{
			"from": [7.325, 2.35, 5.1],
			"to": [8.275, 2.65, 5.4],
			"rotation": {"angle": 0, "axis": "y", "origin": [7.925, 6.3, 8.6]},
			"faces": {
				"north": {"uv": [14, 12, 16, 14], "texture": "#0"},
				"east": {"uv": [14, 12, 16, 14], "texture": "#0"},
				"south": {"uv": [14, 12, 16, 14], "texture": "#0"},
				"west": {"uv": [14, 12, 16, 14], "texture": "#0"},
				"up": {"uv": [14, 12, 16, 14], "texture": "#0"},
				"down": {"uv": [14, 12, 16, 14], "texture": "#0"}
			}
		},
		{
			"from": [7.825, 2.6, 2.55],
			"to": [8.175, 2.75, 2.85],
			"rotation": {"angle": 0, "axis": "y", "origin": [8.125, 6.3, 8.55]},
			"faces": {
				"north": {"uv": [14, 10, 16, 12], "texture": "#0"},
				"east": {"uv": [14, 10, 16, 12], "texture": "#0"},
				"south": {"uv": [14, 10, 16, 12], "texture": "#0"},
				"west": {"uv": [14, 10, 16, 12], "texture": "#0"},
				"up": {"uv": [14, 10, 16, 12], "texture": "#0"},
				"down": {"uv": [14, 10, 16, 12], "texture": "#0"}
			}
		},
		{
			"from": [7.875, 3.2, 2.55],
			"to": [8.125, 3.25, 2.85],
			"rotation": {"angle": 0, "axis": "y", "origin": [8.075, 6.8, 8.55]},
			"faces": {
				"north": {"uv": [14, 10, 16, 12], "texture": "#0"},
				"east": {"uv": [14, 10, 16, 12], "texture": "#0"},
				"south": {"uv": [14, 10, 16, 12], "texture": "#0"},
				"west": {"uv": [14, 10, 16, 12], "texture": "#0"},
				"up": {"uv": [14, 10, 16, 12], "texture": "#0"},
				"down": {"uv": [14, 10, 16, 12], "texture": "#0"}
			}
		},
		{
			"from": [7.875, 3, 2.55],
			"to": [8.125, 3.05, 2.85],
			"rotation": {"angle": 0, "axis": "y", "origin": [8.075, 6.6, 8.55]},
			"faces": {
				"north": {"uv": [14, 10, 16, 12], "texture": "#0"},
				"east": {"uv": [14, 10, 16, 12], "texture": "#0"},
				"south": {"uv": [14, 10, 16, 12], "texture": "#0"},
				"west": {"uv": [14, 10, 16, 12], "texture": "#0"},
				"up": {"uv": [14, 10, 16, 12], "texture": "#0"},
				"down": {"uv": [14, 10, 16, 12], "texture": "#0"}
			}
		},
		{
			"from": [7.875, 3.1, 2.55],
			"to": [7.925, 3.25, 2.85],
			"rotation": {"angle": 0, "axis": "y", "origin": [8.075, 6.8, 8.55]},
			"faces": {
				"north": {"uv": [14, 10, 16, 12], "texture": "#0"},
				"east": {"uv": [14, 10, 16, 12], "texture": "#0"},
				"south": {"uv": [14, 10, 16, 12], "texture": "#0"},
				"west": {"uv": [14, 10, 16, 12], "texture": "#0"},
				"up": {"uv": [14, 10, 16, 12], "texture": "#0"},
				"down": {"uv": [14, 10, 16, 12], "texture": "#0"}
			}
		},
		{
			"from": [8.075, 3.1, 2.55],
			"to": [8.125, 3.25, 2.85],
			"rotation": {"angle": 0, "axis": "y", "origin": [8.275, 6.8, 8.55]},
			"faces": {
				"north": {"uv": [14, 10, 16, 12], "texture": "#0"},
				"east": {"uv": [14, 10, 16, 12], "texture": "#0"},
				"south": {"uv": [14, 10, 16, 12], "texture": "#0"},
				"west": {"uv": [14, 10, 16, 12], "texture": "#0"},
				"up": {"uv": [14, 10, 16, 12], "texture": "#0"},
				"down": {"uv": [14, 10, 16, 12], "texture": "#0"}
			}
		},
		{
			"from": [7.925, 3.05, 2.65],
			"to": [8.075, 3.2, 2.95],
			"rotation": {"angle": 0, "axis": "y", "origin": [8.225, 6.7, 8.65]},
			"faces": {
				"north": {"uv": [14, 14, 16, 16], "texture": "#0"},
				"east": {"uv": [14, 14, 16, 16], "texture": "#0"},
				"south": {"uv": [14, 14, 16, 16], "texture": "#0"},
				"west": {"uv": [14, 14, 16, 16], "texture": "#0"},
				"up": {"uv": [14, 14, 16, 16], "texture": "#0"},
				"down": {"uv": [14, 14, 16, 16], "texture": "#0"}
			}
		},
		{
			"from": [8.075, 3, 2.55],
			"to": [8.125, 3.15, 2.85],
			"rotation": {"angle": 0, "axis": "y", "origin": [8.275, 6.7, 8.55]},
			"faces": {
				"north": {"uv": [14, 10, 16, 12], "texture": "#0"},
				"east": {"uv": [14, 10, 16, 12], "texture": "#0"},
				"south": {"uv": [14, 10, 16, 12], "texture": "#0"},
				"west": {"uv": [14, 10, 16, 12], "texture": "#0"},
				"up": {"uv": [14, 10, 16, 12], "texture": "#0"},
				"down": {"uv": [14, 10, 16, 12], "texture": "#0"}
			}
		},
		{
			"from": [7.875, 3, 2.55],
			"to": [7.925, 3.15, 2.85],
			"rotation": {"angle": 0, "axis": "y", "origin": [8.075, 6.7, 8.55]},
			"faces": {
				"north": {"uv": [14, 10, 16, 12], "texture": "#0"},
				"east": {"uv": [14, 10, 16, 12], "texture": "#0"},
				"south": {"uv": [14, 10, 16, 12], "texture": "#0"},
				"west": {"uv": [14, 10, 16, 12], "texture": "#0"},
				"up": {"uv": [14, 10, 16, 12], "texture": "#0"},
				"down": {"uv": [14, 10, 16, 12], "texture": "#0"}
			}
		},
		{
			"from": [7.825, 2.2, 2.55],
			"to": [8.175, 2.35, 2.85],
			"rotation": {"angle": 0, "axis": "y", "origin": [8.125, 5.9, 8.55]},
			"faces": {
				"north": {"uv": [14, 10, 16, 12], "texture": "#0"},
				"east": {"uv": [14, 10, 16, 12], "texture": "#0"},
				"south": {"uv": [14, 10, 16, 12], "texture": "#0"},
				"west": {"uv": [14, 10, 16, 12], "texture": "#0"},
				"up": {"uv": [14, 10, 16, 12], "texture": "#0"},
				"down": {"uv": [14, 10, 16, 12], "texture": "#0"}
			}
		},
		{
			"from": [8.125, 2.3, 2.55],
			"to": [8.275, 2.65, 2.85],
			"rotation": {"angle": 0, "axis": "y", "origin": [8.225, 6, 8.55]},
			"faces": {
				"north": {"uv": [14, 10, 16, 12], "texture": "#0"},
				"east": {"uv": [14, 10, 16, 12], "texture": "#0"},
				"south": {"uv": [14, 10, 16, 12], "texture": "#0"},
				"west": {"uv": [14, 10, 16, 12], "texture": "#0"},
				"up": {"uv": [14, 10, 16, 12], "texture": "#0"},
				"down": {"uv": [14, 10, 16, 12], "texture": "#0"}
			}
		},
		{
			"from": [7.725, 2.3, 2.55],
			"to": [7.875, 2.65, 2.85],
			"rotation": {"angle": 0, "axis": "y", "origin": [7.825, 6, 8.55]},
			"faces": {
				"north": {"uv": [14, 10, 16, 12], "texture": "#0"},
				"east": {"uv": [14, 10, 16, 12], "texture": "#0"},
				"south": {"uv": [14, 10, 16, 12], "texture": "#0"},
				"west": {"uv": [14, 10, 16, 12], "texture": "#0"},
				"up": {"uv": [14, 10, 16, 12], "texture": "#0"},
				"down": {"uv": [14, 10, 16, 12], "texture": "#0"}
			}
		},
		{
			"from": [7.825, 2.3, 2.7],
			"to": [8.175, 2.65, 3],
			"rotation": {"angle": 0, "axis": "y", "origin": [7.925, 6, 8.7]},
			"faces": {
				"north": {"uv": [12, 14, 14, 16], "texture": "#0"},
				"east": {"uv": [14, 10, 16, 12], "texture": "#0"},
				"south": {"uv": [14, 10, 16, 12], "texture": "#0"},
				"west": {"uv": [14, 10, 16, 12], "texture": "#0"},
				"up": {"uv": [14, 10, 16, 12], "texture": "#0"},
				"down": {"uv": [14, 10, 16, 12], "texture": "#0"}
			}
		},
		{
			"from": [7.625, 2, 2.8],
			"to": [8.375, 2.15, 6.8],
			"rotation": {"angle": 0, "axis": "y", "origin": [8.025, 6.2, 8.8]},
			"faces": {
				"north": {"uv": [14, 10, 16, 12], "texture": "#0"},
				"east": {"uv": [14, 10, 16, 12], "texture": "#0"},
				"south": {"uv": [14, 10, 16, 12], "texture": "#0"},
				"west": {"uv": [14, 10, 16, 12], "texture": "#0"},
				"up": {"uv": [14, 10, 16, 12], "texture": "#0"},
				"down": {"uv": [14, 10, 16, 12], "texture": "#0"}
			}
		},
		{
			"from": [7.23609, 1.74749, 2.7],
			"to": [7.38609, 1.89749, 6.8],
			"rotation": {"angle": 45, "axis": "z", "origin": [7.13609, 2.34749, 5.3]},
			"faces": {
				"north": {"uv": [14, 8, 16, 10], "texture": "#0"},
				"east": {"uv": [14, 8, 16, 10], "texture": "#0"},
				"south": {"uv": [14, 8, 16, 10], "texture": "#0"},
				"west": {"uv": [14, 8, 16, 10], "texture": "#0"},
				"up": {"uv": [14, 8, 16, 10], "texture": "#0"},
				"down": {"uv": [14, 8, 16, 10], "texture": "#0"}
			}
		},
		{
			"from": [8.61391, 1.74749, 2.7],
			"to": [8.76391, 1.89749, 6.8],
			"rotation": {"angle": -45, "axis": "z", "origin": [8.86391, 2.34749, 5.3]},
			"faces": {
				"north": {"uv": [16, 8, 14, 10], "texture": "#0"},
				"east": {"uv": [16, 8, 14, 10], "texture": "#0"},
				"south": {"uv": [16, 8, 14, 10], "texture": "#0"},
				"west": {"uv": [16, 8, 14, 10], "texture": "#0"},
				"up": {"uv": [16, 8, 14, 10], "texture": "#0"},
				"down": {"uv": [16, 8, 14, 10], "texture": "#0"}
			}
		},
		{
			"from": [8.325, 2.1, 2.7],
			"to": [8.475, 3.45, 2.8],
			"rotation": {"angle": 0, "axis": "z", "origin": [8.575, 2.7, 5.3]},
			"faces": {
				"north": {"uv": [16, 8, 14, 10], "texture": "#0"},
				"east": {"uv": [16, 8, 14, 10], "texture": "#0"},
				"south": {"uv": [16, 8, 14, 10], "texture": "#0"},
				"west": {"uv": [16, 8, 14, 10], "texture": "#0"},
				"up": {"uv": [16, 8, 14, 10], "texture": "#0"},
				"down": {"uv": [16, 8, 14, 10], "texture": "#0"}
			}
		},
		{
			"from": [7.625, 1.99393, 2.7],
			"to": [8.375, 2.14393, 2.8],
			"rotation": {"angle": 0, "axis": "z", "origin": [8.475, 2.59393, 5.3]},
			"faces": {
				"north": {"uv": [16, 8, 14, 10], "texture": "#0"},
				"east": {"uv": [16, 8, 14, 10], "texture": "#0"},
				"south": {"uv": [16, 8, 14, 10], "texture": "#0"},
				"west": {"uv": [16, 8, 14, 10], "texture": "#0"},
				"up": {"uv": [16, 8, 14, 10], "texture": "#0"},
				"down": {"uv": [16, 8, 14, 10], "texture": "#0"}
			}
		},
		{
			"from": [7.625, 2.79393, 2.7],
			"to": [8.375, 2.94393, 2.8],
			"rotation": {"angle": 0, "axis": "z", "origin": [8.475, 3.39393, 5.3]},
			"faces": {
				"north": {"uv": [16, 8, 14, 10], "texture": "#0"},
				"east": {"uv": [16, 8, 14, 10], "texture": "#0"},
				"south": {"uv": [16, 8, 14, 10], "texture": "#0"},
				"west": {"uv": [16, 8, 14, 10], "texture": "#0"},
				"up": {"uv": [16, 8, 14, 10], "texture": "#0"},
				"down": {"uv": [16, 8, 14, 10], "texture": "#0"}
			}
		},
		{
			"from": [7.525, 2.1, 2.7],
			"to": [7.675, 3.45, 2.8],
			"rotation": {"angle": 0, "axis": "z", "origin": [7.425, 2.7, 5.3]},
			"faces": {
				"north": {"uv": [14, 8, 16, 10], "texture": "#0"},
				"east": {"uv": [14, 8, 16, 10], "texture": "#0"},
				"south": {"uv": [14, 8, 16, 10], "texture": "#0"},
				"west": {"uv": [14, 8, 16, 10], "texture": "#0"},
				"up": {"uv": [14, 8, 16, 10], "texture": "#0"},
				"down": {"uv": [14, 8, 16, 10], "texture": "#0"}
			}
		},
		{
			"from": [7.35, 5, 0],
			"to": [8.65, 6, 14],
			"rotation": {"angle": 0, "axis": "y", "origin": [8, 7, 13]},
			"faces": {
				"north": {"uv": [0, 0, 2, 2], "texture": "#0"},
				"east": {"uv": [0, 0, 2, 2], "texture": "#0"},
				"south": {"uv": [0, 0, 2, 2], "texture": "#0"},
				"west": {"uv": [0, 0, 2, 2], "texture": "#0"},
				"up": {"uv": [0, 0, 2, 2], "texture": "#0"},
				"down": {"uv": [0, 0, 2, 2], "texture": "#0"}
			}
		},
		{
			"from": [7.35, 3.5, -4],
			"to": [8.65, 4, 7],
			"rotation": {"angle": 0, "axis": "y", "origin": [8, 7, 13]},
			"faces": {
				"north": {"uv": [0, 0, 2.2, 2], "texture": "#0"},
				"east": {"uv": [0, 0, 2.2, 2], "texture": "#0"},
				"south": {"uv": [0, 0, 2.2, 2], "texture": "#0"},
				"west": {"uv": [0, 0, 2.2, 2], "texture": "#0"},
				"up": {"uv": [0, 0, 2.2, 2], "texture": "#0"},
				"down": {"uv": [0, 0, 2.2, 2], "texture": "#0"}
			}
		},
		{
			"from": [7.35, 5.5, -4],
			"to": [8.65, 6, 0],
			"rotation": {"angle": 0, "axis": "y", "origin": [8, 7, 13]},
			"faces": {
				"north": {"uv": [0, 0, 2.2, 2], "texture": "#0"},
				"east": {"uv": [0, 0, 2.2, 2], "texture": "#0"},
				"south": {"uv": [0, 0, 2.2, 2], "texture": "#0"},
				"west": {"uv": [0, 0, 2.2, 2], "texture": "#0"},
				"up": {"uv": [0, 0, 2.2, 2], "texture": "#0"},
				"down": {"uv": [0, 0, 2.2, 2], "texture": "#0"}
			}
		},
		{
			"from": [8.3, 3.6, -3.9],
			"to": [8.8, 4.3, 7.1],
			"rotation": {"angle": 0, "axis": "y", "origin": [8, 7, 13]},
			"faces": {
				"north": {"uv": [0, 2, 2.2, 0], "rotation": 270, "texture": "#0"},
				"east": {"uv": [0, 2, 2.2, 0], "rotation": 270, "texture": "#0"},
				"south": {"uv": [0, 2, 2.2, 0], "rotation": 270, "texture": "#0"},
				"west": {"uv": [0, 2, 2.2, 0], "rotation": 270, "texture": "#0"},
				"up": {"uv": [0, 2, 2.2, 0], "rotation": 270, "texture": "#0"},
				"down": {"uv": [0, 2, 2.2, 0], "rotation": 270, "texture": "#0"}
			}
		},
		{
			"from": [8.8, 3.8, -3.9],
			"to": [8.9, 4, 7.1],
			"rotation": {"angle": 0, "axis": "y", "origin": [8, 7, 13]},
			"faces": {
				"north": {"uv": [0, 2, 2, 0], "rotation": 270, "texture": "#0"},
				"east": {"uv": [0, 2, 2, 0], "rotation": 270, "texture": "#0"},
				"south": {"uv": [0, 2, 2, 0], "rotation": 270, "texture": "#0"},
				"west": {"uv": [0, 2, 2, 0], "rotation": 270, "texture": "#0"},
				"up": {"uv": [0, 2, 2, 0], "rotation": 270, "texture": "#0"},
				"down": {"uv": [0, 2, 2, 0], "rotation": 270, "texture": "#0"}
			}
		},
		{
			"from": [7.1, 3.8, -3.9],
			"to": [7.2, 4, 7.1],
			"rotation": {"angle": 0, "axis": "y", "origin": [8, 7, 13]},
			"faces": {
				"north": {"uv": [1, 0, 3, 2], "rotation": 270, "texture": "#0"},
				"east": {"uv": [1, 0, 3, 2], "rotation": 270, "texture": "#0"},
				"south": {"uv": [1, 0, 3, 2], "rotation": 270, "texture": "#0"},
				"west": {"uv": [1, 0, 3, 2], "rotation": 270, "texture": "#0"},
				"up": {"uv": [1, 0, 3, 2], "rotation": 270, "texture": "#0"},
				"down": {"uv": [1, 0, 3, 2], "rotation": 270, "texture": "#0"}
			}
		},
		{
			"from": [7.1, 5.3, -3.9],
			"to": [7.2, 5.5, 7.1],
			"rotation": {"angle": 0, "axis": "y", "origin": [8, 8.5, 13]},
			"faces": {
				"north": {"uv": [1, 0, 3, 2], "rotation": 270, "texture": "#0"},
				"east": {"uv": [1, 0, 3, 2], "rotation": 270, "texture": "#0"},
				"south": {"uv": [1, 0, 3, 2], "rotation": 270, "texture": "#0"},
				"west": {"uv": [1, 0, 3, 2], "rotation": 270, "texture": "#0"},
				"up": {"uv": [1, 0, 3, 2], "rotation": 270, "texture": "#0"},
				"down": {"uv": [1, 0, 3, 2], "rotation": 270, "texture": "#0"}
			}
		},
		{
			"from": [7.00502, 5.46655, 7],
			"to": [7.10502, 5.66655, 14],
			"rotation": {"angle": 0, "axis": "y", "origin": [7.75502, 8.51655, 19.9]},
			"faces": {
				"north": {"uv": [1, 0, 3, 2], "rotation": 270, "texture": "#0"},
				"east": {"uv": [1, 0, 3, 2], "rotation": 270, "texture": "#0"},
				"south": {"uv": [1, 0, 3, 2], "rotation": 270, "texture": "#0"},
				"west": {"uv": [1, 0, 3, 2], "rotation": 270, "texture": "#0"},
				"up": {"uv": [1, 0, 3, 2], "rotation": 270, "texture": "#0"},
				"down": {"uv": [1, 0, 3, 2], "rotation": 270, "texture": "#0"}
			}
		},
		{
			"from": [8.89498, 5.46655, 7],
			"to": [8.99498, 5.66655, 14],
			"rotation": {"angle": 0, "axis": "y", "origin": [8.24498, 8.51655, 19.9]},
			"faces": {
				"north": {"uv": [1, 2, 3, 0], "rotation": 270, "texture": "#0"},
				"east": {"uv": [1, 2, 3, 0], "rotation": 270, "texture": "#0"},
				"south": {"uv": [1, 2, 3, 0], "rotation": 270, "texture": "#0"},
				"west": {"uv": [1, 2, 3, 0], "rotation": 270, "texture": "#0"},
				"up": {"uv": [1, 2, 3, 0], "rotation": 270, "texture": "#0"},
				"down": {"uv": [1, 2, 3, 0], "rotation": 270, "texture": "#0"}
			}
		},
		{
			"from": [8.8, 5.3, -3.9],
			"to": [8.9, 5.5, 7.1],
			"rotation": {"angle": 0, "axis": "y", "origin": [8, 8.5, 13]},
			"faces": {
				"north": {"uv": [1, 2, 3, 0], "rotation": 270, "texture": "#0"},
				"east": {"uv": [1, 2, 3, 0], "rotation": 270, "texture": "#0"},
				"south": {"uv": [1, 2, 3, 0], "rotation": 270, "texture": "#0"},
				"west": {"uv": [1, 2, 3, 0], "rotation": 270, "texture": "#0"},
				"up": {"uv": [1, 2, 3, 0], "rotation": 270, "texture": "#0"},
				"down": {"uv": [1, 2, 3, 0], "rotation": 270, "texture": "#0"}
			}
		},
		{
			"from": [7.2, 5, -3.9],
			"to": [7.7, 5.7, 7.1],
			"rotation": {"angle": 0, "axis": "y", "origin": [8, 7, 13]},
			"faces": {
				"north": {"uv": [0, 0, 2.2, 2], "rotation": 270, "texture": "#0"},
				"east": {"uv": [0, 0, 2.2, 2], "rotation": 270, "texture": "#0"},
				"south": {"uv": [0, 0, 2.2, 2], "rotation": 270, "texture": "#0"},
				"west": {"uv": [0, 0, 2.2, 2], "rotation": 270, "texture": "#0"},
				"up": {"uv": [0, 0, 2.2, 2], "rotation": 270, "texture": "#0"},
				"down": {"uv": [0, 0, 2.2, 2], "rotation": 270, "texture": "#0"}
			}
		},
		{
			"from": [8.3, 5, -3.9],
			"to": [8.8, 5.7, 7.1],
			"rotation": {"angle": 0, "axis": "y", "origin": [8, 7, 13]},
			"faces": {
				"north": {"uv": [0, 2, 2.2, 0], "rotation": 270, "texture": "#0"},
				"east": {"uv": [0, 2, 2.2, 0], "rotation": 270, "texture": "#0"},
				"south": {"uv": [0, 2, 2.2, 0], "rotation": 270, "texture": "#0"},
				"west": {"uv": [0, 2, 2.2, 0], "rotation": 270, "texture": "#0"},
				"up": {"uv": [0, 2, 2.2, 0], "rotation": 270, "texture": "#0"},
				"down": {"uv": [0, 2, 2.2, 0], "rotation": 270, "texture": "#0"}
			}
		},
		{
			"from": [7.2, 3.6, -3.9],
			"to": [7.7, 4.3, 7.1],
			"rotation": {"angle": 0, "axis": "y", "origin": [8, 7, 13]},
			"faces": {
				"north": {"uv": [0, 0, 2.2, 2], "rotation": 270, "texture": "#0"},
				"east": {"uv": [0, 0, 2.2, 2], "rotation": 270, "texture": "#0"},
				"south": {"uv": [0, 0, 2.2, 2], "rotation": 270, "texture": "#0"},
				"west": {"uv": [0, 0, 2.2, 2], "rotation": 270, "texture": "#0"},
				"up": {"uv": [0, 0, 2.2, 2], "rotation": 270, "texture": "#0"},
				"down": {"uv": [0, 0, 2.2, 2], "rotation": 270, "texture": "#0"}
			}
		},
		{
			"from": [7.56066, 5.35355, 7],
			"to": [7.76066, 5.85355, 14],
			"rotation": {"angle": 45, "axis": "z", "origin": [8, 7, 13]},
			"faces": {
				"north": {"uv": [0, 0, 2.2, 2], "texture": "#0"},
				"east": {"uv": [0, 0, 2.2, 2], "texture": "#0"},
				"south": {"uv": [0, 0, 2.2, 2], "texture": "#0"},
				"west": {"uv": [0, 0, 2.2, 2], "texture": "#0"},
				"up": {"uv": [0, 0, 2.2, 2], "texture": "#0"},
				"down": {"uv": [0, 0, 2.2, 2], "texture": "#0"}
			}
		},
		{
			"from": [7.05, 4, 7],
			"to": [7.25, 5.7, 14],
			"rotation": {"angle": 0, "axis": "y", "origin": [8, 7, 13]},
			"faces": {
				"north": {"uv": [0, 0, 2.2, 2], "texture": "#0"},
				"east": {"uv": [0, 0, 2.2, 2], "texture": "#0"},
				"south": {"uv": [0, 0, 2.2, 2], "texture": "#0"},
				"west": {"uv": [0, 0, 2.2, 2], "texture": "#0"},
				"up": {"uv": [0, 0, 2.2, 2], "texture": "#0"},
				"down": {"uv": [0, 0, 2.2, 2], "texture": "#0"}
			}
		},
		{
			"from": [8.75, 4, 7],
			"to": [8.95, 5.7, 14],
			"rotation": {"angle": 0, "axis": "y", "origin": [8, 7, 13]},
			"faces": {
				"north": {"uv": [2.2, 0, 0, 2], "texture": "#0"},
				"east": {"uv": [2.2, 0, 0, 2], "texture": "#0"},
				"south": {"uv": [2.2, 0, 0, 2], "texture": "#0"},
				"west": {"uv": [2.2, 0, 0, 2], "texture": "#0"},
				"up": {"uv": [2.2, 0, 0, 2], "texture": "#0"},
				"down": {"uv": [2.2, 0, 0, 2], "texture": "#0"}
			}
		},
		{
			"from": [8.23934, 5.35355, 7],
			"to": [8.43934, 5.85355, 14],
			"rotation": {"angle": -45, "axis": "z", "origin": [8, 7, 13]},
			"faces": {
				"north": {"uv": [2.2, 0, 0, 2], "texture": "#0"},
				"east": {"uv": [2.2, 0, 0, 2], "texture": "#0"},
				"south": {"uv": [2.2, 0, 0, 2], "texture": "#0"},
				"west": {"uv": [2.2, 0, 0, 2], "texture": "#0"},
				"up": {"uv": [2.2, 0, 0, 2], "texture": "#0"},
				"down": {"uv": [2.2, 0, 0, 2], "texture": "#0"}
			}
		}
	],
	"overrides": [
		{
			"predicate": {
				"pulling": 1
			},
			"model": "item/crossbow_pulling_0"
		},
		{
			"predicate": {
				"pulling": 1,
				"pull": 0.58
			},
			"model": "item/crossbow_pulling_1"
		},
		{
			"predicate": {
				"pulling": 1,
				"pull": 1
			},
			"model": "item/crossbow_pulling_2"
		},
		{
			"predicate": {
				"charged": 1
			},
			"model": "item/crossbow_arrow"
		},
		{
			"predicate": {
				"charged": 1,
				"firework": 1
			},
			"model": "item/crossbow_firework"
		}
	],
	"display": {
		"thirdperson_righthand": {
			"translation": [-0.25, 4.25, -3.25]
		},
		"thirdperson_lefthand": {
			"translation": [-0.25, 4.5, -3.25]
		},
		"firstperson_righthand": {
			"rotation": [0, -10, 0],
			"translation": [1.75, 7.75, -2.75]
		},
		"firstperson_lefthand": {
			"rotation": [0, -10, 0],
			"translation": [1.5, 7.75, -2]
		},
		"ground": {
			"rotation": [0, 0, 90],
			"translation": [-5.5, 0.75, 0]
		},
		"gui": {
			"rotation": [-90, 133, 90],
			"translation": [3, 1.25, 0],
			"scale": [0.69, 0.69, 0.69]
		},
		"head": {
			"translation": [10.75, 3.25, -23.5],
			"scale": [4, 4, 4]
		},
		"fixed": {
			"rotation": [0, -90, 0],
			"translation": [2.25, 7.5, -3.5],
			"scale": [2, 2, 2]
		}
	}
}