{
	"credit": "Made with Blockbench",
	"textures": {
		"1": "./anvil",
		"2": "./iron_block",
		"3": "./laserpoint",
		"particle": "./iron_block"
	},
	"elements": [
		{
			"name": "deserteagle",
			"from": [7.6, 7.7, -15.4],
			"to": [8.4, 8.3, -9.6],
			"rotation": {"angle": 0, "axis": "y", "origin": [11.6, 7.1, -12.8]},
			"faces": {
				"north": {"uv": [7, 9.5, 9, 11], "rotation": 180, "texture": "#1"},
				"east": {"uv": [1.5, 9.5, 16, 11], "texture": "#1"},
				"south": {"uv": [7, 9.5, 9, 11], "rotation": 180, "texture": "#1"},
				"west": {"uv": [0, 9.5, 14.5, 11], "rotation": 180, "texture": "#1"},
				"up": {"uv": [9, 14.5, 7, 0], "texture": "#1"},
				"down": {"uv": [7, 0, 9, 14.5], "texture": "#1"}
			}
		},
		{
			"name": "deserteagle",
			"from": [7.6, 8.3, -12.8],
			"to": [8.4, 8.5, -9.6],
			"rotation": {"angle": 0, "axis": "y", "origin": [11.6, 7.7, -12.8]},
			"faces": {
				"north": {"uv": [7, 9.5, 9, 11], "rotation": 180, "texture": "#1"},
				"east": {"uv": [1.5, 9.5, 16, 11], "texture": "#1"},
				"south": {"uv": [7, 9.5, 9, 11], "rotation": 180, "texture": "#1"},
				"west": {"uv": [0, 9.5, 14.5, 11], "rotation": 180, "texture": "#1"},
				"up": {"uv": [9, 14.5, 7, 0], "texture": "#1"},
				"down": {"uv": [7, 0, 9, 14.5], "texture": "#1"}
			}
		},
		{
			"name": "deserteagle",
			"from": [7.8, 8.5, -9.9],
			"to": [8.2, 8.7, -9.6],
			"rotation": {"angle": 0, "axis": "y", "origin": [11.6, 7.9, -12.8]},
			"faces": {
				"north": {"uv": [7, 9.5, 9, 11], "rotation": 180, "texture": "#1"},
				"east": {"uv": [1.5, 9.5, 16, 11], "texture": "#1"},
				"south": {"uv": [7, 9.5, 9, 11], "rotation": 180, "texture": "#1"},
				"west": {"uv": [0, 9.5, 14.5, 11], "rotation": 180, "texture": "#1"},
				"up": {"uv": [9, 14.5, 7, 0], "texture": "#1"},
				"down": {"uv": [7, 0, 9, 14.5], "texture": "#1"}
			}
		},
		{
			"name": "deserteagle",
			"from": [7.8, 8.5, -15.3],
			"to": [8.2, 8.7, -12.3],
			"rotation": {"angle": 0, "axis": "y", "origin": [11.6, 7.9, -15.3]},
			"faces": {
				"north": {"uv": [7, 9.5, 9, 11], "rotation": 180, "texture": "#1"},
				"east": {"uv": [1.5, 9.5, 16, 11], "texture": "#1"},
				"south": {"uv": [7, 9.5, 9, 11], "rotation": 180, "texture": "#1"},
				"west": {"uv": [0, 9.5, 14.5, 11], "rotation": 180, "texture": "#1"},
				"up": {"uv": [9, 14.5, 7, 0], "texture": "#1"},
				"down": {"uv": [7, 0, 9, 14.5], "texture": "#1"}
			}
		},
		{
			"name": "deserteagle",
			"from": [7.06985, 11.13848, -9.9],
			"to": [7.36985, 11.33848, -9.6],
			"rotation": {"angle": 45, "axis": "z", "origin": [10.76985, 10.53848, -12.8]},
			"faces": {
				"north": {"uv": [7, 9.5, 9, 11], "rotation": 180, "texture": "#1"},
				"east": {"uv": [1.5, 9.5, 16, 11], "texture": "#1"},
				"south": {"uv": [7, 9.5, 9, 11], "rotation": 180, "texture": "#1"},
				"west": {"uv": [0, 9.5, 14.5, 11], "rotation": 180, "texture": "#1"},
				"up": {"uv": [9, 14.5, 7, 0], "texture": "#1"},
				"down": {"uv": [7, 0, 9, 14.5], "texture": "#1"}
			}
		},
		{
			"name": "deserteagle",
			"from": [7.52843, 10.2799, -12.8],
			"to": [7.82843, 10.4799, -10.2],
			"rotation": {"angle": 45, "axis": "z", "origin": [11.22843, 9.6799, -12.8]},
			"faces": {
				"north": {"uv": [7, 9.5, 9, 11], "rotation": 180, "texture": "#1"},
				"east": {"uv": [1.5, 9.5, 16, 11], "texture": "#1"},
				"south": {"uv": [7, 9.5, 9, 11], "rotation": 180, "texture": "#1"},
				"west": {"uv": [0, 9.5, 14.5, 11], "rotation": 180, "texture": "#1"},
				"up": {"uv": [9, 14.5, 7, 0], "texture": "#1"},
				"down": {"uv": [7, 0, 9, 14.5], "texture": "#1"}
			}
		},
		{
			"name": "deserteagle",
			"from": [8.17157, 10.2799, -12.8],
			"to": [8.47157, 10.4799, -10.2],
			"rotation": {"angle": -45, "axis": "z", "origin": [4.77157, 9.6799, -12.8]},
			"faces": {
				"north": {"uv": [9, 9.5, 7, 11], "rotation": 180, "texture": "#1"},
				"east": {"uv": [14.5, 9.5, 0, 11], "rotation": 180, "texture": "#1"},
				"south": {"uv": [9, 9.5, 7, 11], "rotation": 180, "texture": "#1"},
				"west": {"uv": [16, 9.5, 1.5, 11], "texture": "#1"},
				"up": {"uv": [7, 14.5, 9, 0], "texture": "#1"},
				"down": {"uv": [9, 0, 7, 14.5], "texture": "#1"}
			}
		},
		{
			"name": "deserteagle",
			"from": [8.63015, 11.13848, -9.9],
			"to": [8.93015, 11.33848, -9.6],
			"rotation": {"angle": -45, "axis": "z", "origin": [5.23015, 10.53848, -12.8]},
			"faces": {
				"north": {"uv": [9, 9.5, 7, 11], "rotation": 180, "texture": "#1"},
				"east": {"uv": [14.5, 9.5, 0, 11], "rotation": 180, "texture": "#1"},
				"south": {"uv": [9, 9.5, 7, 11], "rotation": 180, "texture": "#1"},
				"west": {"uv": [16, 9.5, 1.5, 11], "texture": "#1"},
				"up": {"uv": [7, 14.5, 9, 0], "texture": "#1"},
				"down": {"uv": [9, 0, 7, 14.5], "texture": "#1"}
			}
		},
		{
			"name": "deserteagle",
			"from": [8.63015, 11.13848, -15.3],
			"to": [8.93015, 11.33848, -12.3],
			"rotation": {"angle": -45, "axis": "z", "origin": [5.23015, 10.53848, -17.6]},
			"faces": {
				"north": {"uv": [9, 9.5, 7, 11], "rotation": 180, "texture": "#1"},
				"east": {"uv": [14.5, 9.5, 0, 11], "rotation": 180, "texture": "#1"},
				"south": {"uv": [9, 9.5, 7, 11], "rotation": 180, "texture": "#1"},
				"west": {"uv": [16, 9.5, 1.5, 11], "texture": "#1"},
				"up": {"uv": [7, 14.5, 9, 0], "texture": "#1"},
				"down": {"uv": [9, 0, 7, 14.5], "texture": "#1"}
			}
		},
		{
			"name": "deserteagle",
			"from": [7.06985, 11.13848, -15.3],
			"to": [7.36985, 11.33848, -12.3],
			"rotation": {"angle": 45, "axis": "z", "origin": [10.76985, 10.53848, -17.6]},
			"faces": {
				"north": {"uv": [7, 9.5, 9, 11], "rotation": 180, "texture": "#1"},
				"east": {"uv": [1.5, 9.5, 16, 11], "texture": "#1"},
				"south": {"uv": [7, 9.5, 9, 11], "rotation": 180, "texture": "#1"},
				"west": {"uv": [0, 9.5, 14.5, 11], "rotation": 180, "texture": "#1"},
				"up": {"uv": [9, 14.5, 7, 0], "texture": "#1"},
				"down": {"uv": [7, 0, 9, 14.5], "texture": "#1"}
			}
		},
		{
			"name": "deserteagle",
			"from": [7.8, 7.8, -12.3],
			"to": [8.2, 8.6, -9.9],
			"rotation": {"angle": 0, "axis": "y", "origin": [11.5, 7.1, -7.9]},
			"faces": {
				"north": {"uv": [0, 0, 16, 16], "texture": "#2"},
				"east": {"uv": [0, 0, 16, 16], "texture": "#2"},
				"south": {"uv": [0, 0, 16, 16], "texture": "#2"},
				"west": {"uv": [0, 0, 16, 16], "texture": "#2"},
				"up": {"uv": [0, 0, 16, 16], "texture": "#2"},
				"down": {"uv": [0, 0, 16, 16], "texture": "#2"}
			}
		},
		{
			"name": "deserteagle",
			"from": [7.69411, 11.17279, -12.3],
			"to": [7.89411, 11.37279, -9.9],
			"rotation": {"angle": 45, "axis": "z", "origin": [11.19411, 9.87279, -7.9]},
			"faces": {
				"north": {"uv": [0, 0, 16, 16], "texture": "#2"},
				"east": {"uv": [0, 0, 16, 16], "texture": "#2"},
				"south": {"uv": [0, 0, 16, 16], "texture": "#2"},
				"west": {"uv": [0, 0, 16, 16], "texture": "#2"},
				"up": {"uv": [0, 0, 16, 16], "texture": "#2"},
				"down": {"uv": [0, 0, 16, 16], "texture": "#2"}
			}
		},
		{
			"name": "deserteagle",
			"from": [8.10589, 11.17279, -12.3],
			"to": [8.30589, 11.37279, -9.9],
			"rotation": {"angle": -45, "axis": "z", "origin": [4.80589, 9.87279, -7.9]},
			"faces": {
				"north": {"uv": [16, 0, 0, 16], "texture": "#2"},
				"east": {"uv": [16, 0, 0, 16], "texture": "#2"},
				"south": {"uv": [16, 0, 0, 16], "texture": "#2"},
				"west": {"uv": [16, 0, 0, 16], "texture": "#2"},
				"up": {"uv": [16, 0, 0, 16], "texture": "#2"},
				"down": {"uv": [16, 0, 0, 16], "texture": "#2"}
			}
		},
		{
			"name": "deserteagle",
			"from": [8.15, 8.1, -9.6],
			"to": [8.25, 8.6, -9.5],
			"rotation": {"angle": 0, "axis": "y", "origin": [11.6, 7.2, -10.9]},
			"faces": {
				"north": {"uv": [7, 9.5, 9, 11], "rotation": 180, "texture": "#1"},
				"east": {"uv": [1.5, 9.5, 16, 11], "texture": "#1"},
				"south": {"uv": [7, 9.5, 9, 11], "rotation": 180, "texture": "#1"},
				"west": {"uv": [0, 9.5, 14.5, 11], "rotation": 180, "texture": "#1"},
				"up": {"uv": [9, 14.5, 7, 0], "texture": "#1"},
				"down": {"uv": [7, 0, 9, 14.5], "texture": "#1"}
			}
		},
		{
			"name": "deserteagle",
			"from": [7.75, 8.1, -9.6],
			"to": [7.85, 8.6, -9.5],
			"rotation": {"angle": 0, "axis": "y", "origin": [11.2, 7.2, -10.9]},
			"faces": {
				"north": {"uv": [7, 9.5, 9, 11], "rotation": 180, "texture": "#1"},
				"east": {"uv": [1.5, 9.5, 16, 11], "texture": "#1"},
				"south": {"uv": [7, 9.5, 9, 11], "rotation": 180, "texture": "#1"},
				"west": {"uv": [0, 9.5, 14.5, 11], "rotation": 180, "texture": "#1"},
				"up": {"uv": [9, 14.5, 7, 0], "texture": "#1"},
				"down": {"uv": [7, 0, 9, 14.5], "texture": "#1"}
			}
		},
		{
			"name": "deserteagle",
			"from": [7.85, 8.1, -9.6],
			"to": [8.15, 8.2, -9.5],
			"rotation": {"angle": 0, "axis": "y", "origin": [11.3, 7.1, -10.9]},
			"faces": {
				"north": {"uv": [7, 9.5, 9, 11], "rotation": 180, "texture": "#1"},
				"east": {"uv": [1.5, 9.5, 16, 11], "texture": "#1"},
				"south": {"uv": [7, 9.5, 9, 11], "rotation": 180, "texture": "#1"},
				"west": {"uv": [0, 9.5, 14.5, 11], "rotation": 180, "texture": "#1"},
				"up": {"uv": [9, 14.5, 7, 0], "texture": "#1"},
				"down": {"uv": [7, 0, 9, 14.5], "texture": "#1"}
			}
		},
		{
			"name": "deserteagle",
			"from": [7.9, 7.8, -9.6],
			"to": [8.1, 8, -9.5],
			"rotation": {"angle": 0, "axis": "y", "origin": [11.4, 6.8, -10.9]},
			"faces": {
				"north": {"uv": [7, 9.5, 9, 11], "rotation": 180, "texture": "#1"},
				"east": {"uv": [1.5, 9.5, 16, 11], "texture": "#1"},
				"south": {"uv": [7, 9.5, 9, 11], "rotation": 180, "texture": "#1"},
				"west": {"uv": [0, 9.5, 14.5, 11], "rotation": 180, "texture": "#1"},
				"up": {"uv": [9, 14.5, 7, 0], "texture": "#1"},
				"down": {"uv": [7, 0, 9, 14.5], "texture": "#1"}
			}
		},
		{
			"name": "deserteagle",
			"from": [7.85, 8.5, -9.6],
			"to": [8.15, 8.6, -9.5],
			"rotation": {"angle": 0, "axis": "y", "origin": [11.3, 7.5, -10.9]},
			"faces": {
				"north": {"uv": [7, 9.5, 9, 11], "rotation": 180, "texture": "#1"},
				"east": {"uv": [1.5, 9.5, 16, 11], "texture": "#1"},
				"south": {"uv": [7, 9.5, 9, 11], "rotation": 180, "texture": "#1"},
				"west": {"uv": [0, 9.5, 14.5, 11], "rotation": 180, "texture": "#1"},
				"up": {"uv": [9, 14.5, 7, 0], "texture": "#1"},
				"down": {"uv": [7, 0, 9, 14.5], "texture": "#1"}
			}
		},
		{
			"name": "deserteagle",
			"from": [7.6, 8.3, -15.4],
			"to": [8.4, 8.5, -12.4],
			"rotation": {"angle": 0, "axis": "y", "origin": [11.6, 7.1, -12.8]},
			"faces": {
				"north": {"uv": [7, 11, 9, 11.5], "rotation": 180, "texture": "#1", "cullface": "west"},
				"east": {"uv": [1.5, 11, 9, 11.5], "texture": "#1", "cullface": "west"},
				"south": {"uv": [7, 11, 9, 11.5], "rotation": 180, "texture": "#1", "cullface": "west"},
				"west": {"uv": [7, 11, 14.5, 11.5], "rotation": 180, "texture": "#1", "cullface": "west"},
				"up": {"uv": [9, 14.5, 7, 7], "texture": "#1", "cullface": "west"},
				"down": {"uv": [0, 0, 0, 0], "texture": "#1"}
			}
		},
		{
			"name": "deserteagle",
			"from": [7.6, 7.5, -15.8],
			"to": [8.4, 7.7, -12.4],
			"rotation": {"angle": 0, "axis": "y", "origin": [11.6, 7.1, -12.8]},
			"faces": {
				"north": {"uv": [7, 9, 9, 9.5], "rotation": 180, "texture": "#1", "cullface": "west"},
				"east": {"uv": [0.5, 9, 9, 9.5], "texture": "#1", "cullface": "west"},
				"south": {"uv": [7, 9, 9, 9.5], "rotation": 180, "texture": "#1", "cullface": "west"},
				"west": {"uv": [7, 9, 15.5, 9.5], "rotation": 180, "texture": "#1", "cullface": "west"},
				"up": {"uv": [9, 15.5, 7, 7], "texture": "#1", "cullface": "west"},
				"down": {"uv": [7, 7, 9, 15.5], "texture": "#1", "cullface": "west"}
			}
		},
		{
			"name": "deserteagle",
			"from": [7.8, 7.10273, -12.79727],
			"to": [8.2, 7.50273, -12.59727],
			"rotation": {"angle": 0, "axis": "y", "origin": [11.6, 6.90273, -12.79727]},
			"faces": {
				"north": {"uv": [7, 8.5, 9, 9], "rotation": 180, "texture": "#1", "cullface": "west"},
				"east": {"uv": [7, 8.5, 9, 9], "rotation": 180, "texture": "#1", "cullface": "west"},
				"south": {"uv": [7, 8.5, 9, 9], "rotation": 180, "texture": "#1", "cullface": "west"},
				"west": {"uv": [7, 8.5, 9, 9], "rotation": 180, "texture": "#1", "cullface": "west"},
				"up": {"uv": [7, 8.5, 9, 9], "rotation": 180, "texture": "#1", "cullface": "west"},
				"down": {"uv": [7, 8.5, 9, 9], "rotation": 180, "texture": "#1", "cullface": "west"}
			}
		},
		{
			"name": "deserteagle",
			"from": [7.6, 7.3, -15.2],
			"to": [8.4, 7.5, -13.6],
			"rotation": {"angle": 0, "axis": "y", "origin": [11.6, 7.1, -12.8]},
			"faces": {
				"north": {"uv": [7, 8.5, 9, 9], "rotation": 180, "texture": "#1", "cullface": "west"},
				"east": {"uv": [2, 8.5, 6, 9], "texture": "#1", "cullface": "west"},
				"south": {"uv": [7, 8.5, 9, 9], "rotation": 180, "texture": "#1", "cullface": "west"},
				"west": {"uv": [10, 8.5, 14, 9], "rotation": 180, "texture": "#1", "cullface": "west"},
				"up": {"uv": [0, 0, 0, 0], "texture": "#1"},
				"down": {"uv": [7, 10, 9, 14], "texture": "#1", "cullface": "west"}
			}
		},
		{
			"name": "deserteagle",
			"from": [7.6, 6.9, -15],
			"to": [8.4, 7.3, -13.6],
			"rotation": {"angle": 0, "axis": "y", "origin": [11.6, 7.1, -12.8]},
			"faces": {
				"north": {"uv": [7, 7.5, 9, 8.5], "rotation": 180, "texture": "#1", "cullface": "west"},
				"east": {"uv": [2.5, 7.5, 6, 8.5], "texture": "#1", "cullface": "west"},
				"south": {"uv": [7, 7.5, 9, 8.5], "rotation": 180, "texture": "#1", "cullface": "west"},
				"west": {"uv": [10, 7.5, 13.5, 8.5], "rotation": 180, "texture": "#1", "cullface": "west"},
				"up": {"uv": [0, 0, 0, 0], "texture": "#1"},
				"down": {"uv": [7, 10, 9, 13.5], "texture": "#1", "cullface": "west"}
			}
		},
		{
			"name": "deserteagle",
			"from": [7.6, 6.7, -15],
			"to": [8.4, 6.9, -13.8],
			"rotation": {"angle": 0, "axis": "x", "origin": [11.6, 7.1, -12.8]},
			"faces": {
				"north": {"uv": [7, 7, 9, 7.5], "rotation": 180, "texture": "#1", "cullface": "west"},
				"east": {"uv": [2.5, 7, 5.5, 7.5], "texture": "#1", "cullface": "west"},
				"south": {"uv": [7, 7, 9, 7.5], "rotation": 180, "texture": "#1", "cullface": "west"},
				"west": {"uv": [10.5, 7, 13.5, 7.5], "rotation": 180, "texture": "#1", "cullface": "west"},
				"up": {"uv": [0, 0, 0, 0], "texture": "#1"},
				"down": {"uv": [7, 10.5, 9, 13.5], "texture": "#1", "cullface": "west"}
			}
		},
		{
			"name": "deserteagle",
			"from": [7.6, 5.3, -15.2],
			"to": [8.4, 6.7, -14],
			"rotation": {"angle": 0, "axis": "y", "origin": [11.6, 7.1, -12.8]},
			"faces": {
				"north": {"uv": [7, 3.5, 9, 7], "rotation": 180, "texture": "#1", "cullface": "west"},
				"east": {"uv": [2, 3.5, 5, 7], "texture": "#1", "cullface": "west"},
				"south": {"uv": [7, 3.5, 9, 7], "rotation": 180, "texture": "#1", "cullface": "west"},
				"west": {"uv": [11, 3.5, 14, 7], "rotation": 180, "texture": "#1", "cullface": "west"},
				"up": {"uv": [9, 14, 7, 11], "texture": "#1", "cullface": "west"},
				"down": {"uv": [7, 11, 9, 14], "texture": "#1", "cullface": "west"}
			}
		},
		{
			"name": "deserteagle",
			"from": [7.8, 8.7, -15],
			"to": [8.2, 8.9, -14.8],
			"rotation": {"angle": 0, "axis": "y", "origin": [11.6, 7.1, -12.8]},
			"faces": {
				"north": {"uv": [7, 12, 9, 12.5], "rotation": 180, "texture": "#1", "cullface": "west"},
				"east": {"uv": [2.5, 12, 3, 12.5], "texture": "#1", "cullface": "west"},
				"south": {"uv": [7, 12, 9, 12.5], "rotation": 180, "texture": "#1", "cullface": "west"},
				"west": {"uv": [13, 12, 13.5, 12.5], "rotation": 180, "texture": "#1", "cullface": "west"},
				"up": {"uv": [9, 13.5, 7, 13], "texture": "#1", "cullface": "west"},
				"down": {"uv": [0, 0, 0, 0], "texture": "#1"}
			}
		},
		{
			"name": "deserteagle",
			"from": [7.6, 5.3, -15.4],
			"to": [8.4, 6.1, -15.2],
			"rotation": {"angle": 0, "axis": "y", "origin": [11.6, 7.1, -12.8]},
			"faces": {
				"north": {"uv": [7, 3.5, 9, 5.5], "rotation": 180, "texture": "#1", "cullface": "west"},
				"east": {"uv": [1.5, 3.5, 2, 5.5], "texture": "#1", "cullface": "west"},
				"south": {"uv": [0, 0, 0, 0], "texture": "#1"},
				"west": {"uv": [14, 3.5, 14.5, 5.5], "rotation": 180, "texture": "#1", "cullface": "west"},
				"up": {"uv": [9, 14.5, 7, 14], "texture": "#1", "cullface": "west"},
				"down": {"uv": [7, 14, 9, 14.5], "texture": "#1", "cullface": "west"}
			}
		},
		{
			"name": "deserteagle",
			"from": [7.6, 7.7, -15.6],
			"to": [8.4, 7.9, -15.4],
			"rotation": {"angle": 0, "axis": "y", "origin": [11.6, 7.1, -12.8]},
			"faces": {
				"north": {"uv": [7, 9.5, 9, 10], "rotation": 180, "texture": "#1", "cullface": "west"},
				"east": {"uv": [1, 9.5, 1.5, 10], "texture": "#1", "cullface": "west"},
				"south": {"uv": [0, 0, 0, 0], "texture": "#1"},
				"west": {"uv": [14.5, 9.5, 15, 10], "rotation": 180, "texture": "#1", "cullface": "west"},
				"up": {"uv": [9, 15, 7, 14.5], "texture": "#1", "cullface": "west"},
				"down": {"uv": [0, 0, 0, 0], "texture": "#1"}
			}
		},
		{
			"name": "deserteagle",
			"from": [7.8, 7.5, -12.4],
			"to": [8.2, 7.7, -10.2],
			"rotation": {"angle": 0, "axis": "y", "origin": [11.6, 7.1, -12.8]},
			"faces": {
				"north": {"uv": [0, 0, 0, 0], "texture": "#1"},
				"east": {"uv": [9, 9, 14.5, 9.5], "texture": "#1", "cullface": "west"},
				"south": {"uv": [7.5, 9, 8.5, 9.5], "rotation": 180, "texture": "#1", "cullface": "west"},
				"west": {"uv": [1.5, 9, 7, 9.5], "rotation": 180, "texture": "#1", "cullface": "west"},
				"up": {"uv": [0, 0, 0, 0], "texture": "#1"},
				"down": {"uv": [7.5, 1.5, 8.5, 7], "texture": "#1", "cullface": "west"}
			}
		},
		{
			"name": "deserteagle",
			"from": [7.8, 7.1, -11.8],
			"to": [8.2, 7.5, -10.4],
			"rotation": {"angle": 0, "axis": "y", "origin": [11.6, 6.9, -13]},
			"faces": {
				"north": {"uv": [0, 14, 6, 16], "texture": "#1", "cullface": "west"},
				"east": {"uv": [0, 14, 6, 16], "texture": "#1", "cullface": "west"},
				"south": {"uv": [0, 14, 2, 16], "texture": "#3", "cullface": "west"},
				"west": {"uv": [0, 14, 6, 16], "texture": "#1", "cullface": "west"},
				"up": {"uv": [0, 14, 6, 16], "texture": "#1", "cullface": "west"},
				"down": {"uv": [0, 10, 2, 16], "texture": "#1", "cullface": "west"}
			}
		},
		{
			"name": "deserteagle",
			"from": [7.95, 7.25, -10.8],
			"to": [8.05, 7.35, 32],
			"rotation": {"angle": 0, "axis": "y", "origin": [11.6, 6.9, -12]},
			"faces": {
				"north": {"uv": [0, 14, 2, 16], "texture": "#3", "cullface": "west"},
				"east": {"uv": [0, 14, 2, 16], "texture": "#3", "cullface": "west"},
				"south": {"uv": [0, 14, 2, 16], "texture": "#3", "cullface": "west"},
				"west": {"uv": [0, 14, 2, 16], "texture": "#3", "cullface": "west"},
				"up": {"uv": [0, 14, 2, 16], "texture": "#3", "cullface": "west"},
				"down": {"uv": [0, 14, 2, 16], "texture": "#3", "cullface": "west"}
			}
		},
		{
			"name": "deserteagle",
			"from": [7.8, 7.1, -10.4],
			"to": [7.9, 7.5, -10.3],
			"rotation": {"angle": 0, "axis": "y", "origin": [11.6, 6.9, -11.6]},
			"faces": {
				"north": {"uv": [0, 14, 6, 16], "texture": "#1", "cullface": "west"},
				"east": {"uv": [0, 14, 6, 16], "texture": "#1", "cullface": "west"},
				"south": {"uv": [0, 14, 2, 16], "texture": "#1", "cullface": "west"},
				"west": {"uv": [0, 14, 6, 16], "texture": "#1", "cullface": "west"},
				"up": {"uv": [0, 14, 6, 16], "texture": "#1", "cullface": "west"},
				"down": {"uv": [0, 10, 2, 16], "texture": "#1", "cullface": "west"}
			}
		},
		{
			"name": "deserteagle",
			"from": [8.1, 7.1, -10.4],
			"to": [8.2, 7.5, -10.3],
			"rotation": {"angle": 0, "axis": "y", "origin": [11.9, 6.9, -11.6]},
			"faces": {
				"north": {"uv": [0, 14, 6, 16], "texture": "#1", "cullface": "west"},
				"east": {"uv": [0, 14, 6, 16], "texture": "#1", "cullface": "west"},
				"south": {"uv": [0, 14, 2, 16], "texture": "#1", "cullface": "west"},
				"west": {"uv": [0, 14, 6, 16], "texture": "#1", "cullface": "west"},
				"up": {"uv": [0, 14, 6, 16], "texture": "#1", "cullface": "west"},
				"down": {"uv": [0, 10, 2, 16], "texture": "#1", "cullface": "west"}
			}
		},
		{
			"name": "deserteagle",
			"from": [7.9, 7.4, -10.4],
			"to": [8.1, 7.5, -10.3],
			"rotation": {"angle": 0, "axis": "y", "origin": [11.7, 6.9, -11.6]},
			"faces": {
				"north": {"uv": [0, 14, 6, 16], "texture": "#1", "cullface": "west"},
				"east": {"uv": [0, 14, 6, 16], "texture": "#1", "cullface": "west"},
				"south": {"uv": [0, 14, 2, 16], "texture": "#1", "cullface": "west"},
				"west": {"uv": [0, 14, 6, 16], "texture": "#1", "cullface": "west"},
				"up": {"uv": [0, 14, 6, 16], "texture": "#1", "cullface": "west"},
				"down": {"uv": [0, 10, 2, 16], "texture": "#1", "cullface": "west"}
			}
		},
		{
			"name": "deserteagle",
			"from": [7.9, 7.1, -10.4],
			"to": [8.1, 7.2, -10.3],
			"rotation": {"angle": 0, "axis": "y", "origin": [11.7, 6.6, -11.6]},
			"faces": {
				"north": {"uv": [0, 14, 6, 16], "texture": "#1", "cullface": "west"},
				"east": {"uv": [0, 14, 6, 16], "texture": "#1", "cullface": "west"},
				"south": {"uv": [0, 14, 2, 16], "texture": "#1", "cullface": "west"},
				"west": {"uv": [0, 14, 6, 16], "texture": "#1", "cullface": "west"},
				"up": {"uv": [0, 14, 6, 16], "texture": "#1", "cullface": "west"},
				"down": {"uv": [0, 10, 2, 16], "texture": "#1", "cullface": "west"}
			}
		},
		{
			"name": "deserteagle",
			"from": [7.8, 6.68854, -9.87946],
			"to": [8.2, 6.88854, -9.27946],
			"rotation": {"angle": -22.5, "axis": "x", "origin": [11.6, 6.28854, -12.07946]},
			"faces": {
				"north": {"uv": [0, 0, 0, 0], "texture": "#1"},
				"east": {"uv": [9, 9, 14.5, 9.5], "texture": "#1", "cullface": "west"},
				"south": {"uv": [7.5, 9, 8.5, 9.5], "rotation": 180, "texture": "#1", "cullface": "west"},
				"west": {"uv": [1.5, 9, 7, 9.5], "rotation": 180, "texture": "#1", "cullface": "west"},
				"up": {"uv": [0, 0, 0, 0], "texture": "#1"},
				"down": {"uv": [7.5, 1.5, 8.5, 7], "texture": "#1", "cullface": "west"}
			}
		},
		{
			"name": "deserteagle",
			"from": [7.8, 6.85307, -13.03045],
			"to": [8.2, 7.05307, -12.83045],
			"rotation": {"angle": -22.5, "axis": "x", "origin": [11.6, 6.85307, -12.63045]},
			"faces": {
				"north": {"uv": [3, 3, 4, 4], "texture": "#1", "cullface": "west"},
				"east": {"uv": [3, 3, 4, 4], "texture": "#1", "cullface": "west"},
				"south": {"uv": [3, 3, 4, 4], "texture": "#1", "cullface": "west"},
				"west": {"uv": [3, 3, 4, 4], "texture": "#1", "cullface": "west"},
				"up": {"uv": [3, 3, 4, 4], "texture": "#1", "cullface": "west"},
				"down": {"uv": [3, 3, 4, 4], "texture": "#1", "cullface": "west"}
			}
		},
		{
			"name": "deserteagle",
			"from": [7.8, 7.05938, -12.93238],
			"to": [8.2, 7.25938, -12.73238],
			"rotation": {"angle": -45, "axis": "x", "origin": [11.6, 7.05938, -12.53238]},
			"faces": {
				"north": {"uv": [3, 3, 4, 4], "texture": "#1", "cullface": "west"},
				"east": {"uv": [3, 3, 4, 4], "texture": "#1", "cullface": "west"},
				"south": {"uv": [3, 3, 4, 4], "texture": "#1", "cullface": "west"},
				"west": {"uv": [3, 3, 4, 4], "texture": "#1", "cullface": "west"},
				"up": {"uv": [3, 3, 4, 4], "texture": "#1", "cullface": "west"},
				"down": {"uv": [3, 3, 4, 4], "texture": "#1", "cullface": "west"}
			}
		},
		{
			"name": "deserteagle",
			"from": [7.9, 7.25938, -13.33238],
			"to": [8.1, 7.45938, -13.13238],
			"rotation": {"angle": -45, "axis": "x", "origin": [11.7, 7.25938, -12.93238]},
			"faces": {
				"north": {"uv": [7.5, 8, 8.5, 8.5], "rotation": 180, "texture": "#1", "cullface": "west"},
				"east": {"uv": [7.5, 7, 8, 8], "rotation": 270, "texture": "#1", "cullface": "west"},
				"south": {"uv": [8.5, 8.5, 7.5, 8], "texture": "#1", "cullface": "west"},
				"west": {"uv": [8, 7, 8.5, 8], "rotation": 270, "texture": "#1", "cullface": "west"},
				"up": {"uv": [7.5, 7, 8.5, 8], "texture": "#1", "cullface": "west"},
				"down": {"uv": [0, 0, 0, 0], "texture": "#1", "cullface": "west"}
			}
		},
		{
			"name": "deserteagle",
			"from": [7.9, 7.27103, -13.38709],
			"to": [8.1, 7.47103, -13.18709],
			"rotation": {"angle": -22.5, "axis": "x", "origin": [11.7, 7.27103, -12.98709]},
			"faces": {
				"north": {"uv": [7.5, 8, 8.5, 8.5], "rotation": 180, "texture": "#1", "cullface": "west"},
				"east": {"uv": [7.5, 7, 8, 8], "rotation": 270, "texture": "#1", "cullface": "west"},
				"south": {"uv": [8.5, 8.5, 7.5, 8], "texture": "#1", "cullface": "west"},
				"west": {"uv": [8, 7, 8.5, 8], "rotation": 270, "texture": "#1", "cullface": "west"},
				"up": {"uv": [7.5, 7, 8.5, 8], "texture": "#1", "cullface": "west"},
				"down": {"uv": [0, 0, 0, 0], "texture": "#1", "cullface": "west"}
			}
		},
		{
			"name": "deserteagle",
			"from": [7.9, 7.30273, -13.43318],
			"to": [8.1, 7.50273, -13.23318],
			"rotation": {"angle": 0, "axis": "x", "origin": [11.7, 7.30273, -13.03318]},
			"faces": {
				"north": {"uv": [7.5, 8, 8.5, 8.5], "rotation": 180, "texture": "#1", "cullface": "west"},
				"east": {"uv": [7.5, 7, 8, 8], "rotation": 270, "texture": "#1", "cullface": "west"},
				"south": {"uv": [8.5, 8.5, 7.5, 8], "texture": "#1", "cullface": "west"},
				"west": {"uv": [8, 7, 8.5, 8], "rotation": 270, "texture": "#1", "cullface": "west"},
				"up": {"uv": [7.5, 7, 8.5, 8], "texture": "#1", "cullface": "west"},
				"down": {"uv": [0, 0, 0, 0], "texture": "#1", "cullface": "west"}
			}
		},
		{
			"name": "deserteagle",
			"from": [7.8, 6.88751, -12.72073],
			"to": [8.2, 7.08751, -12.52073],
			"rotation": {"angle": 22.5, "axis": "x", "origin": [11.6, 7.28751, -12.52073]},
			"faces": {
				"north": {"uv": [4, 3, 5, 4], "texture": "#1", "cullface": "west"},
				"east": {"uv": [4, 3, 5, 4], "texture": "#1", "cullface": "west"},
				"south": {"uv": [4, 3, 5, 4], "texture": "#1", "cullface": "west"},
				"west": {"uv": [4, 3, 5, 4], "texture": "#1", "cullface": "west"},
				"up": {"uv": [4, 3, 5, 4], "texture": "#1", "cullface": "west"},
				"down": {"uv": [4, 3, 5, 4], "texture": "#1", "cullface": "west"}
			}
		},
		{
			"name": "deserteagle",
			"from": [7.8, 6.7, -13.8],
			"to": [8.2, 6.9, -13],
			"rotation": {"angle": 0, "axis": "y", "origin": [11.6, 7.1, -12.8]},
			"faces": {
				"north": {"uv": [0, 0, 0, 0], "texture": "#1"},
				"east": {"uv": [5.5, 7, 7.5, 7.5], "texture": "#1", "cullface": "west"},
				"south": {"uv": [0, 0, 0, 0], "texture": "#1"},
				"west": {"uv": [8.5, 7, 10.5, 7.5], "rotation": 180, "texture": "#1", "cullface": "west"},
				"up": {"uv": [8.5, 10.5, 7.5, 8.5], "texture": "#1", "cullface": "west"},
				"down": {"uv": [7.5, 8.5, 8.5, 10.5], "texture": "#1", "cullface": "west"}
			}
		},
		{
			"name": "deserteagle",
			"from": [7.8, 6.1, -14],
			"to": [8.2, 6.7, -13.8],
			"rotation": {"angle": 0, "axis": "y", "origin": [11.6, 7.1, -12.8]},
			"faces": {
				"north": {"uv": [0, 0, 0, 0], "texture": "#1"},
				"east": {"uv": [5, 5.5, 5.5, 7], "texture": "#1", "cullface": "west"},
				"south": {"uv": [7.5, 5.5, 8.5, 7], "rotation": 180, "texture": "#1", "cullface": "west"},
				"west": {"uv": [10.5, 5.5, 11, 7], "rotation": 180, "texture": "#1", "cullface": "west"},
				"up": {"uv": [0, 0, 0, 0], "texture": "#1"},
				"down": {"uv": [0, 0, 0, 0], "texture": "#1"}
			}
		},
		{
			"name": "deserteagle",
			"from": [7.8, 5.3, -14],
			"to": [8.2, 6.1, -13.8],
			"rotation": {"angle": 0, "axis": "y", "origin": [11.6, 7.1, -12.8]},
			"faces": {
				"north": {"uv": [0, 0, 0, 0], "texture": "#1"},
				"east": {"uv": [5, 10.5, 5.5, 12.5], "texture": "#1", "cullface": "west"},
				"south": {"uv": [7.5, 10.5, 8.5, 12.5], "texture": "#1", "cullface": "west"},
				"west": {"uv": [5, 10.5, 5.5, 12.5], "texture": "#1", "cullface": "west"},
				"up": {"uv": [0, 0, 0, 0], "texture": "#1"},
				"down": {"uv": [7.5, 5, 8.5, 5.5], "texture": "#1", "cullface": "west"}
			}
		},
		{
			"name": "deserteagle",
			"from": [7.8, 8.3, -15.8],
			"to": [8.2, 8.5, -15.4],
			"rotation": {"angle": 0, "axis": "y", "origin": [11.6, 7.1, -12.8]},
			"faces": {
				"north": {"uv": [7.5, 11, 8.5, 11.5], "rotation": 180, "texture": "#1", "cullface": "west"},
				"east": {"uv": [0.5, 11, 1.5, 11.5], "texture": "#1", "cullface": "west"},
				"south": {"uv": [0, 0, 0, 0], "texture": "#1"},
				"west": {"uv": [14.5, 11, 15.5, 11.5], "rotation": 180, "texture": "#1", "cullface": "west"},
				"up": {"uv": [8.5, 15.5, 7.5, 14.5], "texture": "#1", "cullface": "west"},
				"down": {"uv": [7.5, 14.5, 8.5, 15.5], "texture": "#1", "cullface": "west"}
			}
		},
		{
			"name": "deserteagle",
			"from": [7.8, 7.9, -15.6],
			"to": [8.2, 8.3, -15.4],
			"rotation": {"angle": 0, "axis": "y", "origin": [11.6, 7.1, -12.8]},
			"faces": {
				"north": {"uv": [7.5, 10, 8.5, 11], "rotation": 180, "texture": "#1", "cullface": "west"},
				"east": {"uv": [1, 10, 1.5, 11], "texture": "#1", "cullface": "west"},
				"south": {"uv": [0, 0, 0, 0], "texture": "#1"},
				"west": {"uv": [14.5, 10, 15, 11], "rotation": 180, "texture": "#1", "cullface": "west"},
				"up": {"uv": [0, 0, 0, 0], "texture": "#1"},
				"down": {"uv": [0, 0, 0, 0], "texture": "#1"}
			}
		},
		{
			"name": "deserteagle",
			"from": [7.8, 7.5, -16],
			"to": [8.2, 7.7, -15.8],
			"rotation": {"angle": 0, "axis": "y", "origin": [11.6, 7.1, -12.8]},
			"faces": {
				"north": {"uv": [7.5, 9, 8.5, 9.5], "rotation": 180, "texture": "#1", "cullface": "west"},
				"east": {"uv": [0, 9, 0.5, 9.5], "texture": "#1", "cullface": "west"},
				"south": {"uv": [0, 0, 0, 0], "texture": "#1"},
				"west": {"uv": [15.5, 9, 16, 9.5], "rotation": 180, "texture": "#1", "cullface": "west"},
				"up": {"uv": [8.5, 16, 7.5, 15.5], "texture": "#1", "cullface": "west"},
				"down": {"uv": [7.5, 15.5, 8.5, 16], "texture": "#1", "cullface": "west"}
			}
		}
	],
	"overrides": [
		{
			"predicate": {
				"pulling": 1
			},
			"model": "item/bow_pulling_0"
		},
		{
			"predicate": {
				"pulling": 1,
				"pull": 0.65
			},
			"model": "item/bow_pulling_1"
		},
		{
			"predicate": {
				"pulling": 1,
				"pull": 0.9
			},
			"model": "item/bow_pulling_2"
		}
	],
	"display": {
		"thirdperson_righthand": {
			"rotation": [1, 180, 0],
			"translation": [-0.5, 1.5, -33.3],
			"scale": [1.6, 1.6, 1.6]
		},
		"thirdperson_lefthand": {
			"rotation": [1, 180, 0],
			"translation": [-0.5, 1.5, -33.3],
			"scale": [1.6, 1.6, 1.6]
		},
		"firstperson_righthand": {
			"rotation": [17, -166, -1],
			"translation": [-5.75, 9.25, -17.25]
		},
		"firstperson_lefthand": {
			"rotation": [17, 168, 1],
			"translation": [7, 8.75, -17.5]
		},
		"ground": {
			"rotation": [0, 0, 90],
			"translation": [-1.25, -1, 34],
			"scale": [1.6, 1.6, 1.6]
		},
		"gui": {
			"rotation": [-90, -45, -90],
			"translation": [-28.75, 30, 0],
			"scale": [2, 2, 2]
		},
		"head": {
			"rotation": [0, -180, 0],
			"translation": [0, 2, -80],
			"scale": [4, 4, 4]
		},
		"fixed": {
			"rotation": [0, -90, 0],
			"translation": [-32.25, 0.7, -0.5],
			"scale": [1.5, 1.5, 1.5]
		}
	},
	"groups": [
		{
			"name": "desert_eagle",
			"origin": [8, 8, 8],
			"children": [0, 1, 2, 3, 4, 5, 6, 7, 8, 9, 10, 11, 12, 13, 14, 15, 16, 17, 18, 19, 20, 21, 22, 23, 24, 25, 26, 27, 28, 29, 30, 31, 32, 33, 34, 35, 36, 37, 38, 39, 40, 41, 42, 43, 44, 45, 46, 47]
		}
	]
}