{
	"credit": "Made with Blockbench",
	"textures": {
		"0": "modeltextures/acacia_planks",
		"1": "modeltextures/black_concrete",
		"2": "modeltextures/clay",
		"particle": "modeltextures/black_concrete"
	},
	"elements": [
		{
			"from": [7.66, 4.95521, 2.8754],
			"to": [8.34, 6.65521, 3.5554],
			"rotation": {"angle": 22.5, "axis": "x", "origin": [8, 8.77, 5.65]},
			"faces": {
				"north": {"uv": [16, 0, 14, 5], "texture": "#0"},
				"east": {"uv": [16, 0, 14, 5], "texture": "#0"},
				"south": {"uv": [16, 0, 14, 5], "texture": "#0"},
				"west": {"uv": [16, 0, 14, 5], "texture": "#0"},
				"up": {"uv": [14, 5, 16, 3], "texture": "#0"},
				"down": {"uv": [7, 8, 9, 6], "texture": "#0"}
			}
		},
		{
			"from": [7.65966, 7.48588, 2.64213],
			"to": [8.34034, 8.50656, 6.38281],
			"rotation": {"angle": 0, "axis": "y", "origin": [8, 8.77, 5.65]},
			"faces": {
				"north": {"uv": [2, 0, 0, 2], "texture": "#1"},
				"east": {"uv": [2, 0, 0, 2], "texture": "#1"},
				"south": {"uv": [2, 0, 0, 2], "texture": "#1"},
				"west": {"uv": [2, 0, 0, 2], "texture": "#1"},
				"up": {"uv": [0, 2, 2, 0], "texture": "#1"},
				"down": {"uv": [0, 2, 2, 0], "texture": "#1"}
			}
		},
		{
			"from": [7.65966, 7.82588, 9.10213],
			"to": [8.34034, 7.92856, 10.12281],
			"rotation": {"angle": 0, "axis": "y", "origin": [8, 8.77, 5.65]},
			"faces": {
				"north": {"uv": [2, 0, 0, 2], "texture": "#1"},
				"east": {"uv": [2, 0, 0, 2], "texture": "#1"},
				"south": {"uv": [2, 0, 0, 2], "texture": "#1"},
				"west": {"uv": [2, 0, 0, 2], "texture": "#1"},
				"up": {"uv": [0, 2, 2, 0], "texture": "#1"},
				"down": {"uv": [0, 2, 2, 0], "texture": "#1"}
			}
		},
		{
			"from": [7.65966, 7.82588, 7.74213],
			"to": [8.34034, 7.92856, 8.76281],
			"rotation": {"angle": 0, "axis": "y", "origin": [8, 8.77, 5.65]},
			"faces": {
				"north": {"uv": [2, 0, 0, 2], "texture": "#1"},
				"east": {"uv": [2, 0, 0, 2], "texture": "#1"},
				"south": {"uv": [2, 0, 0, 2], "texture": "#1"},
				"west": {"uv": [2, 0, 0, 2], "texture": "#1"},
				"up": {"uv": [0, 2, 2, 0], "texture": "#1"},
				"down": {"uv": [0, 2, 2, 0], "texture": "#1"}
			}
		},
		{
			"from": [7.65966, 8.16588, 7.06213],
			"to": [8.34034, 8.26856, 7.74281],
			"rotation": {"angle": 0, "axis": "y", "origin": [8, 8.77, 5.65]},
			"faces": {
				"north": {"uv": [2, 0, 0, 2], "texture": "#1"},
				"east": {"uv": [2, 0, 0, 2], "texture": "#1"},
				"south": {"uv": [2, 0, 0, 2], "texture": "#1"},
				"west": {"uv": [2, 0, 0, 2], "texture": "#1"},
				"up": {"uv": [0, 2, 2, 0], "texture": "#1"},
				"down": {"uv": [0, 2, 2, 0], "texture": "#1"}
			}
		},
		{
			"from": [7.65966, 8.16588, 8.08213],
			"to": [8.34034, 8.26856, 8.76281],
			"rotation": {"angle": 0, "axis": "y", "origin": [8, 8.77, 5.65]},
			"faces": {
				"north": {"uv": [2, 0, 0, 2], "texture": "#1"},
				"east": {"uv": [2, 0, 0, 2], "texture": "#1"},
				"south": {"uv": [2, 0, 0, 2], "texture": "#1"},
				"west": {"uv": [2, 0, 0, 2], "texture": "#1"},
				"up": {"uv": [0, 2, 2, 0], "texture": "#1"},
				"down": {"uv": [0, 2, 2, 0], "texture": "#1"}
			}
		},
		{
			"from": [7.65966, 8.16588, 6.38213],
			"to": [8.34034, 8.50656, 6.72281],
			"rotation": {"angle": 0, "axis": "y", "origin": [8, 8.77, 5.65]},
			"faces": {
				"north": {"uv": [2, 0, 0, 2], "texture": "#0"},
				"east": {"uv": [2, 0, 0, 2], "texture": "#0"},
				"south": {"uv": [2, 0, 0, 2], "texture": "#0"},
				"west": {"uv": [2, 0, 0, 2], "texture": "#0"},
				"up": {"uv": [0, 2, 2, 0], "texture": "#0"},
				"down": {"uv": [0, 2, 2, 0], "texture": "#0"}
			}
		},
		{
			"from": [7.677, 5.56289, 3.75825],
			"to": [8.323, 6.41289, 4.43825],
			"rotation": {"angle": 45, "axis": "x", "origin": [8.017, 8.77, 5.65]},
			"faces": {
				"north": {"uv": [2, 0, 0, 2], "texture": "#1"},
				"east": {"uv": [2, 0, 0, 2], "texture": "#1"},
				"south": {"uv": [2, 0, 0, 2], "texture": "#1"},
				"west": {"uv": [2, 0, 0, 2], "texture": "#1"},
				"up": {"uv": [0, 2, 2, 0], "texture": "#1"},
				"down": {"uv": [0, 2, 2, 0], "texture": "#1"}
			}
		},
		{
			"from": [7.745, 5.81038, 4.00575],
			"to": [8.255, 8.19038, 5.70575],
			"rotation": {"angle": 0, "axis": "y", "origin": [8.085, 8.77, 5.65]},
			"faces": {
				"north": {"uv": [2, 0, 0, 2], "texture": "#1"},
				"east": {"uv": [2, 0, 0, 2], "texture": "#1"},
				"south": {"uv": [2, 0, 0, 2], "texture": "#1"},
				"west": {"uv": [2, 0, 0, 2], "texture": "#1"},
				"up": {"uv": [0, 2, 2, 0], "texture": "#1"},
				"down": {"uv": [0, 2, 2, 0], "texture": "#1"}
			}
		},
		{
			"from": [7.694, 5.81038, 4.26075],
			"to": [8.306, 8.19038, 4.43075],
			"rotation": {"angle": 0, "axis": "y", "origin": [8.034, 8.77, 4.715]},
			"faces": {
				"north": {"uv": [2, 0, 0, 2], "texture": "#1"},
				"east": {"uv": [2, 0, 0, 2], "texture": "#1"},
				"south": {"uv": [2, 0, 0, 2], "texture": "#1"},
				"west": {"uv": [2, 0, 0, 2], "texture": "#1"},
				"up": {"uv": [0, 2, 2, 0], "texture": "#1"},
				"down": {"uv": [0, 2, 2, 0], "texture": "#1"}
			}
		},
		{
			"from": [7.694, 5.81038, 5.28075],
			"to": [8.306, 8.19038, 5.45075],
			"rotation": {"angle": 0, "axis": "y", "origin": [8.034, 8.77, 5.735]},
			"faces": {
				"north": {"uv": [2, 0, 0, 2], "texture": "#1"},
				"east": {"uv": [2, 0, 0, 2], "texture": "#1"},
				"south": {"uv": [2, 0, 0, 2], "texture": "#1"},
				"west": {"uv": [2, 0, 0, 2], "texture": "#1"},
				"up": {"uv": [0, 2, 2, 0], "texture": "#1"},
				"down": {"uv": [0, 2, 2, 0], "texture": "#1"}
			}
		},
		{
			"from": [7.694, 5.81038, 4.94075],
			"to": [8.306, 8.19038, 5.11075],
			"rotation": {"angle": 0, "axis": "y", "origin": [8.034, 8.77, 5.395]},
			"faces": {
				"north": {"uv": [2, 0, 0, 2], "texture": "#1"},
				"east": {"uv": [2, 0, 0, 2], "texture": "#1"},
				"south": {"uv": [2, 0, 0, 2], "texture": "#1"},
				"west": {"uv": [2, 0, 0, 2], "texture": "#1"},
				"up": {"uv": [0, 2, 2, 0], "texture": "#1"},
				"down": {"uv": [0, 2, 2, 0], "texture": "#1"}
			}
		},
		{
			"from": [7.694, 5.81038, 4.60075],
			"to": [8.306, 8.19038, 4.77075],
			"rotation": {"angle": 0, "axis": "y", "origin": [8.034, 8.77, 5.055]},
			"faces": {
				"north": {"uv": [2, 0, 0, 2], "texture": "#1"},
				"east": {"uv": [2, 0, 0, 2], "texture": "#1"},
				"south": {"uv": [2, 0, 0, 2], "texture": "#1"},
				"west": {"uv": [2, 0, 0, 2], "texture": "#1"},
				"up": {"uv": [0, 2, 2, 0], "texture": "#1"},
				"down": {"uv": [0, 2, 2, 0], "texture": "#1"}
			}
		},
		{
			"from": [7.745, 5.83727, 4.13501],
			"to": [8.255, 6.51727, 5.83501],
			"rotation": {"angle": -22.5, "axis": "x", "origin": [8, 5.83889, 5.84727]},
			"faces": {
				"north": {"uv": [2, 0, 0, 2], "texture": "#1"},
				"east": {"uv": [2, 0, 0, 2], "texture": "#1"},
				"south": {"uv": [2, 0, 0, 2], "texture": "#1"},
				"west": {"uv": [2, 0, 0, 2], "texture": "#1"},
				"up": {"uv": [0, 2, 2, 0], "texture": "#1"},
				"down": {"uv": [0, 2, 2, 0], "texture": "#1"}
			}
		},
		{
			"from": [7.745, 6.83038, 3.66575],
			"to": [8.255, 7.51038, 4.00575],
			"rotation": {"angle": 0, "axis": "y", "origin": [8.085, 8.77, 5.65]},
			"faces": {
				"north": {"uv": [2, 0, 0, 2], "texture": "#1"},
				"east": {"uv": [2, 0, 0, 2], "texture": "#1"},
				"south": {"uv": [2, 0, 0, 2], "texture": "#1"},
				"west": {"uv": [2, 0, 0, 2], "texture": "#1"},
				"up": {"uv": [0, 2, 2, 0], "texture": "#1"},
				"down": {"uv": [0, 2, 2, 0], "texture": "#1"}
			}
		},
		{
			"from": [7.49, 7.85038, 5.02575],
			"to": [7.83, 8.87038, 5.36575],
			"rotation": {"angle": 0, "axis": "y", "origin": [8.085, 8.77, 5.65]},
			"faces": {
				"north": {"uv": [2, 0, 0, 2], "texture": "#1"},
				"east": {"uv": [2, 0, 0, 2], "texture": "#1"},
				"south": {"uv": [2, 0, 0, 2], "texture": "#1"},
				"west": {"uv": [2, 0, 0, 2], "texture": "#1"},
				"up": {"uv": [0, 2, 2, 0], "texture": "#1"},
				"down": {"uv": [0, 2, 2, 0], "texture": "#1"}
			}
		},
		{
			"from": [7.49, 7.85038, 3.66575],
			"to": [7.83, 8.87038, 4.00575],
			"rotation": {"angle": 0, "axis": "y", "origin": [8.085, 8.77, 5.65]},
			"faces": {
				"north": {"uv": [2, 0, 0, 2], "texture": "#1"},
				"east": {"uv": [2, 0, 0, 2], "texture": "#1"},
				"south": {"uv": [2, 0, 0, 2], "texture": "#1"},
				"west": {"uv": [2, 0, 0, 2], "texture": "#1"},
				"up": {"uv": [0, 2, 2, 0], "texture": "#1"},
				"down": {"uv": [0, 2, 2, 0], "texture": "#1"}
			}
		},
		{
			"from": [7.745, 8.94, 1.96235],
			"to": [8.255, 9.45, 6.72575],
			"rotation": {"angle": 0, "axis": "y", "origin": [8.51, 8.77, 5.65]},
			"faces": {
				"north": {"uv": [2, 14, 0, 16], "texture": "#2"},
				"east": {"uv": [14, 0, 0, 2], "texture": "#1"},
				"south": {"uv": [2, 0, 0, 2], "texture": "#2"},
				"west": {"uv": [14, 0, 0, 2], "texture": "#1"},
				"up": {"uv": [0, 14, 2, 0], "texture": "#1"},
				"down": {"uv": [0, 14, 2, 0], "texture": "#1"}
			}
		},
		{
			"from": [7.575, 8.94, 1.62235],
			"to": [7.745, 9.45, 2.98575],
			"rotation": {"angle": 0, "axis": "y", "origin": [8.17, 8.77, 5.65]},
			"faces": {
				"north": {"uv": [2, 0, 0, 2], "texture": "#1"},
				"east": {"uv": [2, 0, 0, 2], "texture": "#1"},
				"south": {"uv": [2, 0, 0, 2], "texture": "#1"},
				"west": {"uv": [4, 0, 0, 2], "texture": "#1"},
				"up": {"uv": [0, 2, 2, 0], "texture": "#1"},
				"down": {"uv": [0, 2, 2, 0], "texture": "#1"}
			}
		},
		{
			"from": [7.66, 8.94, 5.70235],
			"to": [7.745, 9.45, 6.89575],
			"rotation": {"angle": 0, "axis": "y", "origin": [8.17, 8.77, 9.73]},
			"faces": {
				"north": {"uv": [2, 0, 0, 2], "texture": "#1"},
				"east": {"uv": [2, 0, 0, 2], "texture": "#1"},
				"south": {"uv": [2, 0, 0, 2], "texture": "#1"},
				"west": {"uv": [4, 0, 0, 2], "texture": "#1"},
				"up": {"uv": [0, 2, 2, 0], "texture": "#1"},
				"down": {"uv": [0, 2, 2, 0], "texture": "#1"}
			}
		},
		{
			"from": [8.255, 8.94, 5.70235],
			"to": [8.34, 9.45, 6.89575],
			"rotation": {"angle": 0, "axis": "y", "origin": [8.765, 8.77, 9.73]},
			"faces": {
				"north": {"uv": [2, 0, 0, 2], "texture": "#1"},
				"east": {"uv": [2, 0, 0, 2], "texture": "#1"},
				"south": {"uv": [2, 0, 0, 2], "texture": "#1"},
				"west": {"uv": [4, 0, 0, 2], "texture": "#1"},
				"up": {"uv": [0, 2, 2, 0], "texture": "#1"},
				"down": {"uv": [0, 2, 2, 0], "texture": "#1"}
			}
		},
		{
			"from": [8.255, 8.94, 1.62235],
			"to": [8.425, 9.45, 2.98575],
			"rotation": {"angle": 0, "axis": "y", "origin": [8.85, 8.77, 5.65]},
			"faces": {
				"north": {"uv": [2, 0, 0, 2], "texture": "#1"},
				"east": {"uv": [4, 0, 0, 2], "texture": "#1"},
				"south": {"uv": [2, 0, 0, 2], "texture": "#1"},
				"west": {"uv": [2, 0, 0, 2], "texture": "#1"},
				"up": {"uv": [0, 2, 2, 0], "texture": "#1"},
				"down": {"uv": [0, 2, 2, 0], "texture": "#1"}
			}
		},
		{
			"from": [7.745, 9.45, 1.62235],
			"to": [8.255, 9.62, 2.98575],
			"rotation": {"angle": 0, "axis": "y", "origin": [8.34, 9.11, 5.65]},
			"faces": {
				"north": {"uv": [2, 0, 0, 2], "texture": "#1"},
				"east": {"uv": [2, 0, 0, 2], "texture": "#1"},
				"south": {"uv": [2, 0, 0, 2], "texture": "#1"},
				"west": {"uv": [2, 0, 0, 2], "texture": "#1"},
				"up": {"uv": [0, 5, 2, 0], "texture": "#1"},
				"down": {"uv": [0, 2, 2, 0], "texture": "#1"}
			}
		},
		{
			"from": [7.76135, 9.8501, 1.62235],
			"to": [8.00135, 10.0201, 2.98575],
			"rotation": {"angle": 45, "axis": "z", "origin": [8.35635, 9.5101, 5.65]},
			"faces": {
				"north": {"uv": [2, 0, 0, 2], "texture": "#1"},
				"east": {"uv": [2, 0, 0, 2], "texture": "#1"},
				"south": {"uv": [2, 0, 0, 2], "texture": "#1"},
				"west": {"uv": [2, 0, 0, 2], "texture": "#1"},
				"up": {"uv": [0, 5, 2, 0], "texture": "#1"},
				"down": {"uv": [0, 2, 2, 0], "texture": "#1"}
			}
		},
		{
			"from": [7.76135, 8.3699, 1.62235],
			"to": [8.00135, 8.5399, 2.98575],
			"rotation": {"angle": -45, "axis": "z", "origin": [8.35635, 8.8799, 5.65]},
			"faces": {
				"north": {"uv": [2, 2, 0, 0], "texture": "#1"},
				"east": {"uv": [2, 2, 0, 0], "texture": "#1"},
				"south": {"uv": [2, 2, 0, 0], "texture": "#1"},
				"west": {"uv": [2, 2, 0, 0], "texture": "#1"},
				"up": {"uv": [0, 0, 2, 2], "texture": "#1"},
				"down": {"uv": [0, 0, 2, 5], "texture": "#1"}
			}
		},
		{
			"from": [7.99865, 9.8501, 1.62235],
			"to": [8.23865, 10.0201, 2.98575],
			"rotation": {"angle": -45, "axis": "z", "origin": [7.64365, 9.5101, 5.65]},
			"faces": {
				"north": {"uv": [0, 0, 2, 2], "texture": "#1"},
				"east": {"uv": [0, 0, 2, 2], "texture": "#1"},
				"south": {"uv": [0, 0, 2, 2], "texture": "#1"},
				"west": {"uv": [0, 0, 2, 2], "texture": "#1"},
				"up": {"uv": [2, 5, 0, 0], "texture": "#1"},
				"down": {"uv": [2, 2, 0, 0], "texture": "#1"}
			}
		},
		{
			"from": [7.99865, 8.3699, 1.62235],
			"to": [8.23865, 8.5399, 2.98575],
			"rotation": {"angle": 45, "axis": "z", "origin": [7.64365, 8.8799, 5.65]},
			"faces": {
				"north": {"uv": [0, 2, 2, 0], "texture": "#1"},
				"east": {"uv": [0, 2, 2, 0], "texture": "#1"},
				"south": {"uv": [0, 2, 2, 0], "texture": "#1"},
				"west": {"uv": [0, 2, 2, 0], "texture": "#1"},
				"up": {"uv": [2, 0, 0, 2], "texture": "#1"},
				"down": {"uv": [2, 0, 0, 5], "texture": "#1"}
			}
		},
		{
			"from": [7.745, 8.855, 5.70235],
			"to": [8.255, 8.94, 6.89575],
			"rotation": {"angle": 0, "axis": "y", "origin": [8.34, 8.515, 9.56]},
			"faces": {
				"north": {"uv": [2, 0, 0, 2], "texture": "#1"},
				"east": {"uv": [2, 0, 0, 2], "texture": "#1"},
				"south": {"uv": [2, 0, 0, 2], "texture": "#1"},
				"west": {"uv": [2, 0, 0, 2], "texture": "#1"},
				"up": {"uv": [0, 5, 2, 0], "texture": "#1"},
				"down": {"uv": [0, 2, 2, 0], "texture": "#1"}
			}
		},
		{
			"from": [7.745, 9.45, 5.70235],
			"to": [8.255, 9.535, 6.89575],
			"rotation": {"angle": 0, "axis": "y", "origin": [8.34, 9.11, 9.56]},
			"faces": {
				"north": {"uv": [2, 0, 0, 2], "texture": "#1"},
				"east": {"uv": [2, 0, 0, 2], "texture": "#1"},
				"south": {"uv": [2, 0, 0, 2], "texture": "#1"},
				"west": {"uv": [2, 0, 0, 2], "texture": "#1"},
				"up": {"uv": [0, 5, 2, 0], "texture": "#1"},
				"down": {"uv": [0, 2, 2, 0], "texture": "#1"}
			}
		},
		{
			"from": [7.745, 8.77, 1.62235],
			"to": [8.255, 8.94, 2.98575],
			"rotation": {"angle": 0, "axis": "y", "origin": [8.34, 8.43, 5.65]},
			"faces": {
				"north": {"uv": [2, 0, 0, 2], "texture": "#1"},
				"east": {"uv": [2, 0, 0, 2], "texture": "#1"},
				"south": {"uv": [2, 0, 0, 2], "texture": "#1"},
				"west": {"uv": [2, 0, 0, 2], "texture": "#1"},
				"up": {"uv": [0, 2, 2, 0], "texture": "#1"},
				"down": {"uv": [0, 4, 2, 0], "texture": "#1"}
			}
		},
		{
			"from": [7.66, 8.87038, 3.66575],
			"to": [8.34, 9.55038, 5.36575],
			"rotation": {"angle": 0, "axis": "y", "origin": [8.425, 8.77, 5.65]},
			"faces": {
				"north": {"uv": [2, 0, 0, 2], "texture": "#1"},
				"east": {"uv": [2, 0, 0, 2], "texture": "#1"},
				"south": {"uv": [2, 0, 0, 2], "texture": "#1"},
				"west": {"uv": [2, 0, 0, 2], "texture": "#1"},
				"up": {"uv": [0, 2, 2, 0], "texture": "#1"},
				"down": {"uv": [0, 2, 2, 0], "texture": "#1"}
			}
		},
		{
			"from": [7.83, 7.682, 9.78575],
			"to": [8.17, 8.022, 17.52575],
			"rotation": {"angle": 0, "axis": "y", "origin": [8.17, 8.77, 5.65]},
			"faces": {
				"north": {"uv": [2, 0, 0, 2], "texture": "#1"},
				"east": {"uv": [2, 0, 0, 2], "texture": "#1"},
				"south": {"uv": [2, 0, 0, 2], "texture": "#1"},
				"west": {"uv": [2, 0, 0, 2], "texture": "#1"},
				"up": {"uv": [0, 2, 2, 0], "texture": "#1"},
				"down": {"uv": [0, 2, 2, 0], "texture": "#1"}
			}
		},
		{
			"from": [7.78, 7.632, 17.18575],
			"to": [8.22, 8.072, 17.32575],
			"rotation": {"angle": 0, "axis": "y", "origin": [8.12, 8.72, 6.65]},
			"faces": {
				"north": {"uv": [2, 0, 0, 2], "texture": "#1"},
				"east": {"uv": [2, 0, 0, 2], "texture": "#1"},
				"south": {"uv": [2, 0, 0, 2], "texture": "#1"},
				"west": {"uv": [2, 0, 0, 2], "texture": "#1"},
				"up": {"uv": [0, 2, 2, 0], "texture": "#1"},
				"down": {"uv": [0, 2, 2, 0], "texture": "#1"}
			}
		},
		{
			"from": [7.93, 8.075, 17.18575],
			"to": [8.07, 8.415, 17.32575],
			"rotation": {"angle": 0, "axis": "y", "origin": [8.07, 9.12, 6.65]},
			"faces": {
				"north": {"uv": [2, 0, 0, 2], "texture": "#1"},
				"east": {"uv": [2, 0, 0, 2], "texture": "#1"},
				"south": {"uv": [2, 0, 0, 2], "texture": "#1"},
				"west": {"uv": [2, 0, 0, 2], "texture": "#1"},
				"up": {"uv": [0, 2, 2, 0], "texture": "#1"},
				"down": {"uv": [0, 2, 2, 0], "texture": "#1"}
			}
		},
		{
			"from": [7.93, 8.555, 17.18575],
			"to": [8.07, 9.195, 17.32575],
			"rotation": {"angle": 0, "axis": "y", "origin": [8.07, 9.6, 6.65]},
			"faces": {
				"north": {"uv": [2, 0, 0, 2], "texture": "#1"},
				"east": {"uv": [2, 0, 0, 2], "texture": "#1"},
				"south": {"uv": [2, 0, 0, 2], "texture": "#1"},
				"west": {"uv": [2, 0, 0, 2], "texture": "#1"},
				"up": {"uv": [0, 2, 2, 0], "texture": "#1"},
				"down": {"uv": [0, 2, 2, 0], "texture": "#1"}
			}
		},
		{
			"from": [7.93, 8.415, 16.48575],
			"to": [8.07, 8.555, 17.32575],
			"rotation": {"angle": 0, "axis": "y", "origin": [8.07, 9.46, 6.65]},
			"faces": {
				"north": {"uv": [2, 0, 0, 2], "texture": "#1"},
				"east": {"uv": [2, 0, 0, 2], "texture": "#1"},
				"south": {"uv": [2, 0, 0, 2], "texture": "#1"},
				"west": {"uv": [2, 0, 0, 2], "texture": "#1"},
				"up": {"uv": [0, 2, 2, 0], "texture": "#1"},
				"down": {"uv": [0, 2, 2, 0], "texture": "#1"}
			}
		},
		{
			"from": [7.93, 8.075, 16.48575],
			"to": [8.07, 8.415, 16.62575],
			"rotation": {"angle": 0, "axis": "y", "origin": [8.07, 8.103, 16.45]},
			"faces": {
				"north": {"uv": [2, 0, 0, 2], "texture": "#1"},
				"east": {"uv": [2, 0, 0, 2], "texture": "#1"},
				"south": {"uv": [2, 0, 0, 2], "texture": "#1"},
				"west": {"uv": [2, 0, 0, 2], "texture": "#1"},
				"up": {"uv": [0, 2, 2, 0], "texture": "#1"},
				"down": {"uv": [0, 2, 2, 0], "texture": "#1"}
			}
		},
		{
			"from": [7.93, 8.42563, 16.86957],
			"to": [8.07, 9.46563, 17.00957],
			"rotation": {"angle": 45, "axis": "x", "origin": [8.07, 8.95363, 16.83382]},
			"faces": {
				"north": {"uv": [2, 0, 0, 2], "texture": "#1"},
				"east": {"uv": [2, 0, 0, 2], "texture": "#1"},
				"south": {"uv": [2, 0, 0, 2], "texture": "#1"},
				"west": {"uv": [2, 0, 0, 2], "texture": "#1"},
				"up": {"uv": [0, 2, 2, 0], "texture": "#1"},
				"down": {"uv": [0, 2, 2, 0], "texture": "#1"}
			}
		},
		{
			"from": [7.78, 7.635, 16.48575],
			"to": [8.22, 8.075, 16.62575],
			"rotation": {"angle": 0, "axis": "y", "origin": [8.12, 8.723, 5.95]},
			"faces": {
				"north": {"uv": [2, 0, 0, 2], "texture": "#1"},
				"east": {"uv": [2, 0, 0, 2], "texture": "#1"},
				"south": {"uv": [2, 0, 0, 2], "texture": "#1"},
				"west": {"uv": [2, 0, 0, 2], "texture": "#1"},
				"up": {"uv": [0, 2, 2, 0], "texture": "#1"},
				"down": {"uv": [0, 2, 2, 0], "texture": "#1"}
			}
		},
		{
			"from": [7.83, 8.158, 7.74575],
			"to": [8.17, 8.498, 11.48575],
			"rotation": {"angle": 0, "axis": "y", "origin": [8.17, 8.77, 5.65]},
			"faces": {
				"north": {"uv": [2, 0, 0, 2], "texture": "#1"},
				"east": {"uv": [2, 0, 0, 2], "texture": "#1"},
				"south": {"uv": [2, 0, 0, 2], "texture": "#1"},
				"west": {"uv": [2, 0, 0, 2], "texture": "#1"},
				"up": {"uv": [0, 2, 2, 0], "texture": "#1"},
				"down": {"uv": [0, 2, 2, 0], "texture": "#1"}
			}
		},
		{
			"from": [7.915, 7.818, 11.48575],
			"to": [8.085, 8.498, 11.82575],
			"rotation": {"angle": 0, "axis": "y", "origin": [8.255, 8.77, 5.65]},
			"faces": {
				"north": {"uv": [2, 0, 0, 2], "texture": "#1"},
				"east": {"uv": [2, 0, 0, 2], "texture": "#1"},
				"south": {"uv": [2, 0, 0, 2], "texture": "#1"},
				"west": {"uv": [2, 0, 0, 2], "texture": "#1"},
				"up": {"uv": [0, 2, 2, 0], "texture": "#1"},
				"down": {"uv": [0, 2, 2, 0], "texture": "#1"}
			}
		},
		{
			"from": [7.83, 9.518, 4.34575],
			"to": [8.17, 9.858, 4.68575],
			"rotation": {"angle": 0, "axis": "y", "origin": [8.17, 8.77, 5.65]},
			"faces": {
				"north": {"uv": [2, 0, 0, 2], "texture": "#1"},
				"east": {"uv": [2, 0, 0, 2], "texture": "#1"},
				"south": {"uv": [2, 0, 0, 2], "texture": "#1"},
				"west": {"uv": [2, 0, 0, 2], "texture": "#1"},
				"up": {"uv": [0, 2, 2, 0], "texture": "#1"},
				"down": {"uv": [0, 2, 2, 0], "texture": "#1"}
			}
		},
		{
			"from": [7.83, 8.158, 2.30575],
			"to": [8.17, 8.328, 2.64575],
			"rotation": {"angle": 0, "axis": "y", "origin": [8.17, 8.77, 5.65]},
			"faces": {
				"north": {"uv": [2, 0, 0, 2], "texture": "#1"},
				"east": {"uv": [2, 0, 0, 2], "texture": "#1"},
				"south": {"uv": [2, 0, 0, 2], "texture": "#1"},
				"west": {"uv": [2, 0, 0, 2], "texture": "#1"},
				"up": {"uv": [0, 2, 2, 0], "texture": "#1"},
				"down": {"uv": [0, 2, 2, 0], "texture": "#1"}
			}
		},
		{
			"from": [8.272, 9.042, 4.34575],
			"to": [8.612, 9.382, 4.68575],
			"rotation": {"angle": 0, "axis": "y", "origin": [8.17, 8.77, 5.65]},
			"faces": {
				"north": {"uv": [2, 0, 0, 2], "texture": "#1"},
				"east": {"uv": [2, 0, 0, 2], "texture": "#1"},
				"south": {"uv": [2, 0, 0, 2], "texture": "#1"},
				"west": {"uv": [2, 0, 0, 2], "texture": "#1"},
				"up": {"uv": [0, 2, 2, 0], "texture": "#1"},
				"down": {"uv": [0, 2, 2, 0], "texture": "#1"}
			}
		},
		{
			"from": [7.915, 6.95988, 3.12811],
			"to": [8.085, 6.99388, 3.80811],
			"rotation": {"angle": 0, "axis": "y", "origin": [8.255, 8.79588, 5.45236]},
			"faces": {
				"north": {"uv": [2, 0, 0, 2], "texture": "#1"},
				"east": {"uv": [2, 0, 0, 2], "texture": "#1"},
				"south": {"uv": [2, 0, 0, 2], "texture": "#1"},
				"west": {"uv": [2, 0, 0, 2], "texture": "#1"},
				"up": {"uv": [0, 2, 2, 0], "texture": "#1"},
				"down": {"uv": [0, 2, 2, 0], "texture": "#1"}
			}
		},
		{
			"from": [7.915, 7.274, 2.998],
			"to": [8.085, 7.954, 3.032],
			"rotation": {"angle": 0, "axis": "y", "origin": [8.255, 7.07, 2.93]},
			"faces": {
				"north": {"uv": [2, 0, 0, 2], "texture": "#1"},
				"east": {"uv": [0, 2, 2, 0], "rotation": 270, "texture": "#1"},
				"south": {"uv": [2, 0, 0, 2], "rotation": 180, "texture": "#1"},
				"west": {"uv": [0, 2, 2, 0], "rotation": 90, "texture": "#1"},
				"up": {"uv": [0, 2, 2, 0], "rotation": 180, "texture": "#1"},
				"down": {"uv": [0, 2, 2, 0], "texture": "#1"}
			}
		},
		{
			"from": [7.915, 6.89763, 2.95113],
			"to": [8.085, 7.23763, 2.98513],
			"rotation": {"angle": -22.5, "axis": "x", "origin": [8.255, 7.37363, 2.88313]},
			"faces": {
				"north": {"uv": [2, 0, 0, 2], "texture": "#1"},
				"east": {"uv": [0, 2, 2, 0], "rotation": 270, "texture": "#1"},
				"south": {"uv": [2, 0, 0, 2], "rotation": 180, "texture": "#1"},
				"west": {"uv": [0, 2, 2, 0], "rotation": 90, "texture": "#1"},
				"up": {"uv": [0, 2, 2, 0], "rotation": 180, "texture": "#1"},
				"down": {"uv": [0, 2, 2, 0], "texture": "#1"}
			}
		},
		{
			"from": [7.915, 7.02068, 3.12408],
			"to": [8.085, 7.19068, 3.15808],
			"rotation": {"angle": -22.5, "axis": "x", "origin": [8.255, 7.49668, 3.05608]},
			"faces": {
				"north": {"uv": [2, 0, 0, 2], "texture": "#1"},
				"east": {"uv": [0, 2, 2, 0], "rotation": 270, "texture": "#1"},
				"south": {"uv": [2, 0, 0, 2], "rotation": 180, "texture": "#1"},
				"west": {"uv": [0, 2, 2, 0], "rotation": 90, "texture": "#1"},
				"up": {"uv": [0, 2, 2, 0], "rotation": 180, "texture": "#1"},
				"down": {"uv": [0, 2, 2, 0], "texture": "#1"}
			}
		},
		{
			"from": [7.915, 7.24, 3.236],
			"to": [8.085, 7.92, 3.27],
			"rotation": {"angle": 0, "axis": "y", "origin": [8.255, 8.77, 5.65]},
			"faces": {
				"north": {"uv": [2, 0, 0, 2], "texture": "#1"},
				"east": {"uv": [0, 2, 2, 0], "rotation": 270, "texture": "#1"},
				"south": {"uv": [2, 0, 0, 2], "rotation": 180, "texture": "#1"},
				"west": {"uv": [0, 2, 2, 0], "rotation": 90, "texture": "#1"},
				"up": {"uv": [0, 2, 2, 0], "rotation": 180, "texture": "#1"},
				"down": {"uv": [0, 2, 2, 0], "texture": "#1"}
			}
		},
		{
			"from": [7.694, 4.52265, 0.89457],
			"to": [8.306, 5.98465, 1.50657],
			"rotation": {"angle": 22.5, "axis": "x", "origin": [8, 8.77, 5.65]},
			"faces": {
				"north": {"uv": [16, 0, 14, 4.5], "texture": "#0"},
				"east": {"uv": [16, 0, 14, 4.5], "texture": "#0"},
				"south": {"uv": [16, 0, 14, 4.5], "texture": "#0"},
				"west": {"uv": [16, 0, 14, 4.5], "texture": "#0"},
				"up": {"uv": [14, 4.5, 16, 0], "texture": "#0"},
				"down": {"uv": [14, 4.5, 16, 0], "texture": "#0"}
			}
		},
		{
			"from": [7.66, 6.356, -0.504],
			"to": [8.34, 8.056, 0.176],
			"rotation": {"angle": 0, "axis": "y", "origin": [8, 8.77, 5.65]},
			"faces": {
				"north": {"uv": [16, 0, 14, 5], "texture": "#0"},
				"east": {"uv": [16, 0, 14, 5], "texture": "#0"},
				"south": {"uv": [16, 0, 14, 5], "texture": "#0"},
				"west": {"uv": [16, 0, 14, 5], "texture": "#0"},
				"up": {"uv": [14, 2, 16, 0], "texture": "#0"},
				"down": {"uv": [14, 5, 16, 0], "texture": "#0"}
			}
		},
		{
			"from": [7.677, 6.373, -2.187],
			"to": [8.323, 8.039, -1.541],
			"rotation": {"angle": 0, "axis": "y", "origin": [8, 8.77, 5.65]},
			"faces": {
				"north": {"uv": [5, 13, 3, 15], "texture": "#0"},
				"east": {"uv": [5, 13, 3, 15], "texture": "#0"},
				"south": {"uv": [5, 13, 3, 15], "texture": "#0"},
				"west": {"uv": [5, 13, 3, 15], "texture": "#0"},
				"up": {"uv": [3, 15, 5, 13], "texture": "#0"},
				"down": {"uv": [3, 15, 5, 13], "texture": "#0"}
			}
		},
		{
			"from": [7.626, 6.322, -2.238],
			"to": [8.374, 8.09, -1.83],
			"rotation": {"angle": 0, "axis": "y", "origin": [8, 8.77, 5.65]},
			"faces": {
				"north": {"uv": [2, 0, 0, 5], "texture": "#1"},
				"east": {"uv": [2, 0, 0, 5], "texture": "#1"},
				"south": {"uv": [2, 0, 0, 5], "texture": "#1"},
				"west": {"uv": [2, 0, 0, 5], "texture": "#1"},
				"up": {"uv": [0, 1, 2, 0], "texture": "#1"},
				"down": {"uv": [0, 1, 2, 0], "texture": "#1"}
			}
		},
		{
			"from": [7.6566, 7.69413, -2.09718],
			"to": [8.3434, 8.04093, 2.32962],
			"rotation": {"angle": 0, "axis": "y", "origin": [8, 8.77, 5.65]},
			"faces": {
				"north": {"uv": [12, 14, 13, 2], "rotation": 90, "texture": "#0"},
				"east": {"uv": [12, 14, 13, 2], "rotation": 90, "texture": "#0"},
				"south": {"uv": [12, 14, 13, 2], "rotation": 90, "texture": "#0"},
				"west": {"uv": [12, 14, 13, 2], "rotation": 90, "texture": "#0"},
				"up": {"uv": [15, 8, 1, 10], "rotation": 90, "texture": "#0"},
				"down": {"uv": [13, 2, 12, 14], "rotation": 90, "texture": "#0"}
			}
		},
		{
			"from": [7.66, 7.512, 6.06622],
			"to": [8.34, 8.192, 10.48622],
			"rotation": {"angle": 0, "axis": "y", "origin": [8, 8.77, 5.65]},
			"faces": {
				"north": {"uv": [5, 14, 7, 1], "rotation": 270, "texture": "#0"},
				"east": {"uv": [12, 16, 14, 3], "rotation": 270, "texture": "#0"},
				"south": {"uv": [5, 14, 7, 12], "rotation": 270, "texture": "#0"},
				"west": {"uv": [5, 14, 7, 1], "rotation": 270, "texture": "#0"},
				"up": {"uv": [7, 1, 5, 14], "rotation": 270, "texture": "#0"},
				"down": {"uv": [15, 8, 2, 10], "rotation": 270, "texture": "#0"}
			}
		},
		{
			"from": [7.66, 8.192, 6.67],
			"to": [8.34, 8.532, 9.05],
			"rotation": {"angle": 0, "axis": "y", "origin": [8, 8.77, 5.65]},
			"faces": {
				"north": {"uv": [12, 11, 13, 4], "rotation": 270, "texture": "#0"},
				"east": {"uv": [12, 11, 13, 4], "rotation": 270, "texture": "#0"},
				"south": {"uv": [11, 11, 13, 8], "rotation": 270, "texture": "#0"},
				"west": {"uv": [12, 11, 13, 4], "rotation": 270, "texture": "#0"},
				"up": {"uv": [13, 3, 6, 5], "rotation": 270, "texture": "#0"},
				"down": {"uv": [13, 4, 12, 11], "rotation": 270, "texture": "#0"}
			}
		},
		{
			"from": [7.6634, 7.36093, 2.32962],
			"to": [8.3366, 7.69413, 3.00282],
			"rotation": {"angle": 0, "axis": "y", "origin": [8, 8.77, 5.65]},
			"faces": {
				"north": {"uv": [16, 0, 14, 2], "texture": "#1"},
				"east": {"uv": [14, 2, 16, 0], "rotation": 90, "texture": "#1"},
				"south": {"uv": [16, 0, 14, 2], "rotation": 180, "texture": "#1"},
				"west": {"uv": [14, 2, 16, 0], "rotation": 270, "texture": "#1"},
				"up": {"uv": [14, 2, 16, 0], "texture": "#1"},
				"down": {"uv": [14, 2, 16, 0], "rotation": 180, "texture": "#1"}
			}
		},
		{
			"from": [7.6566, 6.33413, -2.09718],
			"to": [8.3434, 6.68093, 1.98962],
			"rotation": {"angle": 0, "axis": "y", "origin": [8, 8.77, 5.65]},
			"faces": {
				"north": {"uv": [12, 14, 13, 2], "rotation": 90, "texture": "#0"},
				"east": {"uv": [12, 14, 13, 2], "rotation": 90, "texture": "#0"},
				"south": {"uv": [12, 14, 13, 2], "rotation": 90, "texture": "#0"},
				"west": {"uv": [12, 14, 13, 2], "rotation": 90, "texture": "#0"},
				"up": {"uv": [15, 4, 3, 6], "rotation": 90, "texture": "#0"},
				"down": {"uv": [13, 12, 1, 14], "rotation": 90, "texture": "#0"}
			}
		}
	],
	"overrides": [
		{
			"predicate": {
				"pulling": 1
			},
			"model": "item/bow_pulling_0"
		},
		{
			"predicate": {
				"pulling": 1,
				"pull": 0.65
			},
			"model": "item/bow_pulling_1"
		},
		{
			"predicate": {
				"pulling": 1,
				"pull": 0.9
			},
			"model": "item/bow_pulling_2"
		}
	],
	"display": {
		"thirdperson_righthand": {
			"rotation": [1, 180, 0],
			"translation": [-0.5, 1, -6.8],
			"scale": [1.6, 1.6, 1.6]
		},
		"thirdperson_lefthand": {
			"rotation": [1, 180, 0],
			"translation": [-0.5, 1, -6.8],
			"scale": [1.6, 1.6, 1.6]
		},
		"firstperson_righthand": {
			"rotation": [16, -180, -1],
			"translation": [1, 3.5, -2.25]
		},
		"firstperson_lefthand": {
			"rotation": [16, -180, 1],
			"translation": [2.75, 3.5, -2.25]
		},
		"ground": {
			"rotation": [0, 0, 90],
			"translation": [0, -1, 1.75],
			"scale": [1.6, 1.6, 1.6]
		},
		"gui": {
			"rotation": [-90, -45, -90],
			"translation": [0, 1.25, 0]
		},
		"head": {
			"rotation": [89, -50, 90],
			"translation": [-3.25, -15.5, 4],
			"scale": [2.6, 2.6, 2.6]
		},
		"fixed": {
			"rotation": [0, -90, 0],
			"translation": [-2.75, -0.3, -0.5],
			"scale": [3.4, 3.4, 3.4]
		}
	},
	"groups": [
		{
			"name": "dragunov",
			"origin": [8, 8, 8],
			"children": [0, 1, 2, 3, 4, 5, 6, 7, 8, 9, 10, 11, 12, 13, 14, 15, 16, 17, 18, 19, 20, 21, 22, 23, 24, 25, 26, 27, 28, 29, 30, 31, 32, 33, 34, 35, 36, 37, 38, 39, 40, 41, 42, 43, 44, 45, 46, 47, 48, 49, 50, 51, 52, 53, 54, 55, 56, 57]
		}
	]
}