{
	"credit": "Made with Blockbench",
	"parent": "item/crossbow",
	"textures": {
		"0": "modeltextures/black_concrete",
      "1": "modeltextures/rifl",
		"particle": "modeltextures/rifl"
	},
	"elements": [
		{
			"from": [7.66, 5.15521, -7.6746],
			"to": [8.34, 6.85521, -6.7446],
			"rotation": {"angle": 22.5, "axis": "x", "origin": [8, 8.97, -4.9]},
			"faces": {
				"north": {"uv": [0, 0, 12, 12], "texture": "#1"},
				"east": {"uv": [0, 0, 12, 12], "texture": "#1"},
				"south": {"uv": [0, 0, 12, 12], "texture": "#1"},
				"west": {"uv": [0, 0, 12, 12], "texture": "#1"},
				"up": {"uv": [0, 0, 12, 12], "texture": "#1"},
				"down": {"uv": [0, 0, 12, 12], "texture": "#1"}
			}
		},
		{
			"from": [7.66, 6.30739, -8.92325],
			"to": [8.34, 6.50739, -8.39325],
			"rotation": {"angle": 0, "axis": "x", "origin": [8, 10.12218, -6.14865]},
			"faces": {
				"north": {"uv": [0, 0, 12, 12], "texture": "#1"},
				"east": {"uv": [0, 0, 12, 12], "texture": "#1"},
				"south": {"uv": [0, 0, 12, 12], "texture": "#1"},
				"west": {"uv": [0, 0, 12, 12], "texture": "#1"},
				"up": {"uv": [0, 0, 12, 12], "texture": "#1"},
				"down": {"uv": [0, 0, 12, 12], "texture": "#1"}
			}
		},
		{
			"from": [7.655, 6.10239, -8.92825],
			"to": [8.345, 6.31239, -7.88825],
			"rotation": {"angle": 0, "axis": "x", "origin": [8, 8.62218, -6.14865]},
			"faces": {
				"north": {"uv": [0, 0, 12, 12], "texture": "#1"},
				"east": {"uv": [0, 0, 12, 12], "texture": "#1"},
				"south": {"uv": [0, 0, 12, 12], "texture": "#1"},
				"west": {"uv": [0, 0, 12, 12], "texture": "#1"},
				"up": {"uv": [0, 0, 12, 12], "texture": "#1"},
				"down": {"uv": [0, 0, 12, 12], "texture": "#1"}
			}
		},
		{
			"from": [7.60966, 7.78588, -12.00787],
			"to": [8.39034, 8.80656, -6.46719],
			"rotation": {"angle": 0, "axis": "y", "origin": [8.05, 9.07, -7.2]},
			"faces": {
				"north": {"uv": [0, 0, 16, 16], "texture": "#0"},
				"east": {"uv": [0, 0, 16, 16], "texture": "#0"},
				"south": {"uv": [0, 0, 16, 16], "texture": "#0"},
				"west": {"uv": [0, 0, 16, 16], "texture": "#0"},
				"up": {"uv": [0, 0, 16, 16], "texture": "#0"},
				"down": {"uv": [0, 0, 16, 16], "texture": "#0"}
			}
		},
		{
			"from": [7.80966, 7.08588, -11.70787],
			"to": [8.19034, 7.90656, -11.26719],
			"rotation": {"angle": 0, "axis": "y", "origin": [8.05, 8.17, -12]},
			"faces": {
				"north": {"uv": [0, 0, 16, 16], "texture": "#0"},
				"east": {"uv": [0, 0, 16, 16], "texture": "#0"},
				"south": {"uv": [0, 0, 16, 16], "texture": "#0"},
				"west": {"uv": [0, 0, 16, 16], "texture": "#0"},
				"up": {"uv": [0, 0, 16, 16], "texture": "#0"},
				"down": {"uv": [0, 0, 16, 16], "texture": "#0"}
			}
		},
		{
			"from": [7.80966, 7.38588, -9.50787],
			"to": [8.19034, 7.90656, -8.36719],
			"rotation": {"angle": 0, "axis": "y", "origin": [8.05, 8.17, -9.8]},
			"faces": {
				"north": {"uv": [0, 0, 16, 16], "texture": "#0"},
				"east": {"uv": [0, 0, 16, 16], "texture": "#0"},
				"south": {"uv": [0, 0, 16, 16], "texture": "#0"},
				"west": {"uv": [0, 0, 16, 16], "texture": "#0"},
				"up": {"uv": [0, 0, 16, 16], "texture": "#0"},
				"down": {"uv": [0, 0, 16, 16], "texture": "#0"}
			}
		},
		{
			"from": [7.50966, 7.08588, -11.30787],
			"to": [8.49034, 8.30656, -9.46719],
			"rotation": {"angle": 0, "axis": "y", "origin": [8.05, 7.97, -7.2]},
			"faces": {
				"north": {"uv": [0, 0, 12, 12], "texture": "#1"},
				"east": {"uv": [0, 0, 12, 12], "texture": "#1"},
				"south": {"uv": [0, 0, 12, 12], "texture": "#1"},
				"west": {"uv": [0, 0, 12, 12], "texture": "#1"},
				"up": {"uv": [0, 0, 12, 12], "texture": "#1"},
				"down": {"uv": [0, 0, 12, 12], "texture": "#1"}
			}
		},
		{
			"from": [7.40966, 7.78588, -11.40787],
			"to": [8.59034, 7.90656, -9.36719],
			"rotation": {"angle": 0, "axis": "y", "origin": [8.05, 8.67, -7.2]},
			"faces": {
				"north": {"uv": [0, 0, 16, 16], "texture": "#0"},
				"east": {"uv": [0, 0, 16, 16], "texture": "#0"},
				"south": {"uv": [0, 0, 16, 16], "texture": "#0"},
				"west": {"uv": [0, 0, 16, 16], "texture": "#0"},
				"up": {"uv": [0, 0, 16, 16], "texture": "#0"},
				"down": {"uv": [0, 0, 16, 16], "texture": "#0"}
			}
		},
		{
			"from": [7.40966, 7.38588, -10.20787],
			"to": [7.59034, 7.60656, -9.76719],
			"rotation": {"angle": 0, "axis": "y", "origin": [8.05, 8.27, -6.3]},
			"faces": {
				"north": {"uv": [0, 0, 16, 16], "texture": "#0"},
				"east": {"uv": [0, 0, 16, 16], "texture": "#0"},
				"south": {"uv": [0, 0, 16, 16], "texture": "#0"},
				"west": {"uv": [0, 0, 16, 16], "texture": "#0"},
				"up": {"uv": [0, 0, 16, 16], "texture": "#0"},
				"down": {"uv": [0, 0, 16, 16], "texture": "#0"}
			}
		},
		{
			"from": [7.70966, 8.84435, -8.57668],
			"to": [8.29034, 9.06503, -6.736],
			"rotation": {"angle": 0, "axis": "x", "origin": [8.05, 10.02847, -4.46881]},
			"faces": {
				"north": {"uv": [0, 0, 12, 12], "texture": "#1"},
				"east": {"uv": [0, 0, 12, 12], "texture": "#1"},
				"south": {"uv": [0, 0, 12, 12], "texture": "#1"},
				"west": {"uv": [0, 0, 12, 12], "texture": "#1"},
				"up": {"uv": [0, 0, 12, 12], "texture": "#1"},
				"down": {"uv": [0, 0, 12, 12], "texture": "#1"}
			}
		},
		{
			"from": [7.70966, 9.06503, -7.27668],
			"to": [7.79034, 9.58571, -6.736],
			"rotation": {"angle": 0, "axis": "x", "origin": [8.05, 10.24915, -4.46881]},
			"faces": {
				"north": {"uv": [0, 0, 12, 12], "texture": "#1"},
				"east": {"uv": [0, 0, 12, 12], "texture": "#1"},
				"south": {"uv": [0, 0, 12, 12], "texture": "#1"},
				"west": {"uv": [0, 0, 12, 12], "texture": "#1"},
				"up": {"uv": [0, 0, 12, 12], "texture": "#1"},
				"down": {"uv": [0, 0, 12, 12], "texture": "#1"}
			}
		},
		{
			"from": [7.70966, 6.78525, -7.62996],
			"to": [7.79034, 7.40593, -7.18928],
			"rotation": {"angle": 45, "axis": "x", "origin": [8.05, 8.06937, -4.82209]},
			"faces": {
				"north": {"uv": [0, 0, 12, 12], "texture": "#1"},
				"east": {"uv": [0, 0, 12, 12], "texture": "#1"},
				"south": {"uv": [0, 0, 12, 12], "texture": "#1"},
				"west": {"uv": [0, 0, 12, 12], "texture": "#1"},
				"up": {"uv": [0, 0, 12, 12], "texture": "#1"},
				"down": {"uv": [0, 0, 12, 12], "texture": "#1"}
			}
		},
		{
			"from": [7.70966, 6.74636, -8.06885],
			"to": [7.79034, 6.96704, -7.92817],
			"rotation": {"angle": 45, "axis": "x", "origin": [8.05, 7.63048, -5.26098]},
			"faces": {
				"north": {"uv": [0, 0, 12, 12], "texture": "#1"},
				"east": {"uv": [0, 0, 12, 12], "texture": "#1"},
				"south": {"uv": [0, 0, 12, 12], "texture": "#1"},
				"west": {"uv": [0, 0, 12, 12], "texture": "#1"},
				"up": {"uv": [0, 0, 12, 12], "texture": "#1"},
				"down": {"uv": [0, 0, 12, 12], "texture": "#1"}
			}
		},
		{
			"from": [8.20966, 9.06503, -7.27668],
			"to": [8.29034, 9.58571, -6.736],
			"rotation": {"angle": 0, "axis": "x", "origin": [8.55, 10.24915, -4.46881]},
			"faces": {
				"north": {"uv": [0, 0, 12, 12], "texture": "#1"},
				"east": {"uv": [0, 0, 12, 12], "texture": "#1"},
				"south": {"uv": [0, 0, 12, 12], "texture": "#1"},
				"west": {"uv": [0, 0, 12, 12], "texture": "#1"},
				"up": {"uv": [0, 0, 12, 12], "texture": "#1"},
				"down": {"uv": [0, 0, 12, 12], "texture": "#1"}
			}
		},
		{
			"from": [7.75966, 9.5, -7.27668],
			"to": [8.24034, 9.62068, -6.736],
			"rotation": {"angle": 0, "axis": "x", "origin": [8.5, 10.24915, -4.46881]},
			"faces": {
				"north": {"uv": [0, 0, 12, 12], "texture": "#1"},
				"east": {"uv": [0, 0, 12, 12], "texture": "#1"},
				"south": {"uv": [0, 0, 12, 12], "texture": "#1"},
				"west": {"uv": [0, 0, 12, 12], "texture": "#1"},
				"up": {"uv": [0, 0, 12, 12], "texture": "#1"},
				"down": {"uv": [0, 0, 12, 12], "texture": "#1"}
			}
		},
		{
			"from": [8.20966, 6.78525, -7.62996],
			"to": [8.29034, 7.40593, -7.18928],
			"rotation": {"angle": 45, "axis": "x", "origin": [8.55, 8.06937, -4.82209]},
			"faces": {
				"north": {"uv": [0, 0, 12, 12], "texture": "#1"},
				"east": {"uv": [0, 0, 12, 12], "texture": "#1"},
				"south": {"uv": [0, 0, 12, 12], "texture": "#1"},
				"west": {"uv": [0, 0, 12, 12], "texture": "#1"},
				"up": {"uv": [0, 0, 12, 12], "texture": "#1"},
				"down": {"uv": [0, 0, 12, 12], "texture": "#1"}
			}
		},
		{
			"from": [8.20966, 6.74636, -8.06885],
			"to": [8.29034, 6.96704, -7.92817],
			"rotation": {"angle": 45, "axis": "x", "origin": [8.55, 7.63048, -5.26098]},
			"faces": {
				"north": {"uv": [0, 0, 12, 12], "texture": "#1"},
				"east": {"uv": [0, 0, 12, 12], "texture": "#1"},
				"south": {"uv": [0, 0, 12, 12], "texture": "#1"},
				"west": {"uv": [0, 0, 12, 12], "texture": "#1"},
				"up": {"uv": [0, 0, 12, 12], "texture": "#1"},
				"down": {"uv": [0, 0, 12, 12], "texture": "#1"}
			}
		},
		{
			"from": [7.58965, 7.88588, -6.52651],
			"to": [8.41035, 8.70656, -3.28583],
			"rotation": {"angle": 0, "axis": "y", "origin": [8.02999, 9.07, -6.01864]},
			"faces": {
				"north": {"uv": [0, 0, 12, 12], "texture": "#0"},
				"east": {"uv": [0, 0, 12, 12], "texture": "#0"},
				"south": {"uv": [0, 0, 12, 12], "texture": "#0"},
				"west": {"uv": [0, 0, 12, 12], "texture": "#0"},
				"up": {"uv": [0, 0, 12, 12], "texture": "#0"},
				"down": {"uv": [0, 0, 12, 12], "texture": "#0"}
			}
		},
		{
			"from": [7.58965, 8.70656, -6.52651],
			"to": [8.41035, 8.82724, -3.58583],
			"rotation": {"angle": 0, "axis": "y", "origin": [8.02999, 9.89068, -6.01864]},
			"faces": {
				"north": {"uv": [0, 0, 12, 12], "texture": "#1"},
				"east": {"uv": [0, 0, 12, 12], "texture": "#1"},
				"south": {"uv": [0, 0, 12, 12], "texture": "#1"},
				"west": {"uv": [0, 0, 12, 12], "texture": "#1"},
				"up": {"uv": [0, 0, 12, 12], "texture": "#1"},
				"down": {"uv": [0, 0, 12, 12], "texture": "#1"}
			}
		},
		{
			"from": [7.58965, 7.7652, -6.52651],
			"to": [8.41035, 7.88588, -3.58583],
			"rotation": {"angle": 0, "axis": "y", "origin": [8.02999, 8.84932, -6.01864]},
			"faces": {
				"north": {"uv": [0, 0, 12, 12], "texture": "#1"},
				"east": {"uv": [0, 0, 12, 12], "texture": "#1"},
				"south": {"uv": [0, 0, 12, 12], "texture": "#1"},
				"west": {"uv": [0, 0, 12, 12], "texture": "#1"},
				"up": {"uv": [0, 0, 12, 12], "texture": "#1"},
				"down": {"uv": [0, 0, 12, 12], "texture": "#1"}
			}
		},
		{
			"from": [8.41035, 8.48588, -6.52651],
			"to": [8.53105, 8.70656, -3.58583],
			"rotation": {"angle": 0, "axis": "y", "origin": [8.85069, 9.07, -6.01864]},
			"faces": {
				"north": {"uv": [0, 0, 12, 12], "texture": "#1"},
				"east": {"uv": [0, 0, 12, 12], "texture": "#1"},
				"south": {"uv": [0, 0, 12, 12], "texture": "#1"},
				"west": {"uv": [0, 0, 12, 12], "texture": "#1"},
				"up": {"uv": [0, 0, 12, 12], "texture": "#1"},
				"down": {"uv": [0, 0, 12, 12], "texture": "#1"}
			}
		},
		{
			"from": [8.41035, 8.18588, -11.92651],
			"to": [8.53105, 8.40656, -6.58583],
			"rotation": {"angle": 0, "axis": "y", "origin": [8.85069, 8.77, -10.11864]},
			"faces": {
				"north": {"uv": [0, 0, 12, 12], "texture": "#1"},
				"east": {"uv": [0, 0, 12, 12], "texture": "#1"},
				"south": {"uv": [0, 0, 12, 12], "texture": "#1"},
				"west": {"uv": [0, 0, 12, 12], "texture": "#1"},
				"up": {"uv": [0, 0, 12, 12], "texture": "#1"},
				"down": {"uv": [0, 0, 12, 12], "texture": "#1"}
			}
		},
		{
			"from": [7.46895, 8.18588, -11.92651],
			"to": [7.58965, 8.40656, -6.58583],
			"rotation": {"angle": 0, "axis": "y", "origin": [7.14931, 8.77, -10.11864]},
			"faces": {
				"north": {"uv": [0, 0, 12, 12], "texture": "#1"},
				"east": {"uv": [0, 0, 12, 12], "texture": "#1"},
				"south": {"uv": [0, 0, 12, 12], "texture": "#1"},
				"west": {"uv": [0, 0, 12, 12], "texture": "#1"},
				"up": {"uv": [0, 0, 12, 12], "texture": "#1"},
				"down": {"uv": [0, 0, 12, 12], "texture": "#1"}
			}
		},
		{
			"from": [7.46895, 8.48588, -6.52651],
			"to": [7.58965, 8.70656, -3.58583],
			"rotation": {"angle": 0, "axis": "y", "origin": [7.14931, 9.07, -6.01864]},
			"faces": {
				"north": {"uv": [0, 0, 12, 12], "texture": "#1"},
				"east": {"uv": [0, 0, 12, 12], "texture": "#1"},
				"south": {"uv": [0, 0, 12, 12], "texture": "#1"},
				"west": {"uv": [0, 0, 12, 12], "texture": "#1"},
				"up": {"uv": [0, 0, 12, 12], "texture": "#1"},
				"down": {"uv": [0, 0, 12, 12], "texture": "#1"}
			}
		},
		{
			"from": [8.41035, 8.18588, -6.52651],
			"to": [8.53105, 8.40656, -5.98583],
			"rotation": {"angle": 0, "axis": "y", "origin": [8.85069, 8.77, -9.51864]},
			"faces": {
				"north": {"uv": [0, 0, 12, 12], "texture": "#1"},
				"east": {"uv": [0, 0, 12, 12], "texture": "#1"},
				"south": {"uv": [0, 0, 12, 12], "texture": "#1"},
				"west": {"uv": [0, 0, 12, 12], "texture": "#1"},
				"up": {"uv": [0, 0, 12, 12], "texture": "#1"},
				"down": {"uv": [0, 0, 12, 12], "texture": "#1"}
			}
		},
		{
			"from": [7.46895, 8.18588, -6.52651],
			"to": [7.58965, 8.40656, -5.98583],
			"rotation": {"angle": 0, "axis": "y", "origin": [7.14931, 8.77, -9.51864]},
			"faces": {
				"north": {"uv": [0, 0, 12, 12], "texture": "#1"},
				"east": {"uv": [0, 0, 12, 12], "texture": "#1"},
				"south": {"uv": [0, 0, 12, 12], "texture": "#1"},
				"west": {"uv": [0, 0, 12, 12], "texture": "#1"},
				"up": {"uv": [0, 0, 12, 12], "texture": "#1"},
				"down": {"uv": [0, 0, 12, 12], "texture": "#1"}
			}
		},
		{
			"from": [8.41035, 8.18588, -5.32651],
			"to": [8.53105, 8.40656, -4.78583],
			"rotation": {"angle": 0, "axis": "y", "origin": [8.85069, 8.77, -8.31864]},
			"faces": {
				"north": {"uv": [0, 0, 12, 12], "texture": "#1"},
				"east": {"uv": [0, 0, 12, 12], "texture": "#1"},
				"south": {"uv": [0, 0, 12, 12], "texture": "#1"},
				"west": {"uv": [0, 0, 12, 12], "texture": "#1"},
				"up": {"uv": [0, 0, 12, 12], "texture": "#1"},
				"down": {"uv": [0, 0, 12, 12], "texture": "#1"}
			}
		},
		{
			"from": [7.46895, 8.18588, -5.32651],
			"to": [7.58965, 8.40656, -4.78583],
			"rotation": {"angle": 0, "axis": "y", "origin": [7.14931, 8.77, -8.31864]},
			"faces": {
				"north": {"uv": [0, 0, 12, 12], "texture": "#1"},
				"east": {"uv": [0, 0, 12, 12], "texture": "#1"},
				"south": {"uv": [0, 0, 12, 12], "texture": "#1"},
				"west": {"uv": [0, 0, 12, 12], "texture": "#1"},
				"up": {"uv": [0, 0, 12, 12], "texture": "#1"},
				"down": {"uv": [0, 0, 12, 12], "texture": "#1"}
			}
		},
		{
			"from": [8.41035, 8.18588, -4.12651],
			"to": [8.53105, 8.40656, -3.58583],
			"rotation": {"angle": 0, "axis": "y", "origin": [8.85069, 8.77, -7.11864]},
			"faces": {
				"north": {"uv": [0, 0, 12, 12], "texture": "#1"},
				"east": {"uv": [0, 0, 12, 12], "texture": "#1"},
				"south": {"uv": [0, 0, 12, 12], "texture": "#1"},
				"west": {"uv": [0, 0, 12, 12], "texture": "#1"},
				"up": {"uv": [0, 0, 12, 12], "texture": "#1"},
				"down": {"uv": [0, 0, 12, 12], "texture": "#1"}
			}
		},
		{
			"from": [7.46895, 8.18588, -4.12651],
			"to": [7.58965, 8.40656, -3.58583],
			"rotation": {"angle": 0, "axis": "y", "origin": [7.14931, 8.77, -7.11864]},
			"faces": {
				"north": {"uv": [0, 0, 12, 12], "texture": "#1"},
				"east": {"uv": [0, 0, 12, 12], "texture": "#1"},
				"south": {"uv": [0, 0, 12, 12], "texture": "#1"},
				"west": {"uv": [0, 0, 12, 12], "texture": "#1"},
				"up": {"uv": [0, 0, 12, 12], "texture": "#1"},
				"down": {"uv": [0, 0, 12, 12], "texture": "#1"}
			}
		},
		{
			"from": [8.41035, 7.88588, -6.52651],
			"to": [8.53105, 8.10656, -3.58583],
			"rotation": {"angle": 0, "axis": "y", "origin": [8.85069, 9.07, -6.01864]},
			"faces": {
				"north": {"uv": [0, 0, 12, 12], "texture": "#1"},
				"east": {"uv": [0, 0, 12, 12], "texture": "#1"},
				"south": {"uv": [0, 0, 12, 12], "texture": "#1"},
				"west": {"uv": [0, 0, 12, 12], "texture": "#1"},
				"up": {"uv": [0, 0, 12, 12], "texture": "#1"},
				"down": {"uv": [0, 0, 12, 12], "texture": "#1"}
			}
		},
		{
			"from": [7.46895, 7.88588, -6.52651],
			"to": [7.58965, 8.10656, -3.58583],
			"rotation": {"angle": 0, "axis": "y", "origin": [7.14931, 9.07, -6.01864]},
			"faces": {
				"north": {"uv": [0, 0, 12, 12], "texture": "#1"},
				"east": {"uv": [0, 0, 12, 12], "texture": "#1"},
				"south": {"uv": [0, 0, 12, 12], "texture": "#1"},
				"west": {"uv": [0, 0, 12, 12], "texture": "#1"},
				"up": {"uv": [0, 0, 12, 12], "texture": "#1"},
				"down": {"uv": [0, 0, 12, 12], "texture": "#1"}
			}
		},
		{
			"from": [7.50966, 7.83588, -8.45],
			"to": [8.49034, 8.00656, -6.40932],
			"rotation": {"angle": 0, "axis": "y", "origin": [7.95, 8.97, -7.4]},
			"faces": {
				"north": {"uv": [0, 0, 12, 12], "texture": "#1"},
				"east": {"uv": [0, 0, 12, 12], "texture": "#1"},
				"south": {"uv": [0, 0, 12, 12], "texture": "#1"},
				"west": {"uv": [0, 0, 12, 12], "texture": "#1"},
				"up": {"uv": [0, 0, 12, 12], "texture": "#1"},
				"down": {"uv": [0, 0, 12, 12], "texture": "#1"}
			}
		},
		{
			"from": [7.65966, 7.68588, -8.50787],
			"to": [8.34034, 8.00656, -6.56719],
			"rotation": {"angle": 0, "axis": "y", "origin": [8, 8.97, -7.2]},
			"faces": {
				"north": {"uv": [0, 0, 12, 12], "texture": "#1"},
				"east": {"uv": [0, 0, 12, 12], "texture": "#1"},
				"south": {"uv": [0, 0, 12, 12], "texture": "#1"},
				"west": {"uv": [0, 0, 12, 12], "texture": "#1"},
				"up": {"uv": [0, 0, 12, 12], "texture": "#1"},
				"down": {"uv": [0, 0, 12, 12], "texture": "#1"}
			}
		},
		{
			"from": [7.75966, 8.73588, -11.90787],
			"to": [8.24034, 8.85656, -3.66719],
			"rotation": {"angle": 0, "axis": "y", "origin": [8, 9.12, -7.2]},
			"faces": {
				"north": {"uv": [0, 0, 12, 12], "texture": "#0"},
				"east": {"uv": [0, 0, 12, 12], "texture": "#0"},
				"south": {"uv": [0, 0, 12, 12], "texture": "#0"},
				"west": {"uv": [0, 0, 12, 12], "texture": "#0"},
				"up": {"uv": [0, 0, 12, 12], "texture": "#0"},
				"down": {"uv": [0, 0, 12, 12], "texture": "#0"}
			}
		},
		{
			"from": [7.745, 5.41038, -11.09425],
			"to": [8.255, 7.79038, -9.64425],
			"rotation": {"angle": 0, "axis": "y", "origin": [8.085, 8.37, -9.35]},
			"faces": {
				"north": {"uv": [0, 0, 16, 16], "texture": "#0"},
				"east": {"uv": [0, 0, 16, 16], "texture": "#0"},
				"south": {"uv": [0, 0, 16, 16], "texture": "#0"},
				"west": {"uv": [0, 0, 16, 16], "texture": "#0"},
				"up": {"uv": [0, 0, 16, 16], "texture": "#0"},
				"down": {"uv": [0, 0, 16, 16], "texture": "#0"}
			}
		},
		{
			"from": [7.694, 5.51038, -10.93925],
			"to": [8.306, 7.79038, -10.76925],
			"rotation": {"angle": 0, "axis": "y", "origin": [8.034, 8.37, -10.485]},
			"faces": {
				"north": {"uv": [0, 0, 16, 16], "texture": "#0"},
				"east": {"uv": [0, 0, 16, 16], "texture": "#0"},
				"south": {"uv": [0, 0, 16, 16], "texture": "#0"},
				"west": {"uv": [0, 0, 16, 16], "texture": "#0"},
				"up": {"uv": [0, 0, 16, 16], "texture": "#0"},
				"down": {"uv": [0, 0, 16, 16], "texture": "#0"}
			}
		},
		{
			"from": [7.694, 5.51038, -10.43925],
			"to": [8.306, 7.79038, -10.26925],
			"rotation": {"angle": 0, "axis": "y", "origin": [8.034, 8.37, -9.985]},
			"faces": {
				"north": {"uv": [0, 0, 16, 16], "texture": "#0"},
				"east": {"uv": [0, 0, 16, 16], "texture": "#0"},
				"south": {"uv": [0, 0, 16, 16], "texture": "#0"},
				"west": {"uv": [0, 0, 16, 16], "texture": "#0"},
				"up": {"uv": [0, 0, 16, 16], "texture": "#0"},
				"down": {"uv": [0, 0, 16, 16], "texture": "#0"}
			}
		},
		{
			"from": [7.694, 5.51038, -9.95925],
			"to": [8.306, 7.79038, -9.78925],
			"rotation": {"angle": 0, "axis": "y", "origin": [8.034, 8.37, -9.505]},
			"faces": {
				"north": {"uv": [0, 0, 16, 16], "texture": "#0"},
				"east": {"uv": [0, 0, 16, 16], "texture": "#0"},
				"south": {"uv": [0, 0, 16, 16], "texture": "#0"},
				"west": {"uv": [0, 0, 16, 16], "texture": "#0"},
				"up": {"uv": [0, 0, 16, 16], "texture": "#0"},
				"down": {"uv": [0, 0, 16, 16], "texture": "#0"}
			}
		},
		{
			"from": [7.83, 8.132, -4.26425],
			"to": [8.17, 8.472, 0.27575],
			"rotation": {"angle": 0, "axis": "y", "origin": [8.17, 9.22, -8.4]},
			"faces": {
				"north": {"uv": [0, 0, 12, 12], "texture": "#0"},
				"east": {"uv": [0, 0, 12, 12], "texture": "#0"},
				"south": {"uv": [0, 0, 12, 12], "texture": "#0"},
				"west": {"uv": [0, 0, 12, 12], "texture": "#0"},
				"up": {"uv": [0, 0, 12, 12], "texture": "#0"},
				"down": {"uv": [0, 0, 12, 12], "texture": "#0"}
			}
		},
		{
			"from": [7.78, 8.085, -3.86425],
			"to": [8.22, 8.525, -2.62425],
			"rotation": {"angle": 0, "axis": "y", "origin": [8.12, 9.173, -14.2]},
			"faces": {
				"north": {"uv": [0, 0, 16, 16], "texture": "#0"},
				"east": {"uv": [0, 0, 16, 16], "texture": "#0"},
				"south": {"uv": [0, 0, 16, 16], "texture": "#0"},
				"west": {"uv": [0, 0, 16, 16], "texture": "#0"},
				"up": {"uv": [0, 0, 16, 16], "texture": "#0"},
				"down": {"uv": [0, 0, 16, 16], "texture": "#0"}
			}
		},
		{
			"from": [7.78, 8.085, -1.96425],
			"to": [8.22, 8.525, 0.17575],
			"rotation": {"angle": 0, "axis": "y", "origin": [8.12, 9.173, -12.3]},
			"faces": {
				"north": {"uv": [0, 0, 12, 12], "texture": "#1"},
				"east": {"uv": [0, 0, 12, 12], "texture": "#1"},
				"south": {"uv": [0, 0, 12, 12], "texture": "#1"},
				"west": {"uv": [0, 0, 12, 12], "texture": "#1"},
				"up": {"uv": [0, 0, 12, 12], "texture": "#1"},
				"down": {"uv": [0, 0, 12, 12], "texture": "#1"}
			}
		},
		{
			"from": [7.915, 7.15988, -7.82189],
			"to": [8.085, 7.19388, -6.94189],
			"rotation": {"angle": 0, "axis": "y", "origin": [8.255, 8.99588, -5.49764]},
			"faces": {
				"north": {"uv": [0, 0, 16, 16], "texture": "#0"},
				"east": {"uv": [0, 0, 16, 16], "texture": "#0"},
				"south": {"uv": [0, 0, 16, 16], "texture": "#0"},
				"west": {"uv": [0, 0, 16, 16], "texture": "#0"},
				"up": {"uv": [0, 0, 16, 16], "texture": "#0"},
				"down": {"uv": [0, 0, 16, 16], "texture": "#0"}
			}
		},
		{
			"from": [7.915, 7.77737, -4.79465],
			"to": [8.085, 7.95737, -4.76065],
			"rotation": {"angle": 45, "axis": "x", "origin": [8.255, 10.10162, -6.59665]},
			"faces": {
				"north": {"uv": [0, 0, 16, 16], "rotation": 180, "texture": "#0"},
				"east": {"uv": [0, 0, 16, 16], "rotation": 180, "texture": "#0"},
				"south": {"uv": [0, 0, 16, 16], "rotation": 180, "texture": "#0"},
				"west": {"uv": [0, 0, 16, 16], "rotation": 180, "texture": "#0"},
				"up": {"uv": [0, 0, 16, 16], "rotation": 180, "texture": "#0"},
				"down": {"uv": [0, 0, 16, 16], "rotation": 180, "texture": "#0"}
			}
		},
		{
			"from": [7.915, 7.28716, -6.84861],
			"to": [8.085, 7.76716, -6.81461],
			"rotation": {"angle": 0, "axis": "x", "origin": [8.255, 9.61141, -8.65061]},
			"faces": {
				"north": {"uv": [0, 0, 16, 16], "rotation": 180, "texture": "#0"},
				"east": {"uv": [0, 0, 16, 16], "rotation": 180, "texture": "#0"},
				"south": {"uv": [0, 0, 16, 16], "rotation": 180, "texture": "#0"},
				"west": {"uv": [0, 0, 16, 16], "rotation": 180, "texture": "#0"},
				"up": {"uv": [0, 0, 16, 16], "rotation": 180, "texture": "#0"},
				"down": {"uv": [0, 0, 16, 16], "rotation": 180, "texture": "#0"}
			}
		},
		{
			"from": [7.915, 7.22068, -7.42592],
			"to": [8.085, 7.39068, -7.29192],
			"rotation": {"angle": -22.5, "axis": "x", "origin": [8.255, 7.69668, -7.49392]},
			"faces": {
				"north": {"uv": [0, 0, 16, 16], "texture": "#0"},
				"east": {"uv": [0, 0, 16, 16], "texture": "#0"},
				"south": {"uv": [0, 0, 16, 16], "texture": "#0"},
				"west": {"uv": [0, 0, 16, 16], "texture": "#0"},
				"up": {"uv": [0, 0, 16, 16], "texture": "#0"},
				"down": {"uv": [0, 0, 16, 16], "texture": "#0"}
			}
		},
		{
			"from": [7.915, 7.44, -7.314],
			"to": [8.085, 8.12, -7.18],
			"rotation": {"angle": 0, "axis": "y", "origin": [8.255, 8.97, -4.9]},
			"faces": {
				"north": {"uv": [0, 0, 16, 16], "texture": "#0"},
				"east": {"uv": [0, 0, 16, 16], "texture": "#0"},
				"south": {"uv": [0, 0, 16, 16], "texture": "#0"},
				"west": {"uv": [0, 0, 16, 16], "texture": "#0"},
				"up": {"uv": [0, 0, 16, 16], "texture": "#0"},
				"down": {"uv": [0, 0, 16, 16], "texture": "#0"}
			}
		},
		{
			"from": [7.5634, 6.56093, -12.12038],
			"to": [8.4366, 8.69413, -11.64718],
			"rotation": {"angle": 0, "axis": "y", "origin": [8.1, 9.17, -8.2]},
			"faces": {
				"north": {"uv": [0, 0, 12, 12], "rotation": 180, "texture": "#1"},
				"east": {"uv": [0, 0, 12, 12], "rotation": 180, "texture": "#1"},
				"south": {"uv": [0, 0, 12, 12], "rotation": 180, "texture": "#1"},
				"west": {"uv": [0, 0, 12, 12], "rotation": 180, "texture": "#1"},
				"up": {"uv": [0, 0, 12, 12], "rotation": 180, "texture": "#1"},
				"down": {"uv": [0, 0, 12, 12], "rotation": 180, "texture": "#1"}
			}
		},
		{
			"from": [7.68965, 5.92384, -5.62651],
			"to": [7.81035, 7.64452, -5.18583],
			"rotation": {"angle": 0, "axis": "y", "origin": [7.92999, 8.60796, -7.01864]},
			"faces": {
				"north": {"uv": [0, 0, 16, 16], "texture": "#0"},
				"east": {"uv": [0, 0, 16, 16], "texture": "#0"},
				"south": {"uv": [0, 0, 16, 16], "texture": "#0"},
				"west": {"uv": [0, 0, 16, 16], "texture": "#0"},
				"up": {"uv": [0, 0, 16, 16], "texture": "#0"},
				"down": {"uv": [0, 0, 16, 16], "texture": "#0"}
			}
		},
		{
			"from": [7.78965, 5.92384, -5.72651],
			"to": [8.21035, 7.64452, -5.08583],
			"rotation": {"angle": 0, "axis": "y", "origin": [8.02999, 8.60796, -7.01864]},
			"faces": {
				"north": {"uv": [0, 0, 16, 16], "texture": "#0"},
				"east": {"uv": [0, 0, 16, 16], "texture": "#0"},
				"south": {"uv": [0, 0, 16, 16], "texture": "#0"},
				"west": {"uv": [0, 0, 16, 16], "texture": "#0"},
				"up": {"uv": [0, 0, 16, 16], "texture": "#0"},
				"down": {"uv": [0, 0, 16, 16], "texture": "#0"}
			}
		},
		{
			"from": [7.63965, 7.54452, -5.92651],
			"to": [8.36035, 7.7652, -4.58583],
			"rotation": {"angle": 0, "axis": "y", "origin": [8.07999, 8.82864, -7.01864]},
			"faces": {
				"north": {"uv": [0, 0, 16, 16], "texture": "#0"},
				"east": {"uv": [0, 0, 16, 16], "texture": "#0"},
				"south": {"uv": [0, 0, 16, 16], "texture": "#0"},
				"west": {"uv": [0, 0, 16, 16], "texture": "#0"},
				"up": {"uv": [0, 0, 16, 16], "texture": "#0"},
				"down": {"uv": [0, 0, 16, 16], "texture": "#0"}
			}
		},
		{
			"from": [8.43965, 8.12384, -5.48583],
			"to": [8.76035, 8.44452, -4.64515],
			"rotation": {"angle": 0, "axis": "z", "origin": [8.67999, 9.40796, -6.87796]},
			"faces": {
				"north": {"uv": [0, 0, 12, 12], "texture": "#1"},
				"east": {"uv": [0, 0, 12, 12], "texture": "#1"},
				"south": {"uv": [0, 0, 12, 12], "texture": "#1"},
				"west": {"uv": [0, 0, 12, 12], "texture": "#1"},
				"up": {"uv": [0, 0, 12, 12], "texture": "#1"},
				"down": {"uv": [0, 0, 12, 12], "texture": "#1"}
			}
		},
		{
			"from": [8.76035, 8.22384, -4.88583],
			"to": [8.78105, 8.34452, -4.74515],
			"rotation": {"angle": 0, "axis": "z", "origin": [9.00069, 9.40796, -6.87796]},
			"faces": {
				"north": {"uv": [14, 14, 16, 16], "texture": "#1"},
				"east": {"uv": [14, 14, 16, 16], "texture": "#1"},
				"south": {"uv": [14, 14, 16, 16], "texture": "#1"},
				"west": {"uv": [14, 14, 16, 16], "texture": "#1"},
				"up": {"uv": [14, 14, 16, 16], "texture": "#1"},
				"down": {"uv": [14, 14, 16, 16], "texture": "#1"}
			}
		},
		{
			"from": [8.76035, 8.22384, -5.08583],
			"to": [8.78105, 8.34452, -4.94515],
			"rotation": {"angle": 0, "axis": "z", "origin": [9.00069, 9.40796, -7.07796]},
			"faces": {
				"north": {"uv": [12, 14, 14, 16], "texture": "#1"},
				"east": {"uv": [12, 14, 14, 16], "texture": "#1"},
				"south": {"uv": [12, 14, 14, 16], "texture": "#1"},
				"west": {"uv": [12, 14, 14, 16], "texture": "#1"},
				"up": {"uv": [12, 14, 14, 16], "texture": "#1"},
				"down": {"uv": [12, 14, 14, 16], "texture": "#1"}
			}
		},
		{
			"from": [8.76035, 8.22384, -5.28583],
			"to": [8.78105, 8.34452, -5.14515],
			"rotation": {"angle": 0, "axis": "z", "origin": [9.00069, 9.40796, -7.27796]},
			"faces": {
				"north": {"uv": [14, 10, 16, 12], "texture": "#1"},
				"east": {"uv": [14, 10, 16, 12], "texture": "#1"},
				"south": {"uv": [14, 10, 16, 12], "texture": "#1"},
				"west": {"uv": [14, 10, 16, 12], "texture": "#1"},
				"up": {"uv": [14, 10, 16, 12], "texture": "#1"},
				"down": {"uv": [14, 10, 16, 12], "texture": "#1"}
			}
		},
		{
			"from": [8.48965, 8.18, -4.64515],
			"to": [8.71035, 8.40068, -4.60447],
			"rotation": {"angle": 0, "axis": "z", "origin": [8.62999, 9.50796, -6.83728]},
			"faces": {
				"north": {"uv": [14, 14, 16, 16], "texture": "#1"},
				"east": {"uv": [14, 14, 16, 16], "texture": "#1"},
				"south": {"uv": [14, 14, 16, 16], "texture": "#1"},
				"west": {"uv": [14, 14, 16, 16], "texture": "#1"},
				"up": {"uv": [14, 14, 16, 16], "texture": "#1"},
				"down": {"uv": [14, 14, 16, 16], "texture": "#1"}
			}
		},
		{
			"from": [8.18965, 5.92384, -5.62651],
			"to": [8.31035, 7.64452, -5.18583],
			"rotation": {"angle": 0, "axis": "y", "origin": [8.42999, 8.60796, -7.01864]},
			"faces": {
				"north": {"uv": [0, 0, 16, 16], "texture": "#0"},
				"east": {"uv": [0, 0, 16, 16], "texture": "#0"},
				"south": {"uv": [0, 0, 16, 16], "texture": "#0"},
				"west": {"uv": [0, 0, 16, 16], "texture": "#0"},
				"up": {"uv": [0, 0, 16, 16], "texture": "#0"},
				"down": {"uv": [0, 0, 16, 16], "texture": "#0"}
			}
		}
	],
	"display": {
		"thirdperson_righthand": {
			"rotation": [1, 180, 0],
			"translation": [-0.5, 1, -24.3],
			"scale": [1.6, 1.6, 1.6]
		},
		"thirdperson_lefthand": {
			"rotation": [1, 180, 0],
			"translation": [-0.5, 1, -24.3],
			"scale": [1.6, 1.6, 1.6]
		},
		"firstperson_righthand": {
			"rotation": [0, 168, 0],
			"translation": [6, 5.5, -10]
		},
		"firstperson_lefthand": {
			"rotation": [0, 176, 0],
			"translation": [3.75, 5.5, -10]
		},
		"ground": {
			"rotation": [0, 0, 90],
			"translation": [0, -1, 23.75],
			"scale": [1.6, 1.6, 1.6]
		},
		"gui": {
			"rotation": [-90, -45, -90],
			"translation": [-9.5, 10.25, 0]
		},
		"head": {
			"rotation": [89, -50, 90],
			"translation": [-29.5, -39, 4],
			"scale": [2.6, 2.6, 2.6]
		},
		"fixed": {
			"rotation": [0, -90, 0],
			"translation": [-50, -0.3, -0.75],
			"scale": [3.4, 3.4, 3.4]
		}
	},
	"groups": [
		{
			"name": "m4a1",
			"origin": [8, 8, 8],
			"children": [0, 1, 2, 3, 4, 5, 6, 7, 8, 9, 10, 11, 12, 13, 14, 15, 16, 17, 18, 19, 20, 21, 22, 23, 24, 25, 26, 27, 28, 29, 30, 31, 32, 33, 34, 35, 36, 37,
				{
					"name": "group",
					"origin": [8.034, 7.77, 6.715],
					"children": []
				}, 38, 39, 40, 41, 42, 43, 44, 45, 46, 47, 48, 49, 50, 51, 52, 53, 54, 55, 56]
		}
	]
}