{"data":7,"parent":"item/generated","textures":{"layer0":"item/leather_horse_armor"},"overrides":[{"predicate":{"custom_model_data":1},"model":"modelengine:kindletronjr/head"},{"predicate":{"custom_model_data":2},"model":"modelengine:kindletronjr/rightarm"},{"predicate":{"custom_model_data":3},"model":"modelengine:kindletronjr/leftarm"},{"predicate":{"custom_model_data":4},"model":"modelengine:kindletronjr/leftleg"},{"predicate":{"custom_model_data":5},"model":"modelengine:kindletronjr/rightleg"},{"predicate":{"custom_model_data":6},"model":"modelengine:kindletronjr/torso"},{"predicate":{"custom_model_data":7},"model":"modelengine:rimuru/body"}]}