{
	"credit": "Made with Blockbench",
	"texture_size": [32, 32],
	"textures": {
		"0": "./tabby",
		"particle": "./tabby"
	},
	"elements": [
		{
			"from": [4.45, 15, 8],
			"to": [5.45, 16, 9],
			"rotation": {"angle": 22.5, "axis": "y", "origin": [4.75, 20, 9]},
			"faces": {
				"north": {"uv": [1.125, 15.25, 1.25, 15.375], "texture": "#0"},
				"east": {"uv": [1.125, 15.25, 1.25, 15.375], "texture": "#0"},
				"south": {"uv": [1.125, 15.25, 1.25, 15.375], "texture": "#0"},
				"west": {"uv": [1.125, 15.25, 1.25, 15.375], "texture": "#0"},
				"up": {"uv": [1.125, 15.25, 1.25, 15.375], "texture": "#0"},
				"down": {"uv": [1.125, 15.25, 1.25, 15.375], "texture": "#0"}
			}
		},
		{
			"from": [4.45, 10, 9],
			"to": [5.45, 15, 10],
			"rotation": {"angle": 22.5, "axis": "y", "origin": [4.75, 15, 9]},
			"faces": {
				"north": {"uv": [1.625, 15.375, 1.75, 16], "texture": "#0"},
				"east": {"uv": [1.625, 15.375, 1.75, 16], "texture": "#0"},
				"south": {"uv": [1.625, 15.375, 1.75, 16], "texture": "#0"},
				"west": {"uv": [1.625, 15.375, 1.75, 16], "texture": "#0"},
				"up": {"uv": [1.625, 15.375, 1.75, 15.5], "texture": "#0"},
				"down": {"uv": [1.625, 15.375, 1.75, 16], "texture": "#0"}
			}
		},
		{
			"from": [3.45, 10, 8],
			"to": [6.45, 15, 9],
			"rotation": {"angle": 22.5, "axis": "y", "origin": [4.75, 15, 9]},
			"faces": {
				"north": {"uv": [1.125, 15.375, 1.5, 16], "texture": "#0"},
				"east": {"uv": [1.5, 15.375, 1.625, 16], "texture": "#0"},
				"south": {"uv": [1.625, 15.375, 2, 16], "texture": "#0"},
				"west": {"uv": [1.5, 15.375, 1.625, 16], "texture": "#0"},
				"up": {"uv": [1.125, 15.375, 1.5, 15.5], "texture": "#0"},
				"down": {"uv": [1.125, 15.375, 1.5, 16], "texture": "#0"}
			}
		},
		{
			"from": [10.55, 15, 8],
			"to": [11.55, 16, 9],
			"rotation": {"angle": -22.5, "axis": "y", "origin": [11.25, 20, 9]},
			"faces": {
				"north": {"uv": [1.25, 15.25, 1.125, 15.375], "texture": "#0"},
				"east": {"uv": [1.25, 15.25, 1.125, 15.375], "texture": "#0"},
				"south": {"uv": [1.25, 15.25, 1.125, 15.375], "texture": "#0"},
				"west": {"uv": [1.25, 15.25, 1.125, 15.375], "texture": "#0"},
				"up": {"uv": [1.25, 15.25, 1.125, 15.375], "texture": "#0"},
				"down": {"uv": [1.25, 15.25, 1.125, 15.375], "texture": "#0"}
			}
		},
		{
			"from": [10.55, 10, 9],
			"to": [11.55, 15, 10],
			"rotation": {"angle": -22.5, "axis": "y", "origin": [11.25, 15, 9]},
			"faces": {
				"north": {"uv": [1.75, 15.375, 1.625, 16], "texture": "#0"},
				"east": {"uv": [1.75, 15.375, 1.625, 16], "texture": "#0"},
				"south": {"uv": [1.75, 15.375, 1.625, 16], "texture": "#0"},
				"west": {"uv": [1.75, 15.375, 1.625, 16], "texture": "#0"},
				"up": {"uv": [1.75, 15.375, 1.625, 15.5], "texture": "#0"},
				"down": {"uv": [1.75, 15.375, 1.625, 16], "texture": "#0"}
			}
		},
		{
			"from": [9.55, 10, 8],
			"to": [12.55, 15, 9],
			"rotation": {"angle": -22.5, "axis": "y", "origin": [11.25, 15, 9]},
			"faces": {
				"north": {"uv": [1.5, 15.375, 1.125, 16], "texture": "#0"},
				"east": {"uv": [1.5, 15.375, 1.625, 16], "texture": "#0"},
				"south": {"uv": [2, 15.375, 1.625, 16], "texture": "#0"},
				"west": {"uv": [1.5, 15.375, 1.625, 16], "texture": "#0"},
				"up": {"uv": [1.5, 15.25, 1.125, 15.375], "texture": "#0"},
				"down": {"uv": [1.5, 15.375, 1.125, 16], "texture": "#0"}
			}
		}
	],
	"display": {
		"thirdperson_righthand": {
			"rotation": [75, 45, 0],
			"translation": [0, 2.5, 0]
		},
		"thirdperson_lefthand": {
			"rotation": [75, 45, 0],
			"translation": [0, 2.5, 0]
		},
		"firstperson_righthand": {
			"rotation": [0, 45, 0]
		},
		"firstperson_lefthand": {
			"rotation": [0, 45, 0]
		},
		"gui": {
			"rotation": [30, -135, 0],
			"translation": [1, -3.25, 0]
		},
		"head": {
			"translation": [0, 0.25, -1.25],
			"scale": [1.5, 1.5, 1.5]
		},
		"fixed": {
			"translation": [0, 0, 12.75],
			"scale": [4, 4, 4]
		}
	},
	"groups": [
		{
			"name": "group",
			"origin": [5.5, 20, 9],
			"children": [0, 1, 2]
		},
		{
			"name": "group",
			"origin": [5.5, 20, 9],
			"children": [3, 4, 5]
		}
	]
}